timestep,hour,time_sin,time_cos,intersection_id,volume,queue_length,avg_waiting_time,occupancy,density,avg_speed,congestion_index
0,0.0,0.0,1.0,A,32,8,10.73,0.32,105.6,10.21,0.208
0,0.0,0.0,1.0,B,38,12,14.03,0.38,125.4,10.69,0.26
0,0.0,0.0,1.0,C,42,14,13.63,0.42,138.6,9.51,0.283
0,0.0,0.0,1.0,D,48,12,12.36,0.48,158.4,9.69,0.299
1,0.1,0.0262,0.9997,A,25,6,7.27,0.25,82.5,11.1,0.158
1,0.1,0.0262,0.9997,B,27,5,7.31,0.27,89.1,11.56,0.163
1,0.1,0.0262,0.9997,C,42,13,14.48,0.42,138.6,9.5,0.283
1,0.1,0.0262,0.9997,D,56,23,22.31,0.56,184.8,8.12,0.407
2,0.2,0.0523,0.9986,A,29,5,5.39,0.29,95.7,10.95,0.166
2,0.2,0.0523,0.9986,B,39,9,10.73,0.39,128.7,10.64,0.243
2,0.2,0.0523,0.9986,C,39,12,15.08,0.39,128.7,10.2,0.268
2,0.2,0.0523,0.9986,D,56,21,19.94,0.56,184.8,7.65,0.392
3,0.3,0.0785,0.9969,A,27,9,9.77,0.27,89.1,10.69,0.186
3,0.3,0.0785,0.9969,B,38,12,14.12,0.38,125.4,10.63,0.26
3,0.3,0.0785,0.9969,C,41,12,14.65,0.41,135.3,9.14,0.275
3,0.3,0.0785,0.9969,D,57,23,21.85,0.57,188.1,8.14,0.41
4,0.4,0.1045,0.9945,A,33,12,14.75,0.33,108.9,10.15,0.24
4,0.4,0.1045,0.9945,B,37,13,14.3,0.37,122.1,10.68,0.26
4,0.4,0.1045,0.9945,C,44,17,17.54,0.44,145.2,9.41,0.316
4,0.4,0.1045,0.9945,D,52,17,17.48,0.52,171.6,9.35,0.352
5,0.5,0.1305,0.9914,A,29,8,9.44,0.29,95.7,10.67,0.19
5,0.5,0.1305,0.9914,B,40,12,11.84,0.4,132.0,9.78,0.261
5,0.5,0.1305,0.9914,C,49,18,19.51,0.49,161.7,9.81,0.349
5,0.5,0.1305,0.9914,D,53,20,18.44,0.53,174.9,9.07,0.37
6,0.6,0.1564,0.9877,A,28,4,7.67,0.28,92.4,9.83,0.166
6,0.6,0.1564,0.9877,B,39,11,11.7,0.39,128.7,9.95,0.253
6,0.6,0.1564,0.9877,C,44,15,15.83,0.44,145.2,9.13,0.303
6,0.6,0.1564,0.9877,D,58,24,22.6,0.58,191.4,7.41,0.42
7,0.7,0.1822,0.9833,A,30,12,11.41,0.3,99.0,11.2,0.215
7,0.7,0.1822,0.9833,B,36,9,10.61,0.36,118.8,10.17,0.229
7,0.7,0.1822,0.9833,C,50,20,18.95,0.5,165.0,8.62,0.358
7,0.7,0.1822,0.9833,D,58,27,26.09,0.58,191.4,8.94,0.442
8,0.8,0.2079,0.9781,A,25,5,5.41,0.25,82.5,12.3,0.148
8,0.8,0.2079,0.9781,B,41,13,12.96,0.41,135.3,9.71,0.273
8,0.8,0.2079,0.9781,C,40,13,14.81,0.4,132.0,10.3,0.275
8,0.8,0.2079,0.9781,D,51,18,16.75,0.51,168.3,8.48,0.348
9,0.9,0.2334,0.9724,A,33,6,9.37,0.33,108.9,11.36,0.201
9,0.9,0.2334,0.9724,B,48,16,18.19,0.48,158.4,9.11,0.333
9,0.9,0.2334,0.9724,C,46,17,16.81,0.46,151.8,10.06,0.323
9,0.9,0.2334,0.9724,D,48,18,16.64,0.48,158.4,9.82,0.334
10,1.0,0.2588,0.9659,A,31,7,6.97,0.31,102.3,10.96,0.187
10,1.0,0.2588,0.9659,B,32,10,10.4,0.32,105.6,11.43,0.214
10,1.0,0.2588,0.9659,C,40,14,14.2,0.4,132.0,10.38,0.276
10,1.0,0.2588,0.9659,D,58,25,24.52,0.58,191.4,8.71,0.43
11,1.1,0.284,0.9588,A,28,5,6.31,0.28,92.4,11.6,0.165
11,1.1,0.284,0.9588,B,36,13,14.06,0.36,118.8,10.65,0.254
11,1.1,0.284,0.9588,C,43,19,17.93,0.43,141.9,9.22,0.32
11,1.1,0.284,0.9588,D,56,23,21.26,0.56,184.8,8.37,0.403
12,1.2,0.309,0.9511,A,28,8,7.86,0.28,92.4,11.1,0.18
12,1.2,0.309,0.9511,B,40,11,11.89,0.4,132.0,10.38,0.258
12,1.2,0.309,0.9511,C,42,15,14.43,0.42,138.6,10.15,0.29
12,1.2,0.309,0.9511,D,52,21,19.24,0.52,171.6,9.71,0.372
13,1.3,0.3338,0.9426,A,30,5,8.76,0.3,99.0,11.4,0.182
13,1.3,0.3338,0.9426,B,42,11,11.52,0.42,138.6,10.49,0.266
13,1.3,0.3338,0.9426,C,47,17,18.92,0.47,155.1,9.33,0.334
13,1.3,0.3338,0.9426,D,56,25,24.85,0.56,184.8,8.44,0.422
14,1.4,0.3584,0.9336,A,34,11,13.91,0.34,112.2,10.0,0.238
14,1.4,0.3584,0.9336,B,30,8,7.94,0.3,99.0,10.54,0.189
14,1.4,0.3584,0.9336,C,55,18,17.45,0.55,181.5,8.33,0.369
14,1.4,0.3584,0.9336,D,52,18,18.39,0.52,171.6,8.66,0.358
15,1.5,0.3827,0.9239,A,26,7,9.44,0.26,85.8,12.55,0.173
15,1.5,0.3827,0.9239,B,45,18,20.2,0.45,148.5,9.92,0.333
15,1.5,0.3827,0.9239,C,35,10,12.68,0.35,115.5,10.26,0.235
15,1.5,0.3827,0.9239,D,44,13,12.74,0.44,145.2,10.44,0.286
16,1.6,0.4067,0.9135,A,27,5,7.45,0.27,89.1,11.73,0.164
16,1.6,0.4067,0.9135,B,43,15,16.2,0.43,141.9,10.53,0.3
16,1.6,0.4067,0.9135,C,38,10,10.92,0.38,125.4,10.07,0.242
16,1.6,0.4067,0.9135,D,60,26,24.99,0.6,198.0,7.58,0.444
17,1.7,0.4305,0.9026,A,28,4,5.99,0.28,92.4,11.93,0.16
17,1.7,0.4305,0.9026,B,43,13,14.55,0.43,141.9,9.47,0.288
17,1.7,0.4305,0.9026,C,50,18,18.93,0.5,165.0,8.92,0.351
17,1.7,0.4305,0.9026,D,52,21,21.15,0.52,171.6,8.89,0.378
18,1.8,0.454,0.891,A,37,8,9.63,0.37,122.1,10.63,0.227
18,1.8,0.454,0.891,B,37,11,13.97,0.37,122.1,10.23,0.252
18,1.8,0.454,0.891,C,46,14,13.18,0.46,151.8,9.85,0.3
18,1.8,0.454,0.891,D,50,17,18.24,0.5,165.0,8.84,0.345
19,1.9,0.4772,0.8788,A,34,10,12.44,0.34,112.2,10.26,0.229
19,1.9,0.4772,0.8788,B,41,14,16.13,0.41,135.3,9.54,0.287
19,1.9,0.4772,0.8788,C,44,15,15.24,0.44,145.2,9.27,0.301
19,1.9,0.4772,0.8788,D,57,26,26.12,0.57,188.1,8.12,0.435
20,2.0,0.5,0.866,A,35,10,10.78,0.35,115.5,10.36,0.228
20,2.0,0.5,0.866,B,41,12,15.0,0.41,135.3,9.59,0.277
20,2.0,0.5,0.866,C,45,16,17.13,0.45,148.5,8.61,0.316
20,2.0,0.5,0.866,D,50,21,21.86,0.5,165.0,8.42,0.371
21,2.1,0.5225,0.8526,A,32,10,9.86,0.32,105.6,10.42,0.212
21,2.1,0.5225,0.8526,B,37,6,9.65,0.37,122.1,11.17,0.22
21,2.1,0.5225,0.8526,C,41,12,11.77,0.41,135.3,10.2,0.266
21,2.1,0.5225,0.8526,D,58,23,23.84,0.58,191.4,8.35,0.421
22,2.2,0.5446,0.8387,A,27,7,7.29,0.27,89.1,11.83,0.17
22,2.2,0.5446,0.8387,B,35,8,8.13,0.35,115.5,11.16,0.213
22,2.2,0.5446,0.8387,C,46,18,18.0,0.46,151.8,9.26,0.33
22,2.2,0.5446,0.8387,D,52,18,16.78,0.52,171.6,8.8,0.353
23,2.3,0.5664,0.8241,A,31,6,9.08,0.31,102.3,11.11,0.191
23,2.3,0.5664,0.8241,B,37,8,11.27,0.37,122.1,9.86,0.232
23,2.3,0.5664,0.8241,C,46,16,14.9,0.46,151.8,9.65,0.313
23,2.3,0.5664,0.8241,D,52,24,24.18,0.52,171.6,9.03,0.399
24,2.4,0.5878,0.809,A,39,10,11.84,0.39,128.7,10.04,0.25
24,2.4,0.5878,0.809,B,41,10,10.25,0.41,135.3,10.29,0.254
24,2.4,0.5878,0.809,C,35,9,10.98,0.35,115.5,9.52,0.226
24,2.4,0.5878,0.809,D,54,22,20.35,0.54,178.2,9.12,0.388
25,2.5,0.6088,0.7934,A,24,9,12.38,0.24,79.2,11.51,0.181
25,2.5,0.6088,0.7934,B,36,11,11.87,0.36,118.8,9.83,0.24
25,2.5,0.6088,0.7934,C,44,17,17.11,0.44,145.2,9.55,0.315
25,2.5,0.6088,0.7934,D,52,20,22.0,0.52,171.6,8.98,0.377
26,2.6,0.6293,0.7771,A,30,8,10.88,0.3,99.0,10.81,0.199
26,2.6,0.6293,0.7771,B,30,5,7.94,0.3,99.0,11.23,0.179
26,2.6,0.6293,0.7771,C,38,14,13.35,0.38,125.4,10.31,0.265
26,2.6,0.6293,0.7771,D,61,27,27.36,0.61,201.3,8.73,0.46
27,2.7,0.6494,0.7604,A,39,15,17.26,0.39,128.7,9.58,0.286
27,2.7,0.6494,0.7604,B,36,13,12.9,0.36,118.8,10.82,0.251
27,2.7,0.6494,0.7604,C,49,14,14.47,0.49,161.7,9.56,0.318
27,2.7,0.6494,0.7604,D,51,19,20.28,0.51,168.3,7.84,0.364
28,2.8,0.6691,0.7431,A,37,8,11.25,0.37,122.1,10.28,0.232
28,2.8,0.6691,0.7431,B,41,12,15.12,0.41,135.3,9.06,0.277
28,2.8,0.6691,0.7431,C,35,9,11.18,0.35,115.5,10.42,0.226
28,2.8,0.6691,0.7431,D,52,17,16.83,0.52,171.6,9.07,0.35
29,2.9,0.6884,0.7254,A,29,9,11.32,0.29,95.7,10.84,0.2
29,2.9,0.6884,0.7254,B,35,8,8.15,0.35,115.5,10.2,0.213
29,2.9,0.6884,0.7254,C,44,12,12.03,0.44,145.2,9.63,0.28
29,2.9,0.6884,0.7254,D,42,13,15.25,0.42,138.6,9.82,0.285
30,3.0,0.7071,0.7071,A,26,7,10.44,0.26,85.8,11.78,0.176
30,3.0,0.7071,0.7071,B,34,8,8.64,0.34,112.2,10.87,0.21
30,3.0,0.7071,0.7071,C,43,9,11.12,0.43,141.9,9.39,0.262
30,3.0,0.7071,0.7071,D,42,15,17.33,0.42,138.6,9.31,0.299
31,3.1,0.7254,0.6884,A,43,16,15.03,0.43,141.9,10.46,0.3
31,3.1,0.7254,0.6884,B,26,4,5.91,0.26,85.8,10.9,0.151
31,3.1,0.7254,0.6884,C,42,11,10.83,0.42,138.6,9.91,0.264
31,3.1,0.7254,0.6884,D,56,25,24.24,0.56,184.8,8.77,0.42
32,3.2,0.7431,0.6691,A,30,6,8.45,0.3,99.0,10.74,0.184
32,3.2,0.7431,0.6691,B,44,14,14.35,0.44,145.2,9.27,0.295
32,3.2,0.7431,0.6691,C,49,21,20.27,0.49,161.7,9.13,0.362
32,3.2,0.7431,0.6691,D,53,20,18.61,0.53,174.9,8.61,0.371
33,3.3,0.7604,0.6494,A,27,5,6.0,0.27,89.1,10.84,0.159
33,3.3,0.7604,0.6494,B,35,5,9.18,0.35,115.5,10.82,0.206
33,3.3,0.7604,0.6494,C,43,12,15.08,0.43,141.9,9.82,0.286
33,3.3,0.7604,0.6494,D,53,19,19.82,0.53,174.9,8.46,0.371
34,3.4,0.7771,0.6293,A,30,9,10.94,0.3,99.0,11.43,0.203
34,3.4,0.7771,0.6293,B,34,8,9.5,0.34,112.2,10.08,0.213
34,3.4,0.7771,0.6293,C,37,11,10.81,0.37,122.1,9.52,0.241
34,3.4,0.7771,0.6293,D,56,20,19.92,0.56,184.8,8.57,0.388
35,3.5,0.7934,0.6088,A,27,7,8.3,0.27,89.1,10.96,0.174
35,3.5,0.7934,0.6088,B,40,14,15.28,0.4,132.0,10.38,0.28
35,3.5,0.7934,0.6088,C,33,7,8.35,0.33,108.9,10.76,0.201
35,3.5,0.7934,0.6088,D,52,20,21.37,0.52,171.6,9.62,0.375
36,3.6,0.809,0.5878,A,31,7,7.76,0.31,102.3,10.71,0.19
36,3.6,0.809,0.5878,B,36,11,12.44,0.36,118.8,10.9,0.242
36,3.6,0.809,0.5878,C,49,17,17.02,0.49,161.7,8.99,0.337
36,3.6,0.809,0.5878,D,58,23,21.76,0.58,191.4,7.13,0.414
37,3.7,0.8241,0.5664,A,30,11,11.28,0.3,99.0,10.85,0.211
37,3.7,0.8241,0.5664,B,41,14,15.4,0.41,135.3,9.94,0.285
37,3.7,0.8241,0.5664,C,38,13,12.61,0.38,125.4,10.44,0.259
37,3.7,0.8241,0.5664,D,58,26,26.25,0.58,191.4,8.29,0.44
38,3.8,0.8387,0.5446,A,28,5,6.24,0.28,92.4,11.91,0.164
38,3.8,0.8387,0.5446,B,39,11,13.64,0.39,128.7,10.51,0.259
38,3.8,0.8387,0.5446,C,43,12,14.39,0.43,141.9,9.49,0.283
38,3.8,0.8387,0.5446,D,50,20,20.56,0.5,165.0,9.51,0.364
39,3.9,0.8526,0.5225,A,32,12,12.21,0.32,105.6,10.24,0.227
39,3.9,0.8526,0.5225,B,35,10,11.1,0.35,115.5,10.9,0.23
39,3.9,0.8526,0.5225,C,48,17,16.06,0.48,158.4,9.31,0.329
39,3.9,0.8526,0.5225,D,64,29,29.14,0.64,211.2,7.69,0.487
40,4.0,0.866,0.5,A,30,9,11.44,0.3,99.0,11.07,0.205
40,4.0,0.866,0.5,B,39,12,13.63,0.39,128.7,9.52,0.263
40,4.0,0.866,0.5,C,52,18,20.04,0.52,171.6,8.78,0.364
40,4.0,0.866,0.5,D,56,28,26.4,0.56,184.8,8.7,0.438
41,4.1,0.8788,0.4772,A,29,6,9.31,0.29,95.7,11.49,0.183
41,4.1,0.8788,0.4772,B,27,6,7.49,0.27,89.1,11.57,0.167
41,4.1,0.8788,0.4772,C,43,17,16.35,0.43,141.9,9.14,0.307
41,4.1,0.8788,0.4772,D,52,20,19.68,0.52,171.6,8.17,0.37
42,4.2,0.891,0.454,A,29,9,10.97,0.29,95.7,10.55,0.199
42,4.2,0.891,0.454,B,40,11,14.34,0.4,132.0,9.91,0.266
42,4.2,0.891,0.454,C,57,23,20.82,0.57,188.1,7.95,0.406
42,4.2,0.891,0.454,D,56,22,20.46,0.56,184.8,8.52,0.397
43,4.3,0.9026,0.4305,A,30,6,8.36,0.3,99.0,11.66,0.184
43,4.3,0.9026,0.4305,B,26,2,4.94,0.26,85.8,10.73,0.14
43,4.3,0.9026,0.4305,C,44,14,16.35,0.44,145.2,9.53,0.301
43,4.3,0.9026,0.4305,D,55,23,22.18,0.55,181.5,7.87,0.402
44,4.4,0.9135,0.4067,A,34,12,11.31,0.34,112.2,10.22,0.233
44,4.4,0.9135,0.4067,B,34,9,9.36,0.34,112.2,10.51,0.216
44,4.4,0.9135,0.4067,C,40,14,13.3,0.4,132.0,10.4,0.273
44,4.4,0.9135,0.4067,D,49,18,17.89,0.49,161.7,9.25,0.343
45,4.5,0.9239,0.3827,A,25,7,8.12,0.25,82.5,10.62,0.164
45,4.5,0.9239,0.3827,B,46,13,13.57,0.46,151.8,9.0,0.298
45,4.5,0.9239,0.3827,C,39,13,14.55,0.39,128.7,10.71,0.269
45,4.5,0.9239,0.3827,D,44,11,14.14,0.44,145.2,9.33,0.284
46,4.6,0.9336,0.3584,A,28,8,11.27,0.28,92.4,11.65,0.192
46,4.6,0.9336,0.3584,B,38,10,9.59,0.38,125.4,10.86,0.238
46,4.6,0.9336,0.3584,C,47,13,14.58,0.47,155.1,9.0,0.306
46,4.6,0.9336,0.3584,D,52,17,16.54,0.52,171.6,8.88,0.349
47,4.7,0.9426,0.3338,A,32,6,7.2,0.32,105.6,11.77,0.189
47,4.7,0.9426,0.3338,B,42,12,11.24,0.42,138.6,10.06,0.268
47,4.7,0.9426,0.3338,C,47,18,18.7,0.47,155.1,8.81,0.337
47,4.7,0.9426,0.3338,D,56,22,21.23,0.56,184.8,8.84,0.4
48,4.8,0.9511,0.309,A,28,7,7.62,0.28,92.4,10.99,0.176
48,4.8,0.9511,0.309,B,40,9,10.21,0.4,132.0,10.28,0.246
48,4.8,0.9511,0.309,C,43,11,13.23,0.43,141.9,9.99,0.276
48,4.8,0.9511,0.309,D,47,20,21.75,0.47,155.1,9.16,0.354
49,4.9,0.9588,0.284,A,27,8,7.92,0.27,89.1,11.56,0.176
49,4.9,0.9588,0.284,B,32,8,10.19,0.32,105.6,10.44,0.206
49,4.9,0.9588,0.284,C,52,18,16.73,0.52,171.6,8.92,0.353
49,4.9,0.9588,0.284,D,54,25,23.99,0.54,178.2,8.61,0.41
50,5.0,0.9659,0.2588,A,35,9,11.85,0.35,115.5,9.94,0.228
50,5.0,0.9659,0.2588,B,44,11,10.72,0.44,145.2,10.18,0.272
50,5.0,0.9659,0.2588,C,48,18,17.04,0.48,158.4,9.75,0.336
50,5.0,0.9659,0.2588,D,56,24,24.04,0.56,184.8,8.75,0.416
51,5.1,0.9724,0.2334,A,36,11,11.35,0.36,118.8,9.62,0.238
51,5.1,0.9724,0.2334,B,40,14,13.04,0.4,132.0,10.06,0.272
51,5.1,0.9724,0.2334,C,44,16,18.3,0.44,145.2,10.17,0.315
51,5.1,0.9724,0.2334,D,56,22,23.02,0.56,184.8,8.88,0.406
52,5.2,0.9781,0.2079,A,33,8,8.72,0.33,108.9,10.15,0.206
52,5.2,0.9781,0.2079,B,47,16,15.86,0.47,155.1,9.38,0.32
52,5.2,0.9781,0.2079,C,56,23,21.83,0.56,184.8,8.87,0.405
52,5.2,0.9781,0.2079,D,59,22,19.8,0.59,194.7,8.44,0.408
53,5.3,0.9833,0.1822,A,34,11,14.11,0.34,112.2,11.19,0.239
53,5.3,0.9833,0.1822,B,39,11,12.86,0.39,128.7,8.85,0.257
53,5.3,0.9833,0.1822,C,48,20,19.69,0.48,158.4,8.78,0.352
53,5.3,0.9833,0.1822,D,63,28,25.95,0.63,207.9,7.36,0.468
54,5.4,0.9877,0.1564,A,30,6,6.27,0.3,99.0,10.0,0.177
54,5.4,0.9877,0.1564,B,37,8,11.6,0.37,122.1,10.63,0.233
54,5.4,0.9877,0.1564,C,56,22,23.48,0.56,184.8,9.59,0.407
54,5.4,0.9877,0.1564,D,57,26,25.15,0.57,188.1,9.15,0.431
55,5.5,0.9914,0.1305,A,32,7,7.83,0.32,105.6,11.05,0.195
55,5.5,0.9914,0.1305,B,41,12,15.08,0.41,135.3,9.81,0.277
55,5.5,0.9914,0.1305,C,59,24,24.18,0.59,194.7,8.32,0.43
55,5.5,0.9914,0.1305,D,60,24,23.55,0.6,198.0,7.7,0.432
56,5.6,0.9945,0.1045,A,43,17,15.82,0.43,141.9,9.52,0.306
56,5.6,0.9945,0.1045,B,48,18,18.5,0.48,158.4,9.76,0.341
56,5.6,0.9945,0.1045,C,54,19,18.64,0.54,178.2,9.08,0.372
56,5.6,0.9945,0.1045,D,59,23,21.43,0.59,194.7,8.14,0.417
57,5.7,0.9969,0.0785,A,35,10,12.9,0.35,115.5,8.74,0.236
57,5.7,0.9969,0.0785,B,43,16,15.99,0.43,141.9,9.87,0.303
57,5.7,0.9969,0.0785,C,59,29,26.72,0.59,194.7,8.27,0.456
57,5.7,0.9969,0.0785,D,67,34,33.37,0.67,221.1,7.58,0.532
58,5.8,0.9986,0.0523,A,42,14,15.69,0.42,138.6,10.3,0.29
58,5.8,0.9986,0.0523,B,55,20,21.52,0.55,181.5,8.78,0.389
58,5.8,0.9986,0.0523,C,57,24,22.74,0.57,188.1,8.0,0.416
58,5.8,0.9986,0.0523,D,70,36,33.63,0.7,231.0,7.28,0.553
59,5.9,0.9997,0.0262,A,41,13,14.58,0.41,135.3,10.27,0.279
59,5.9,0.9997,0.0262,B,44,17,15.88,0.44,145.2,9.71,0.31
59,5.9,0.9997,0.0262,C,61,30,30.35,0.61,201.3,8.56,0.481
59,5.9,0.9997,0.0262,D,64,30,26.77,0.64,211.2,7.87,0.482
60,6.0,1.0,0.0,A,46,13,12.32,0.46,151.8,8.51,0.294
60,6.0,1.0,0.0,B,56,22,23.19,0.56,184.8,8.5,0.406
60,6.0,1.0,0.0,C,60,27,26.98,0.6,198.0,7.98,0.454
60,6.0,1.0,0.0,D,64,31,29.13,0.64,211.2,8.2,0.494
61,6.1,0.9997,-0.0262,A,36,6,6.75,0.36,118.8,10.71,0.206
61,6.1,0.9997,-0.0262,B,58,26,24.19,0.58,191.4,8.9,0.433
61,6.1,0.9997,-0.0262,C,68,33,30.73,0.68,224.4,6.66,0.524
61,6.1,0.9997,-0.0262,D,83,54,47.82,0.83,273.9,5.71,0.722
62,6.2,0.9986,-0.0523,A,39,14,16.36,0.39,128.7,10.34,0.279
62,6.2,0.9986,-0.0523,B,56,23,23.66,0.56,184.8,8.32,0.411
62,6.2,0.9986,-0.0523,C,70,36,34.64,0.7,231.0,6.61,0.556
62,6.2,0.9986,-0.0523,D,80,50,45.43,0.8,264.0,6.35,0.686
63,6.3,0.9969,-0.0785,A,44,18,17.1,0.44,145.2,9.23,0.318
63,6.3,0.9969,-0.0785,B,58,21,22.04,0.58,191.4,8.53,0.408
63,6.3,0.9969,-0.0785,C,68,30,26.55,0.68,224.4,7.19,0.499
63,6.3,0.9969,-0.0785,D,79,51,45.52,0.79,260.7,5.96,0.686
64,6.4,0.9945,-0.1045,A,52,20,21.12,0.52,171.6,8.82,0.374
64,6.4,0.9945,-0.1045,B,58,24,25.35,0.58,191.4,8.04,0.429
64,6.4,0.9945,-0.1045,C,73,37,34.92,0.73,240.9,7.05,0.574
64,6.4,0.9945,-0.1045,D,94,67,59.35,0.94,310.2,4.77,0.855
65,6.5,0.9914,-0.1305,A,46,15,16.02,0.46,151.8,9.91,0.313
65,6.5,0.9914,-0.1305,B,66,30,26.92,0.66,217.8,7.24,0.492
65,6.5,0.9914,-0.1305,C,83,54,47.03,0.83,273.9,6.72,0.719
65,6.5,0.9914,-0.1305,D,91,65,59.46,0.91,300.3,5.38,0.835
66,6.6,0.9877,-0.1564,A,58,23,20.87,0.58,191.4,8.3,0.411
66,6.6,0.9877,-0.1564,B,71,36,34.17,0.71,234.3,7.64,0.559
66,6.6,0.9877,-0.1564,C,87,58,50.63,0.87,287.1,4.91,0.763
66,6.6,0.9877,-0.1564,D,91,65,58.24,0.91,300.3,5.6,0.831
67,6.7,0.9833,-0.1822,A,63,29,26.56,0.63,207.9,7.2,0.474
67,6.7,0.9833,-0.1822,B,72,37,32.57,0.72,237.6,6.99,0.562
67,6.7,0.9833,-0.1822,C,82,47,44.42,0.82,270.6,6.38,0.682
67,6.7,0.9833,-0.1822,D,101,77,67.93,1.0,333.3,4.0,0.946
68,6.8,0.9781,-0.2079,A,58,26,24.85,0.58,191.4,8.19,0.435
68,6.8,0.9781,-0.2079,B,80,44,40.77,0.8,264.0,5.82,0.65
68,6.8,0.9781,-0.2079,C,93,70,63.43,0.93,306.9,5.04,0.875
68,6.8,0.9781,-0.2079,D,98,76,67.57,0.98,323.4,4.21,0.932
69,6.9,0.9724,-0.2334,A,62,27,25.73,0.62,204.6,6.74,0.459
69,6.9,0.9724,-0.2334,B,76,40,36.56,0.76,250.8,6.66,0.604
69,6.9,0.9724,-0.2334,C,84,55,50.84,0.84,277.2,4.94,0.74
69,6.9,0.9724,-0.2334,D,103,78,70.62,1.0,339.9,4.29,0.958
70,7.0,0.9659,-0.2588,A,55,21,21.32,0.55,181.5,8.12,0.392
70,7.0,0.9659,-0.2588,B,80,49,44.55,0.8,264.0,6.72,0.68
70,7.0,0.9659,-0.2588,C,95,71,63.69,0.95,313.5,4.5,0.888
70,7.0,0.9659,-0.2588,D,110,87,75.18,1.0,363.0,4.0,1.0
71,7.1,0.9588,-0.284,A,67,33,29.21,0.67,221.1,7.3,0.514
71,7.1,0.9588,-0.284,B,75,41,37.88,0.75,247.5,6.82,0.607
71,7.1,0.9588,-0.284,C,100,80,70.82,1.0,330.0,4.0,0.966
71,7.1,0.9588,-0.284,D,125,98,84.42,1.0,412.5,4.37,1.0
72,7.2,0.9511,-0.309,A,71,35,31.56,0.71,234.3,7.12,0.547
72,7.2,0.9511,-0.309,B,80,50,44.21,0.8,264.0,6.03,0.682
72,7.2,0.9511,-0.309,C,103,83,75.33,1.0,339.9,4.15,0.992
72,7.2,0.9511,-0.309,D,125,101,89.13,1.0,412.5,4.32,1.0
73,7.3,0.9426,-0.3338,A,73,41,36.71,0.73,240.9,6.24,0.594
73,7.3,0.9426,-0.3338,B,92,64,58.03,0.92,303.6,5.09,0.831
73,7.3,0.9426,-0.3338,C,102,82,74.18,1.0,336.6,4.33,0.984
73,7.3,0.9426,-0.3338,D,125,101,88.47,1.0,412.5,4.34,1.0
74,7.4,0.9336,-0.3584,A,75,39,37.38,0.75,247.5,6.95,0.599
74,7.4,0.9336,-0.3584,B,90,65,56.73,0.9,297.0,5.0,0.822
74,7.4,0.9336,-0.3584,C,104,83,72.85,1.0,343.2,4.0,0.983
74,7.4,0.9336,-0.3584,D,114,89,78.44,1.0,376.2,4.94,1.0
75,7.5,0.9239,-0.3827,A,68,31,28.26,0.68,224.4,7.36,0.509
75,7.5,0.9239,-0.3827,B,86,58,52.15,0.86,283.8,6.29,0.764
75,7.5,0.9239,-0.3827,C,111,88,77.88,1.0,366.3,4.0,1.0
75,7.5,0.9239,-0.3827,D,124,96,84.2,1.0,409.2,4.0,1.0
76,7.6,0.9135,-0.4067,A,77,49,45.08,0.77,254.1,6.74,0.668
76,7.6,0.9135,-0.4067,B,93,67,61.66,0.93,306.9,5.04,0.859
76,7.6,0.9135,-0.4067,C,105,83,73.49,1.0,346.5,4.0,0.985
76,7.6,0.9135,-0.4067,D,122,99,87.31,1.0,402.6,4.0,1.0
77,7.7,0.9026,-0.4305,A,77,41,38.71,0.77,254.1,6.1,0.619
77,7.7,0.9026,-0.4305,B,84,53,48.77,0.84,277.2,5.64,0.726
77,7.7,0.9026,-0.4305,C,110,85,76.09,1.0,363.0,4.24,1.0
77,7.7,0.9026,-0.4305,D,124,101,89.05,1.0,409.2,4.13,1.0
78,7.8,0.891,-0.454,A,74,39,37.96,0.74,244.2,7.29,0.596
78,7.8,0.891,-0.454,B,94,68,59.65,0.94,310.2,4.95,0.86
78,7.8,0.891,-0.454,C,105,87,78.31,1.0,346.5,4.03,1.0
78,7.8,0.891,-0.454,D,133,107,93.05,1.0,438.9,4.0,1.0
79,7.9,0.8788,-0.4772,A,73,41,38.52,0.73,240.9,6.91,0.6
79,7.9,0.8788,-0.4772,B,90,67,58.62,0.9,297.0,4.52,0.835
79,7.9,0.8788,-0.4772,C,115,92,80.07,1.0,379.5,4.78,1.0
79,7.9,0.8788,-0.4772,D,138,107,93.51,1.0,455.4,4.3,1.0
80,8.0,0.866,-0.5,A,74,45,43.2,0.74,244.2,6.9,0.635
80,8.0,0.866,-0.5,B,90,59,54.02,0.9,297.0,4.18,0.792
80,8.0,0.866,-0.5,C,115,95,82.85,1.0,379.5,4.0,1.0
80,8.0,0.866,-0.5,D,128,101,88.93,1.0,422.4,4.07,1.0
81,8.1,0.8526,-0.5225,A,75,38,36.82,0.75,247.5,6.82,0.593
81,8.1,0.8526,-0.5225,B,103,80,71.68,1.0,339.9,4.0,0.969
81,8.1,0.8526,-0.5225,C,119,96,84.46,1.0,392.7,4.21,1.0
81,8.1,0.8526,-0.5225,D,127,99,87.29,1.0,419.1,4.48,1.0
82,8.2,0.8387,-0.5446,A,73,37,35.47,0.73,240.9,7.44,0.576
82,8.2,0.8387,-0.5446,B,87,56,49.21,0.87,287.1,4.72,0.752
82,8.2,0.8387,-0.5446,C,117,93,82.13,1.0,386.1,4.0,1.0
82,8.2,0.8387,-0.5446,D,131,103,91.85,1.0,432.3,4.34,1.0
83,8.3,0.8241,-0.5664,A,76,44,38.54,0.76,250.8,5.96,0.624
83,8.3,0.8241,-0.5664,B,88,58,54.05,0.88,290.4,5.21,0.779
83,8.3,0.8241,-0.5664,C,102,82,72.29,1.0,336.6,5.24,0.978
83,8.3,0.8241,-0.5664,D,123,100,87.99,1.0,405.9,4.18,1.0
84,8.4,0.809,-0.5878,A,73,39,35.67,0.73,240.9,7.07,0.584
84,8.4,0.809,-0.5878,B,93,66,58.71,0.93,306.9,4.73,0.845
84,8.4,0.809,-0.5878,C,111,87,76.33,1.0,366.3,4.19,1.0
84,8.4,0.809,-0.5878,D,127,101,90.3,1.0,419.1,4.26,1.0
85,8.5,0.7934,-0.6088,A,71,38,35.73,0.71,234.3,6.66,0.572
85,8.5,0.7934,-0.6088,B,91,59,51.74,0.91,300.3,5.07,0.788
85,8.5,0.7934,-0.6088,C,104,82,70.8,1.0,343.2,4.42,0.973
85,8.5,0.7934,-0.6088,D,125,96,84.62,1.0,412.5,4.0,1.0
86,8.6,0.7771,-0.6293,A,65,30,29.06,0.65,214.5,7.83,0.494
86,8.6,0.7771,-0.6293,B,81,47,41.2,0.81,267.3,6.22,0.666
86,8.6,0.7771,-0.6293,C,103,85,73.48,1.0,339.9,4.0,0.992
86,8.6,0.7771,-0.6293,D,120,95,82.15,1.0,396.0,4.0,1.0
87,8.7,0.7604,-0.6494,A,66,32,30.24,0.66,217.8,6.7,0.51
87,8.7,0.7604,-0.6494,B,89,62,55.4,0.89,293.7,6.38,0.802
87,8.7,0.7604,-0.6494,C,96,72,63.67,0.96,316.8,5.16,0.896
87,8.7,0.7604,-0.6494,D,117,95,81.79,1.0,386.1,4.55,1.0
88,8.8,0.7431,-0.6691,A,63,23,20.63,0.63,207.9,8.19,0.433
88,8.8,0.7431,-0.6691,B,79,47,41.81,0.79,260.7,5.65,0.659
88,8.8,0.7431,-0.6691,C,99,79,68.59,0.99,326.7,4.0,0.951
88,8.8,0.7431,-0.6691,D,125,97,84.75,1.0,412.5,4.14,1.0
89,8.9,0.7254,-0.6884,A,63,32,29.7,0.63,207.9,7.32,0.495
89,8.9,0.7254,-0.6884,B,70,36,35.42,0.7,231.0,7.18,0.559
89,8.9,0.7254,-0.6884,C,93,69,62.4,0.93,306.9,4.04,0.868
89,8.9,0.7254,-0.6884,D,110,87,77.5,1.0,363.0,4.62,1.0
90,9.0,0.7071,-0.7071,A,65,31,29.9,0.65,214.5,7.24,0.501
90,9.0,0.7071,-0.7071,B,78,43,40.5,0.78,257.4,6.33,0.636
90,9.0,0.7071,-0.7071,C,102,81,70.02,1.0,336.6,4.28,0.967
90,9.0,0.7071,-0.7071,D,106,83,72.74,1.0,349.8,4.81,0.983
91,9.1,0.6884,-0.7254,A,65,29,28.3,0.65,214.5,7.34,0.488
91,9.1,0.6884,-0.7254,B,73,40,38.06,0.73,240.9,6.43,0.595
91,9.1,0.6884,-0.7254,C,94,67,60.45,0.94,310.2,4.12,0.859
91,9.1,0.6884,-0.7254,D,102,82,73.8,1.0,336.6,4.0,0.983
92,9.2,0.6691,-0.7431,A,59,29,25.82,0.59,194.7,8.88,0.453
92,9.2,0.6691,-0.7431,B,80,49,45.28,0.8,264.0,6.4,0.682
92,9.2,0.6691,-0.7431,C,85,53,49.76,0.85,280.5,5.32,0.734
92,9.2,0.6691,-0.7431,D,95,67,60.4,0.95,313.5,4.0,0.863
93,9.3,0.6494,-0.7604,A,54,20,21.55,0.54,178.2,7.96,0.385
93,9.3,0.6494,-0.7604,B,73,40,38.39,0.73,240.9,6.92,0.596
93,9.3,0.6494,-0.7604,C,82,51,47.37,0.82,270.6,6.52,0.705
93,9.3,0.6494,-0.7604,D,96,74,66.52,0.96,316.8,4.92,0.913
94,9.4,0.6293,-0.7771,A,54,18,20.24,0.54,178.2,8.59,0.373
94,9.4,0.6293,-0.7771,B,66,33,29.9,0.66,217.8,7.76,0.512
94,9.4,0.6293,-0.7771,C,85,55,50.68,0.85,280.5,6.77,0.744
94,9.4,0.6293,-0.7771,D,98,72,64.46,0.98,323.4,4.4,0.908
95,9.5,0.6088,-0.7934,A,54,22,22.25,0.54,178.2,8.32,0.394
95,9.5,0.6088,-0.7934,B,66,31,28.34,0.66,217.8,7.46,0.5
95,9.5,0.6088,-0.7934,C,75,40,38.2,0.75,247.5,6.72,0.605
95,9.5,0.6088,-0.7934,D,83,53,46.8,0.83,273.9,6.54,0.715
96,9.6,0.5878,-0.809,A,54,20,20.22,0.54,178.2,7.91,0.38
96,9.6,0.5878,-0.809,B,56,22,23.21,0.56,184.8,8.03,0.406
96,9.6,0.5878,-0.809,C,81,48,45.34,0.81,267.3,5.16,0.684
96,9.6,0.5878,-0.809,D,92,69,59.66,0.92,303.6,4.57,0.854
97,9.7,0.5664,-0.8241,A,40,15,16.93,0.4,132.0,10.08,0.289
97,9.7,0.5664,-0.8241,B,55,26,23.36,0.55,181.5,8.39,0.416
97,9.7,0.5664,-0.8241,C,77,48,44.04,0.77,254.1,7.21,0.661
97,9.7,0.5664,-0.8241,D,86,55,51.05,0.86,283.8,5.94,0.75
98,9.8,0.5446,-0.8387,A,41,13,12.28,0.41,135.3,10.45,0.271
98,9.8,0.5446,-0.8387,B,53,22,21.77,0.53,174.9,9.07,0.388
98,9.8,0.5446,-0.8387,C,62,27,25.26,0.62,204.6,7.43,0.458
98,9.8,0.5446,-0.8387,D,78,46,43.04,0.78,257.4,5.62,0.655
99,9.9,0.5225,-0.8526,A,38,15,16.29,0.38,125.4,10.01,0.278
99,9.9,0.5225,-0.8526,B,55,24,22.94,0.55,181.5,8.38,0.408
99,9.9,0.5225,-0.8526,C,73,42,37.44,0.73,240.9,6.08,0.6
99,9.9,0.5225,-0.8526,D,70,35,32.82,0.7,231.0,7.46,0.547
100,10.0,0.5,-0.866,A,43,13,13.09,0.43,141.9,10.22,0.283
100,10.0,0.5,-0.866,B,51,18,19.51,0.51,168.3,9.13,0.358
100,10.0,0.5,-0.866,C,57,18,16.83,0.57,188.1,8.44,0.376
100,10.0,0.5,-0.866,D,71,31,30.27,0.71,234.3,6.9,0.529
101,10.1,0.4772,-0.8788,A,37,12,13.64,0.37,122.1,10.48,0.254
101,10.1,0.4772,-0.8788,B,47,17,15.73,0.47,155.1,9.37,0.323
101,10.1,0.4772,-0.8788,C,60,25,23.3,0.6,198.0,8.23,0.435
101,10.1,0.4772,-0.8788,D,69,33,32.09,0.69,227.7,6.71,0.533
102,10.2,0.454,-0.891,A,45,14,13.16,0.45,148.5,9.24,0.295
102,10.2,0.454,-0.891,B,48,17,17.09,0.48,158.4,8.65,0.332
102,10.2,0.454,-0.891,C,61,26,23.19,0.61,201.3,8.08,0.443
102,10.2,0.454,-0.891,D,68,35,30.96,0.68,224.4,7.32,0.532
103,10.3,0.4305,-0.9026,A,30,7,9.87,0.3,99.0,10.41,0.192
103,10.3,0.4305,-0.9026,B,49,15,17.64,0.49,161.7,10.33,0.332
103,10.3,0.4305,-0.9026,C,49,20,18.46,0.49,161.7,8.91,0.352
103,10.3,0.4305,-0.9026,D,63,30,28.74,0.63,207.9,7.53,0.484
104,10.4,0.4067,-0.9135,A,32,8,11.24,0.32,105.6,10.62,0.209
104,10.4,0.4067,-0.9135,B,46,16,14.93,0.46,151.8,10.32,0.313
104,10.4,0.4067,-0.9135,C,50,12,11.86,0.5,165.0,8.8,0.307
104,10.4,0.4067,-0.9135,D,73,42,38.88,0.73,240.9,6.27,0.605
105,10.5,0.3827,-0.9239,A,35,8,11.03,0.35,115.5,10.16,0.222
105,10.5,0.3827,-0.9239,B,44,13,13.08,0.44,145.2,9.91,0.287
105,10.5,0.3827,-0.9239,C,51,17,18.48,0.51,168.3,8.2,0.351
105,10.5,0.3827,-0.9239,D,62,27,25.75,0.62,204.6,8.11,0.459
106,10.6,0.3584,-0.9336,A,38,11,12.5,0.38,125.4,9.7,0.251
106,10.6,0.3584,-0.9336,B,43,16,16.12,0.43,141.9,9.95,0.303
106,10.6,0.3584,-0.9336,C,52,17,16.6,0.52,171.6,9.01,0.349
106,10.6,0.3584,-0.9336,D,66,34,31.48,0.66,217.8,7.74,0.521
107,10.7,0.3338,-0.9426,A,34,11,10.98,0.34,112.2,11.07,0.228
107,10.7,0.3338,-0.9426,B,45,17,19.07,0.45,148.5,9.29,0.326
107,10.7,0.3338,-0.9426,C,49,17,16.19,0.49,161.7,9.27,0.334
107,10.7,0.3338,-0.9426,D,62,27,26.41,0.62,204.6,7.27,0.462
108,10.8,0.309,-0.9511,A,33,12,15.07,0.33,108.9,10.81,0.241
108,10.8,0.309,-0.9511,B,41,15,14.41,0.41,135.3,10.61,0.285
108,10.8,0.309,-0.9511,C,49,19,17.8,0.49,161.7,9.14,0.346
108,10.8,0.309,-0.9511,D,57,27,27.51,0.57,188.1,8.45,0.443
109,10.9,0.284,-0.9588,A,33,8,8.55,0.33,108.9,10.81,0.205
109,10.9,0.284,-0.9588,B,42,17,16.71,0.42,138.6,9.97,0.304
109,10.9,0.284,-0.9588,C,55,22,21.54,0.55,181.5,8.49,0.396
109,10.9,0.284,-0.9588,D,47,15,14.45,0.47,155.1,9.81,0.312
110,11.0,0.2588,-0.9659,A,36,11,10.75,0.36,118.8,10.1,0.236
110,11.0,0.2588,-0.9659,B,38,10,12.5,0.38,125.4,9.17,0.248
110,11.0,0.2588,-0.9659,C,53,23,21.96,0.53,174.9,8.68,0.392
110,11.0,0.2588,-0.9659,D,61,27,24.46,0.61,201.3,8.02,0.451
111,11.1,0.2334,-0.9724,A,51,21,21.6,0.51,168.3,8.72,0.375
111,11.1,0.2334,-0.9724,B,67,31,29.92,0.67,221.1,7.76,0.51
111,11.1,0.2334,-0.9724,C,48,21,20.07,0.48,158.4,9.73,0.356
111,11.1,0.2334,-0.9724,D,49,19,19.81,0.49,161.7,9.45,0.353
112,11.2,0.2079,-0.9781,A,58,24,24.08,0.58,191.4,7.76,0.425
112,11.2,0.2079,-0.9781,B,65,27,27.41,0.65,214.5,6.43,0.478
112,11.2,0.2079,-0.9781,C,37,12,15.11,0.37,122.1,10.19,0.259
112,11.2,0.2079,-0.9781,D,50,18,19.73,0.5,165.0,9.23,0.354
113,11.3,0.1822,-0.9833,A,58,24,24.42,0.58,191.4,8.69,0.426
113,11.3,0.1822,-0.9833,B,61,28,25.25,0.61,201.3,7.76,0.457
113,11.3,0.1822,-0.9833,C,48,20,18.39,0.48,158.4,8.27,0.347
113,11.3,0.1822,-0.9833,D,53,17,16.65,0.53,174.9,9.12,0.353
114,11.4,0.1564,-0.9877,A,60,29,29.22,0.6,198.0,8.42,0.469
114,11.4,0.1564,-0.9877,B,60,26,27.08,0.6,198.0,7.82,0.451
114,11.4,0.1564,-0.9877,C,46,18,16.55,0.46,151.8,9.58,0.325
114,11.4,0.1564,-0.9877,D,59,26,26.42,0.59,194.7,8.47,0.445
115,11.5,0.1305,-0.9914,A,56,25,24.32,0.56,184.8,7.53,0.421
115,11.5,0.1305,-0.9914,B,60,29,28.06,0.6,198.0,7.87,0.465
115,11.5,0.1305,-0.9914,C,45,17,17.88,0.45,148.5,10.12,0.322
115,11.5,0.1305,-0.9914,D,61,25,24.3,0.61,201.3,8.34,0.443
116,11.6,0.1045,-0.9945,A,54,19,19.1,0.54,178.2,8.85,0.373
116,11.6,0.1045,-0.9945,B,63,32,30.23,0.63,207.9,8.06,0.496
116,11.6,0.1045,-0.9945,C,43,14,13.92,0.43,141.9,9.48,0.289
116,11.6,0.1045,-0.9945,D,43,13,12.83,0.43,141.9,8.67,0.282
117,11.7,0.0785,-0.9969,A,48,18,17.13,0.48,158.4,9.11,0.336
117,11.7,0.0785,-0.9969,B,63,31,29.64,0.63,207.9,7.47,0.491
117,11.7,0.0785,-0.9969,C,37,11,14.08,0.37,122.1,9.9,0.252
117,11.7,0.0785,-0.9969,D,52,18,17.68,0.52,171.6,8.96,0.356
118,11.8,0.0523,-0.9986,A,60,26,25.07,0.6,198.0,7.85,0.445
118,11.8,0.0523,-0.9986,B,60,23,22.19,0.6,198.0,7.12,0.424
118,11.8,0.0523,-0.9986,C,46,17,17.88,0.46,151.8,9.87,0.326
118,11.8,0.0523,-0.9986,D,50,18,19.05,0.5,165.0,8.71,0.351
119,11.9,0.0262,-0.9997,A,54,19,18.97,0.54,178.2,8.19,0.373
119,11.9,0.0262,-0.9997,B,61,30,26.78,0.61,201.3,7.71,0.469
119,11.9,0.0262,-0.9997,C,44,13,15.82,0.44,145.2,10.22,0.296
119,11.9,0.0262,-0.9997,D,58,27,23.99,0.58,191.4,7.38,0.435
120,12.0,0.0,-1.0,A,33,9,11.1,0.33,108.9,10.86,0.217
120,12.0,0.0,-1.0,B,40,12,11.77,0.4,132.0,9.62,0.261
120,12.0,0.0,-1.0,C,45,14,14.08,0.45,148.5,10.85,0.298
120,12.0,0.0,-1.0,D,50,14,15.82,0.5,165.0,9.39,0.327
121,12.1,-0.0262,-0.9997,A,34,10,12.27,0.34,112.2,11.5,0.229
121,12.1,-0.0262,-0.9997,B,34,7,10.11,0.34,112.2,10.03,0.211
121,12.1,-0.0262,-0.9997,C,51,18,19.59,0.51,168.3,8.02,0.358
121,12.1,-0.0262,-0.9997,D,49,14,15.3,0.49,161.7,9.7,0.321
122,12.2,-0.0523,-0.9986,A,34,11,11.85,0.34,112.2,10.45,0.231
122,12.2,-0.0523,-0.9986,B,32,6,6.2,0.32,105.6,10.56,0.186
122,12.2,-0.0523,-0.9986,C,51,22,21.06,0.51,168.3,8.85,0.377
122,12.2,-0.0523,-0.9986,D,49,20,20.42,0.49,161.7,8.53,0.359
123,12.3,-0.0785,-0.9969,A,24,4,8.35,0.24,79.2,12.49,0.15
123,12.3,-0.0785,-0.9969,B,35,10,9.61,0.35,115.5,9.91,0.225
123,12.3,-0.0785,-0.9969,C,47,16,16.14,0.47,155.1,8.76,0.321
123,12.3,-0.0785,-0.9969,D,51,15,17.35,0.51,168.3,8.75,0.34
124,12.4,-0.1045,-0.9945,A,33,8,10.21,0.33,108.9,9.9,0.211
124,12.4,-0.1045,-0.9945,B,30,9,9.27,0.3,99.0,9.95,0.197
124,12.4,-0.1045,-0.9945,C,52,24,24.45,0.52,171.6,8.72,0.399
124,12.4,-0.1045,-0.9945,D,58,22,20.48,0.58,191.4,7.81,0.406
125,12.5,-0.1305,-0.9914,A,29,6,7.18,0.29,95.7,11.09,0.175
125,12.5,-0.1305,-0.9914,B,39,14,13.46,0.39,128.7,9.18,0.269
125,12.5,-0.1305,-0.9914,C,54,19,19.11,0.54,178.2,8.78,0.373
125,12.5,-0.1305,-0.9914,D,56,26,23.91,0.56,184.8,9.0,0.423
126,12.6,-0.1564,-0.9877,A,27,6,8.0,0.27,89.1,10.49,0.169
126,12.6,-0.1564,-0.9877,B,38,12,14.68,0.38,125.4,11.07,0.262
126,12.6,-0.1564,-0.9877,C,46,15,14.25,0.46,151.8,9.08,0.307
126,12.6,-0.1564,-0.9877,D,56,22,23.62,0.56,184.8,7.85,0.408
127,12.7,-0.1822,-0.9833,A,35,10,11.85,0.35,115.5,9.76,0.232
127,12.7,-0.1822,-0.9833,B,33,10,11.05,0.33,108.9,10.31,0.22
127,12.7,-0.1822,-0.9833,C,35,16,16.91,0.35,115.5,11.08,0.27
127,12.7,-0.1822,-0.9833,D,51,20,21.82,0.51,168.3,9.67,0.372
128,12.8,-0.2079,-0.9781,A,29,7,10.37,0.29,95.7,11.65,0.19
128,12.8,-0.2079,-0.9781,B,36,10,11.54,0.36,118.8,10.88,0.235
128,12.8,-0.2079,-0.9781,C,48,17,15.53,0.48,158.4,10.19,0.327
128,12.8,-0.2079,-0.9781,D,51,21,19.39,0.51,168.3,9.48,0.368
129,12.9,-0.2334,-0.9724,A,25,3,6.77,0.25,82.5,11.0,0.146
129,12.9,-0.2334,-0.9724,B,34,8,7.86,0.34,112.2,11.0,0.207
129,12.9,-0.2334,-0.9724,C,48,18,19.26,0.48,158.4,9.43,0.343
129,12.9,-0.2334,-0.9724,D,49,19,20.21,0.49,161.7,9.71,0.354
130,13.0,-0.2588,-0.9659,A,31,10,9.85,0.31,102.3,10.46,0.207
130,13.0,-0.2588,-0.9659,B,37,7,7.21,0.37,122.1,9.47,0.215
130,13.0,-0.2588,-0.9659,C,41,12,14.43,0.41,135.3,9.91,0.275
130,13.0,-0.2588,-0.9659,D,55,21,20.85,0.55,181.5,8.43,0.391
131,13.1,-0.284,-0.9588,A,33,11,10.55,0.33,108.9,10.59,0.222
131,13.1,-0.284,-0.9588,B,34,7,8.07,0.34,112.2,10.19,0.204
131,13.1,-0.284,-0.9588,C,48,16,15.89,0.48,158.4,8.45,0.325
131,13.1,-0.284,-0.9588,D,52,20,20.41,0.52,171.6,8.84,0.372
132,13.2,-0.309,-0.9511,A,36,8,8.29,0.36,118.8,10.39,0.218
132,13.2,-0.309,-0.9511,B,42,18,18.8,0.42,138.6,9.15,0.315
132,13.2,-0.309,-0.9511,C,46,15,14.72,0.46,151.8,9.83,0.309
132,13.2,-0.309,-0.9511,D,55,22,21.78,0.55,181.5,9.22,0.397
133,13.3,-0.3338,-0.9426,A,31,7,8.04,0.31,102.3,9.95,0.191
133,13.3,-0.3338,-0.9426,B,37,11,10.57,0.37,122.1,9.81,0.24
133,13.3,-0.3338,-0.9426,C,41,15,13.75,0.41,135.3,9.58,0.283
133,13.3,-0.3338,-0.9426,D,52,21,19.1,0.52,171.6,8.31,0.371
134,13.4,-0.3584,-0.9336,A,33,7,8.22,0.33,108.9,10.54,0.2
134,13.4,-0.3584,-0.9336,B,34,11,11.6,0.34,112.2,10.33,0.23
134,13.4,-0.3584,-0.9336,C,46,16,16.34,0.46,151.8,9.3,0.317
134,13.4,-0.3584,-0.9336,D,56,22,21.25,0.56,184.8,9.43,0.4
135,13.5,-0.3827,-0.9239,A,36,12,11.22,0.36,118.8,10.64,0.241
135,13.5,-0.3827,-0.9239,B,34,10,12.54,0.34,112.2,10.61,0.23
135,13.5,-0.3827,-0.9239,C,45,15,14.94,0.45,148.5,9.61,0.305
135,13.5,-0.3827,-0.9239,D,51,18,17.74,0.51,168.3,8.99,0.352
136,13.6,-0.4067,-0.9135,A,30,9,10.38,0.3,99.0,10.24,0.201
136,13.6,-0.4067,-0.9135,B,37,8,8.01,0.37,122.1,9.58,0.221
136,13.6,-0.4067,-0.9135,C,43,17,18.74,0.43,141.9,9.5,0.315
136,13.6,-0.4067,-0.9135,D,55,21,22.37,0.55,181.5,9.59,0.396
137,13.7,-0.4305,-0.9026,A,33,7,9.38,0.33,108.9,10.3,0.204
137,13.7,-0.4305,-0.9026,B,36,13,13.31,0.36,118.8,10.79,0.252
137,13.7,-0.4305,-0.9026,C,40,15,16.6,0.4,132.0,10.09,0.288
137,13.7,-0.4305,-0.9026,D,52,18,16.53,0.52,171.6,8.12,0.352
138,13.8,-0.454,-0.891,A,30,6,7.17,0.3,99.0,10.2,0.18
138,13.8,-0.454,-0.891,B,33,8,9.42,0.33,108.9,9.35,0.208
138,13.8,-0.454,-0.891,C,56,24,21.44,0.56,184.8,8.71,0.407
138,13.8,-0.454,-0.891,D,53,24,22.65,0.53,174.9,8.84,0.398
139,13.9,-0.4772,-0.8788,A,33,10,11.59,0.33,108.9,10.55,0.222
139,13.9,-0.4772,-0.8788,B,39,14,14.97,0.39,128.7,9.72,0.274
139,13.9,-0.4772,-0.8788,C,40,9,8.66,0.4,132.0,10.49,0.24
139,13.9,-0.4772,-0.8788,D,47,17,17.28,0.47,155.1,9.65,0.329
140,14.0,-0.5,-0.866,A,23,3,3.81,0.23,75.9,11.27,0.127
140,14.0,-0.5,-0.866,B,35,13,13.95,0.35,115.5,10.43,0.249
140,14.0,-0.5,-0.866,C,46,16,18.45,0.46,151.8,9.31,0.325
140,14.0,-0.5,-0.866,D,51,17,16.01,0.51,168.3,8.63,0.342
141,14.1,-0.5225,-0.8526,A,36,11,12.66,0.36,118.8,10.55,0.243
141,14.1,-0.5225,-0.8526,B,37,8,10.5,0.37,122.1,11.07,0.229
141,14.1,-0.5225,-0.8526,C,43,11,14.02,0.43,141.9,9.57,0.279
141,14.1,-0.5225,-0.8526,D,46,16,14.85,0.46,151.8,9.72,0.312
142,14.2,-0.5446,-0.8387,A,27,11,10.89,0.27,89.1,11.28,0.196
142,14.2,-0.5446,-0.8387,B,41,13,14.77,0.41,135.3,9.08,0.279
142,14.2,-0.5446,-0.8387,C,46,15,16.98,0.46,151.8,10.5,0.316
142,14.2,-0.5446,-0.8387,D,46,14,13.56,0.46,151.8,9.37,0.301
143,14.3,-0.5664,-0.8241,A,25,5,5.45,0.25,82.5,11.67,0.148
143,14.3,-0.5664,-0.8241,B,41,13,13.09,0.41,135.3,10.06,0.274
143,14.3,-0.5664,-0.8241,C,56,20,18.29,0.56,184.8,8.52,0.383
143,14.3,-0.5664,-0.8241,D,55,23,24.18,0.55,181.5,8.25,0.409
144,14.4,-0.5878,-0.809,A,33,9,11.68,0.33,108.9,10.63,0.219
144,14.4,-0.5878,-0.809,B,34,7,9.51,0.34,112.2,10.99,0.209
144,14.4,-0.5878,-0.809,C,43,15,16.01,0.43,141.9,9.7,0.299
144,14.4,-0.5878,-0.809,D,62,29,26.56,0.62,204.6,7.75,0.469
145,14.5,-0.6088,-0.7934,A,26,7,8.24,0.26,85.8,11.59,0.169
145,14.5,-0.6088,-0.7934,B,43,13,12.17,0.43,141.9,9.27,0.28
145,14.5,-0.6088,-0.7934,C,57,23,21.02,0.57,188.1,7.96,0.407
145,14.5,-0.6088,-0.7934,D,49,15,16.77,0.49,161.7,8.32,0.329
146,14.6,-0.6293,-0.7771,A,24,7,10.1,0.24,79.2,11.75,0.166
146,14.6,-0.6293,-0.7771,B,33,12,12.16,0.33,108.9,10.05,0.231
146,14.6,-0.6293,-0.7771,C,49,16,15.48,0.49,161.7,9.23,0.328
146,14.6,-0.6293,-0.7771,D,56,19,19.47,0.56,184.8,9.43,0.383
147,14.7,-0.6494,-0.7604,A,40,12,12.33,0.4,132.0,10.38,0.263
147,14.7,-0.6494,-0.7604,B,40,15,15.66,0.4,132.0,9.79,0.285
147,14.7,-0.6494,-0.7604,C,43,14,15.26,0.43,141.9,9.43,0.293
147,14.7,-0.6494,-0.7604,D,53,20,18.28,0.53,174.9,8.95,0.369
148,14.8,-0.6691,-0.7431,A,22,5,8.49,0.22,72.6,11.5,0.145
148,14.8,-0.6691,-0.7431,B,46,18,18.92,0.46,151.8,9.78,0.333
148,14.8,-0.6691,-0.7431,C,42,14,14.6,0.42,138.6,10.14,0.287
148,14.8,-0.6691,-0.7431,D,47,15,14.97,0.47,155.1,8.8,0.314
149,14.9,-0.6884,-0.7254,A,37,8,10.77,0.37,122.1,10.16,0.23
149,14.9,-0.6884,-0.7254,B,48,15,16.6,0.48,158.4,8.62,0.324
149,14.9,-0.6884,-0.7254,C,49,18,17.78,0.49,161.7,9.85,0.343
149,14.9,-0.6884,-0.7254,D,52,18,18.48,0.52,171.6,8.94,0.359
150,15.0,-0.7071,-0.7071,A,31,9,11.77,0.31,102.3,11.15,0.21
150,15.0,-0.7071,-0.7071,B,44,11,13.21,0.44,145.2,10.0,0.281
150,15.0,-0.7071,-0.7071,C,51,19,19.21,0.51,168.3,7.77,0.36
150,15.0,-0.7071,-0.7071,D,62,30,28.35,0.62,204.6,8.35,0.478
151,15.1,-0.7254,-0.6884,A,37,12,14.12,0.37,122.1,10.07,0.256
151,15.1,-0.7254,-0.6884,B,48,16,15.98,0.48,158.4,9.49,0.325
151,15.1,-0.7254,-0.6884,C,56,24,24.31,0.56,184.8,8.76,0.417
151,15.1,-0.7254,-0.6884,D,63,24,22.05,0.63,207.9,7.72,0.441
152,15.2,-0.7431,-0.6691,A,40,14,14.44,0.4,132.0,9.96,0.277
152,15.2,-0.7431,-0.6691,B,48,18,19.57,0.48,158.4,8.72,0.344
152,15.2,-0.7431,-0.6691,C,57,23,20.76,0.57,188.1,9.25,0.406
152,15.2,-0.7431,-0.6691,D,65,30,29.7,0.65,214.5,7.7,0.497
153,15.3,-0.7604,-0.6494,A,28,9,9.18,0.28,92.4,10.6,0.188
153,15.3,-0.7604,-0.6494,B,43,15,16.94,0.43,141.9,10.11,0.302
153,15.3,-0.7604,-0.6494,C,60,23,22.84,0.6,198.0,8.09,0.427
153,15.3,-0.7604,-0.6494,D,63,27,25.36,0.63,207.9,7.21,0.463
154,15.4,-0.7771,-0.6293,A,32,11,13.28,0.32,105.6,10.43,0.227
154,15.4,-0.7771,-0.6293,B,48,15,15.48,0.48,158.4,9.68,0.32
154,15.4,-0.7771,-0.6293,C,53,23,20.78,0.53,174.9,9.0,0.388
154,15.4,-0.7771,-0.6293,D,67,35,33.28,0.67,221.1,7.94,0.535
155,15.5,-0.7934,-0.6088,A,38,8,10.8,0.38,125.4,10.04,0.235
155,15.5,-0.7934,-0.6088,B,48,16,18.52,0.48,158.4,8.38,0.334
155,15.5,-0.7934,-0.6088,C,60,24,22.12,0.6,198.0,8.81,0.428
155,15.5,-0.7934,-0.6088,D,68,32,29.59,0.68,224.4,8.12,0.517
156,15.6,-0.809,-0.5878,A,35,8,8.62,0.35,115.5,9.61,0.214
156,15.6,-0.809,-0.5878,B,51,21,22.72,0.51,168.3,8.28,0.379
156,15.6,-0.809,-0.5878,C,59,25,22.55,0.59,194.7,8.11,0.428
156,15.6,-0.809,-0.5878,D,74,41,38.34,0.74,244.2,6.28,0.604
157,15.7,-0.8241,-0.5664,A,37,12,11.26,0.37,122.1,10.88,0.246
157,15.7,-0.8241,-0.5664,B,58,21,19.93,0.58,191.4,8.71,0.401
157,15.7,-0.8241,-0.5664,C,69,35,34.54,0.69,227.7,7.07,0.548
157,15.7,-0.8241,-0.5664,D,77,47,43.67,0.77,254.1,6.76,0.657
158,15.8,-0.8387,-0.5446,A,43,14,15.23,0.43,141.9,9.54,0.293
158,15.8,-0.8387,-0.5446,B,48,17,18.81,0.48,158.4,9.47,0.338
158,15.8,-0.8387,-0.5446,C,69,32,32.11,0.69,227.7,6.74,0.53
158,15.8,-0.8387,-0.5446,D,77,44,40.14,0.77,254.1,6.49,0.634
159,15.9,-0.8526,-0.5225,A,44,11,13.24,0.44,145.2,9.61,0.281
159,15.9,-0.8526,-0.5225,B,57,26,24.07,0.57,188.1,8.99,0.428
159,15.9,-0.8526,-0.5225,C,67,33,29.85,0.67,221.1,7.55,0.516
159,15.9,-0.8526,-0.5225,D,84,52,46.19,0.84,277.2,5.28,0.714
160,16.0,-0.866,-0.5,A,48,15,16.68,0.48,158.4,10.02,0.324
160,16.0,-0.866,-0.5,B,64,30,29.79,0.64,211.2,7.89,0.492
160,16.0,-0.866,-0.5,C,72,39,34.95,0.72,237.6,7.59,0.577
160,16.0,-0.866,-0.5,D,87,58,50.57,0.87,287.1,6.28,0.763
161,16.1,-0.8788,-0.4772,A,53,20,20.34,0.53,174.9,7.87,0.376
161,16.1,-0.8788,-0.4772,B,64,31,30.02,0.64,211.2,7.53,0.497
161,16.1,-0.8788,-0.4772,C,74,43,40.07,0.74,244.2,7.11,0.617
161,16.1,-0.8788,-0.4772,D,83,48,44.4,0.83,273.9,4.8,0.689
162,16.2,-0.891,-0.454,A,49,19,18.93,0.49,161.7,8.77,0.35
162,16.2,-0.891,-0.454,B,65,32,28.62,0.65,214.5,7.56,0.5
162,16.2,-0.891,-0.454,C,76,45,41.87,0.76,250.8,6.15,0.639
162,16.2,-0.891,-0.454,D,89,62,57.23,0.89,293.7,4.71,0.808
163,16.3,-0.9026,-0.4305,A,56,24,21.84,0.56,184.8,7.94,0.409
163,16.3,-0.9026,-0.4305,B,62,28,26.94,0.62,204.6,7.03,0.467
163,16.3,-0.9026,-0.4305,C,75,39,37.46,0.75,247.5,6.26,0.599
163,16.3,-0.9026,-0.4305,D,99,75,66.77,0.99,326.7,4.0,0.931
164,16.4,-0.9135,-0.4067,A,55,20,20.21,0.55,181.5,7.84,0.385
164,16.4,-0.9135,-0.4067,B,70,36,34.95,0.7,231.0,7.5,0.558
164,16.4,-0.9135,-0.4067,C,86,57,51.21,0.86,283.8,4.97,0.757
164,16.4,-0.9135,-0.4067,D,100,78,70.08,1.0,330.0,4.43,0.957
165,16.5,-0.9239,-0.3827,A,56,22,20.36,0.56,184.8,8.5,0.397
165,16.5,-0.9239,-0.3827,B,80,47,42.37,0.8,264.0,6.32,0.666
165,16.5,-0.9239,-0.3827,C,86,55,49.83,0.86,283.8,4.82,0.746
165,16.5,-0.9239,-0.3827,D,105,83,72.49,1.0,346.5,4.0,0.982
166,16.6,-0.9336,-0.3584,A,65,35,32.41,0.65,214.5,8.24,0.523
166,16.6,-0.9336,-0.3584,B,65,33,29.74,0.65,214.5,8.09,0.507
166,16.6,-0.9336,-0.3584,C,79,46,43.58,0.79,260.7,6.48,0.662
166,16.6,-0.9336,-0.3584,D,116,93,80.52,1.0,382.8,4.0,1.0
167,16.7,-0.9426,-0.3338,A,58,23,23.32,0.58,191.4,8.01,0.419
167,16.7,-0.9426,-0.3338,B,72,38,35.33,0.72,237.6,6.97,0.575
167,16.7,-0.9426,-0.3338,C,92,65,59.42,0.92,303.6,4.92,0.84
167,16.7,-0.9426,-0.3338,D,106,88,78.55,1.0,349.8,4.64,1.0
168,16.8,-0.9511,-0.309,A,66,35,34.09,0.66,217.8,7.65,0.533
168,16.8,-0.9511,-0.309,B,82,46,43.27,0.82,270.6,5.82,0.674
168,16.8,-0.9511,-0.309,C,91,63,57.97,0.91,300.3,4.99,0.823
168,16.8,-0.9511,-0.309,D,118,94,84.11,1.0,389.4,4.0,1.0
169,16.9,-0.9588,-0.284,A,66,32,28.47,0.66,217.8,7.33,0.504
169,16.9,-0.9588,-0.284,B,87,59,51.42,0.87,287.1,5.45,0.769
169,16.9,-0.9588,-0.284,C,97,74,65.4,0.97,320.1,4.31,0.914
169,16.9,-0.9588,-0.284,D,123,96,84.0,1.0,405.9,4.0,1.0
170,17.0,-0.9659,-0.2588,A,66,31,28.83,0.66,217.8,8.35,0.502
170,17.0,-0.9659,-0.2588,B,84,56,48.63,0.84,277.2,6.2,0.736
170,17.0,-0.9659,-0.2588,C,106,82,72.64,1.0,349.8,4.3,0.979
170,17.0,-0.9659,-0.2588,D,127,104,92.41,1.0,419.1,4.37,1.0
171,17.1,-0.9724,-0.2334,A,71,40,35.56,0.71,234.3,7.52,0.578
171,17.1,-0.9724,-0.2334,B,95,69,60.43,0.95,313.5,4.91,0.87
171,17.1,-0.9724,-0.2334,C,107,86,77.73,1.0,353.1,4.43,1.0
171,17.1,-0.9724,-0.2334,D,130,105,92.57,1.0,429.0,4.32,1.0
172,17.2,-0.9781,-0.2079,A,67,33,30.95,0.67,221.1,6.88,0.52
172,17.2,-0.9781,-0.2079,B,94,67,58.92,0.94,310.2,4.24,0.854
172,17.2,-0.9781,-0.2079,C,107,82,74.33,1.0,353.1,4.0,0.985
172,17.2,-0.9781,-0.2079,D,127,102,89.23,1.0,419.1,4.0,1.0
173,17.3,-0.9833,-0.1822,A,76,45,42.43,0.76,250.8,6.96,0.641
173,17.3,-0.9833,-0.1822,B,87,58,52.85,0.87,287.1,5.4,0.771
173,17.3,-0.9833,-0.1822,C,106,83,72.31,1.0,349.8,4.0,0.982
173,17.3,-0.9833,-0.1822,D,133,103,91.2,1.0,438.9,4.47,1.0
174,17.4,-0.9877,-0.1564,A,78,46,43.14,0.78,257.4,5.83,0.656
174,17.4,-0.9877,-0.1564,B,101,79,69.19,1.0,333.3,4.13,0.957
174,17.4,-0.9877,-0.1564,C,115,88,75.96,1.0,379.5,4.0,1.0
174,17.4,-0.9877,-0.1564,D,137,110,98.48,1.0,452.1,4.02,1.0
175,17.5,-0.9914,-0.1305,A,78,46,41.1,0.78,257.4,5.95,0.649
175,17.5,-0.9914,-0.1305,B,96,75,67.98,0.96,316.8,4.15,0.921
175,17.5,-0.9914,-0.1305,C,110,87,75.04,1.0,363.0,4.77,1.0
175,17.5,-0.9914,-0.1305,D,132,101,89.47,1.0,435.6,4.48,1.0
176,17.6,-0.9945,-0.1045,A,80,50,46.55,0.8,264.0,6.64,0.69
176,17.6,-0.9945,-0.1045,B,106,86,76.45,1.0,349.8,4.33,1.0
176,17.6,-0.9945,-0.1045,C,117,93,83.08,1.0,386.1,5.05,1.0
176,17.6,-0.9945,-0.1045,D,134,104,91.79,1.0,442.2,4.0,1.0
177,17.7,-0.9969,-0.0785,A,80,43,38.4,0.8,264.0,6.67,0.638
177,17.7,-0.9969,-0.0785,B,101,82,70.91,1.0,333.3,4.96,0.973
177,17.7,-0.9969,-0.0785,C,127,100,88.71,1.0,419.1,4.44,1.0
177,17.7,-0.9969,-0.0785,D,137,109,96.41,1.0,452.1,4.0,1.0
178,17.8,-0.9986,-0.0523,A,84,56,49.7,0.84,277.2,5.92,0.74
178,17.8,-0.9986,-0.0523,B,94,66,59.92,0.94,310.2,4.93,0.854
178,17.8,-0.9986,-0.0523,C,128,101,90.2,1.0,422.4,4.43,1.0
178,17.8,-0.9986,-0.0523,D,145,117,103.66,1.0,478.5,4.41,1.0
179,17.9,-0.9997,-0.0262,A,80,49,44.6,0.8,264.0,5.56,0.68
179,17.9,-0.9997,-0.0262,B,98,72,65.89,0.98,323.4,4.63,0.913
179,17.9,-0.9997,-0.0262,C,127,104,90.82,1.0,419.1,4.0,1.0
179,17.9,-0.9997,-0.0262,D,139,113,100.58,1.0,458.7,4.29,1.0
180,18.0,-1.0,-0.0,A,74,41,39.3,0.74,244.2,6.61,0.608
180,18.0,-1.0,-0.0,B,100,78,70.51,1.0,330.0,4.66,0.958
180,18.0,-1.0,-0.0,C,121,98,88.19,1.0,399.3,4.76,1.0
180,18.0,-1.0,-0.0,D,139,110,94.77,1.0,458.7,4.0,1.0
181,18.1,-0.9997,0.0262,A,78,44,38.68,0.78,257.4,5.97,0.634
181,18.1,-0.9997,0.0262,B,96,69,60.05,0.96,316.8,4.44,0.874
181,18.1,-0.9997,0.0262,C,118,93,83.94,1.0,389.4,4.0,1.0
181,18.1,-0.9997,0.0262,D,137,108,94.0,1.0,452.1,4.69,1.0
182,18.2,-0.9986,0.0523,A,77,43,38.58,0.77,254.1,7.08,0.626
182,18.2,-0.9986,0.0523,B,94,68,60.17,0.94,310.2,4.91,0.862
182,18.2,-0.9986,0.0523,C,119,93,81.26,1.0,392.7,4.84,1.0
182,18.2,-0.9986,0.0523,D,140,112,98.22,1.0,462.0,4.0,1.0
183,18.3,-0.9969,0.0785,A,80,46,41.19,0.8,264.0,5.68,0.658
183,18.3,-0.9969,0.0785,B,98,72,65.49,0.98,323.4,4.16,0.911
183,18.3,-0.9969,0.0785,C,117,92,81.03,1.0,386.1,4.43,1.0
183,18.3,-0.9969,0.0785,D,145,118,104.75,1.0,478.5,4.5,1.0
184,18.4,-0.9945,0.1045,A,79,42,40.06,0.79,260.7,5.61,0.636
184,18.4,-0.9945,0.1045,B,95,74,65.87,0.95,313.5,4.61,0.906
184,18.4,-0.9945,0.1045,C,122,97,84.9,1.0,402.6,4.03,1.0
184,18.4,-0.9945,0.1045,D,141,111,98.4,1.0,465.3,4.0,1.0
185,18.5,-0.9914,0.1305,A,75,41,39.66,0.75,247.5,6.72,0.613
185,18.5,-0.9914,0.1305,B,90,61,55.43,0.9,297.0,6.48,0.803
185,18.5,-0.9914,0.1305,C,116,89,78.14,1.0,382.8,4.0,1.0
185,18.5,-0.9914,0.1305,D,136,106,92.21,1.0,448.8,4.31,1.0
186,18.6,-0.9877,0.1564,A,72,37,35.75,0.72,237.6,7.07,0.573
186,18.6,-0.9877,0.1564,B,93,67,58.52,0.93,306.9,5.07,0.848
186,18.6,-0.9877,0.1564,C,119,94,82.37,1.0,392.7,4.22,1.0
186,18.6,-0.9877,0.1564,D,128,103,89.25,1.0,422.4,4.4,1.0
187,18.7,-0.9833,0.1822,A,69,36,32.47,0.69,227.7,7.0,0.545
187,18.7,-0.9833,0.1822,B,95,71,63.86,0.95,313.5,4.84,0.889
187,18.7,-0.9833,0.1822,C,108,87,76.78,1.0,356.4,4.0,1.0
187,18.7,-0.9833,0.1822,D,128,104,89.56,1.0,422.4,4.15,1.0
188,18.8,-0.9781,0.2079,A,68,32,29.15,0.68,224.4,7.24,0.515
188,18.8,-0.9781,0.2079,B,94,72,62.82,0.94,310.2,4.64,0.884
188,18.8,-0.9781,0.2079,C,96,71,63.74,0.96,316.8,5.14,0.893
188,18.8,-0.9781,0.2079,D,125,98,86.34,1.0,412.5,4.0,1.0
189,18.9,-0.9724,0.2334,A,74,41,37.89,0.74,244.2,6.36,0.603
189,18.9,-0.9724,0.2334,B,88,59,52.9,0.88,290.4,5.07,0.779
189,18.9,-0.9724,0.2334,C,104,83,71.65,1.0,343.2,4.0,0.979
189,18.9,-0.9724,0.2334,D,122,98,85.42,1.0,402.6,4.0,1.0
190,19.0,-0.9659,0.2588,A,67,30,29.71,0.67,221.1,8.08,0.506
190,19.0,-0.9659,0.2588,B,83,52,46.15,0.83,273.9,5.59,0.709
190,19.0,-0.9659,0.2588,C,106,88,79.52,1.0,349.8,4.0,1.0
190,19.0,-0.9659,0.2588,D,119,98,85.24,1.0,392.7,4.23,1.0
191,19.1,-0.9588,0.284,A,66,31,31.2,0.66,217.8,7.72,0.509
191,19.1,-0.9588,0.284,B,84,55,50.46,0.84,277.2,4.99,0.739
191,19.1,-0.9588,0.284,C,104,82,74.49,1.0,343.2,4.33,0.985
191,19.1,-0.9588,0.284,D,119,93,83.9,1.0,392.7,4.0,1.0
192,19.2,-0.9511,0.309,A,68,36,35.56,0.68,224.4,6.73,0.551
192,19.2,-0.9511,0.309,B,75,41,36.89,0.75,247.5,6.19,0.604
192,19.2,-0.9511,0.309,C,101,79,71.89,1.0,333.3,4.0,0.966
192,19.2,-0.9511,0.309,D,108,84,76.27,1.0,356.4,4.31,0.998
193,19.3,-0.9426,0.3338,A,63,23,21.54,0.63,207.9,8.8,0.436
193,19.3,-0.9426,0.3338,B,76,44,40.71,0.76,250.8,6.9,0.632
193,19.3,-0.9426,0.3338,C,89,64,57.01,0.89,293.7,5.1,0.815
193,19.3,-0.9426,0.3338,D,112,87,75.71,1.0,369.6,4.63,1.0
194,19.4,-0.9336,0.3584,A,58,22,21.42,0.58,191.4,8.36,0.409
194,19.4,-0.9336,0.3584,B,83,52,46.4,0.83,273.9,4.89,0.71
194,19.4,-0.9336,0.3584,C,84,57,50.11,0.84,277.2,5.78,0.745
194,19.4,-0.9336,0.3584,D,101,80,71.93,1.0,333.3,4.52,0.97
195,19.5,-0.9239,0.3827,A,60,26,26.38,0.6,198.0,9.01,0.449
195,19.5,-0.9239,0.3827,B,76,42,38.01,0.76,250.8,6.93,0.616
195,19.5,-0.9239,0.3827,C,87,58,52.61,0.87,287.1,4.91,0.77
195,19.5,-0.9239,0.3827,D,101,81,72.81,1.0,333.3,4.0,0.976
196,19.6,-0.9135,0.4067,A,56,22,21.83,0.56,184.8,7.57,0.402
196,19.6,-0.9135,0.4067,B,73,39,35.54,0.73,240.9,7.01,0.583
196,19.6,-0.9135,0.4067,C,82,54,47.81,0.82,270.6,5.2,0.717
196,19.6,-0.9135,0.4067,D,101,77,69.74,1.0,333.3,4.68,0.952
197,19.7,-0.9026,0.4305,A,53,23,21.95,0.53,174.9,9.31,0.392
197,19.7,-0.9026,0.4305,B,65,28,25.14,0.65,214.5,7.25,0.474
197,19.7,-0.9026,0.4305,C,74,34,33.26,0.74,244.2,6.41,0.563
197,19.7,-0.9026,0.4305,D,89,62,55.24,0.89,293.7,5.46,0.802
198,19.8,-0.891,0.454,A,43,13,15.78,0.43,141.9,9.87,0.292
198,19.8,-0.891,0.454,B,74,40,36.63,0.74,244.2,6.43,0.595
198,19.8,-0.891,0.454,C,80,46,43.98,0.8,264.0,6.97,0.668
198,19.8,-0.891,0.454,D,93,67,58.42,0.93,306.9,4.49,0.848
199,19.9,-0.8788,0.4772,A,53,21,21.5,0.53,174.9,8.62,0.384
199,19.9,-0.8788,0.4772,B,60,21,22.18,0.6,198.0,8.62,0.417
199,19.9,-0.8788,0.4772,C,77,46,41.59,0.77,254.1,6.17,0.646
199,19.9,-0.8788,0.4772,D,86,54,49.6,0.86,283.8,4.63,0.741
200,20.0,-0.866,0.5,A,45,15,15.33,0.45,148.5,9.32,0.306
200,20.0,-0.866,0.5,B,58,22,23.22,0.58,191.4,8.1,0.415
200,20.0,-0.866,0.5,C,65,31,29.36,0.65,214.5,7.74,0.499
200,20.0,-0.866,0.5,D,83,54,48.51,0.83,273.9,6.53,0.724
201,20.1,-0.8526,0.5225,A,47,19,19.86,0.47,155.1,10.13,0.344
201,20.1,-0.8526,0.5225,B,55,21,22.18,0.55,181.5,8.67,0.395
201,20.1,-0.8526,0.5225,C,75,42,38.43,0.75,247.5,6.96,0.613
201,20.1,-0.8526,0.5225,D,80,49,44.59,0.8,264.0,5.87,0.68
202,20.2,-0.8387,0.5446,A,36,10,11.79,0.36,118.8,10.27,0.236
202,20.2,-0.8387,0.5446,B,55,25,23.63,0.55,181.5,8.19,0.414
202,20.2,-0.8387,0.5446,C,72,39,37.94,0.72,237.6,7.56,0.587
202,20.2,-0.8387,0.5446,D,76,43,40.19,0.76,250.8,6.33,0.626
203,20.3,-0.8241,0.5664,A,40,13,15.8,0.4,132.0,10.22,0.278
203,20.3,-0.8241,0.5664,B,48,15,15.94,0.48,158.4,8.7,0.322
203,20.3,-0.8241,0.5664,C,59,24,22.08,0.59,194.7,8.9,0.423
203,20.3,-0.8241,0.5664,D,73,37,32.52,0.73,240.9,6.67,0.566
204,20.4,-0.809,0.5878,A,46,19,17.8,0.46,151.8,9.22,0.333
204,20.4,-0.809,0.5878,B,50,17,15.61,0.5,165.0,8.97,0.337
204,20.4,-0.809,0.5878,C,54,24,21.51,0.54,178.2,8.54,0.399
204,20.4,-0.809,0.5878,D,73,38,33.46,0.73,240.9,7.29,0.573
205,20.5,-0.7934,0.6088,A,32,11,14.25,0.32,105.6,9.9,0.23
205,20.5,-0.7934,0.6088,B,52,17,19.07,0.52,171.6,9.29,0.357
205,20.5,-0.7934,0.6088,C,64,25,22.45,0.64,211.2,8.27,0.45
205,20.5,-0.7934,0.6088,D,69,33,29.95,0.69,227.7,7.5,0.526
206,20.6,-0.7771,0.6293,A,38,9,10.0,0.38,125.4,10.53,0.236
206,20.6,-0.7771,0.6293,B,45,15,15.52,0.45,148.5,9.18,0.307
206,20.6,-0.7771,0.6293,C,54,18,18.42,0.54,178.2,8.76,0.367
206,20.6,-0.7771,0.6293,D,63,30,27.12,0.63,207.9,8.12,0.479
207,20.7,-0.7604,0.6494,A,36,9,10.09,0.36,118.8,11.23,0.227
207,20.7,-0.7604,0.6494,B,43,17,16.22,0.43,141.9,9.27,0.307
207,20.7,-0.7604,0.6494,C,51,20,21.54,0.51,168.3,8.77,0.371
207,20.7,-0.7604,0.6494,D,69,34,30.86,0.69,227.7,6.46,0.532
208,20.8,-0.7431,0.6691,A,41,14,15.59,0.41,135.3,9.71,0.285
208,20.8,-0.7431,0.6691,B,51,20,19.44,0.51,168.3,8.58,0.364
208,20.8,-0.7431,0.6691,C,50,20,18.32,0.5,165.0,9.32,0.356
208,20.8,-0.7431,0.6691,D,69,37,33.61,0.69,227.7,7.29,0.552
209,20.9,-0.7254,0.6884,A,46,14,14.54,0.46,151.8,8.49,0.304
209,20.9,-0.7254,0.6884,B,41,15,14.56,0.41,135.3,10.0,0.286
209,20.9,-0.7254,0.6884,C,54,22,22.99,0.54,178.2,9.37,0.397
209,20.9,-0.7254,0.6884,D,64,31,28.36,0.64,211.2,7.3,0.491
210,21.0,-0.7071,0.7071,A,39,12,12.5,0.39,128.7,10.54,0.259
210,21.0,-0.7071,0.7071,B,51,22,22.0,0.51,168.3,9.38,0.38
210,21.0,-0.7071,0.7071,C,45,14,15.97,0.45,148.5,9.87,0.305
210,21.0,-0.7071,0.7071,D,57,25,25.24,0.57,188.1,7.68,0.428
211,21.1,-0.6884,0.7254,A,35,8,11.2,0.35,115.5,10.34,0.223
211,21.1,-0.6884,0.7254,B,33,8,9.66,0.33,108.9,10.94,0.209
211,21.1,-0.6884,0.7254,C,46,19,19.34,0.46,151.8,9.14,0.338
211,21.1,-0.6884,0.7254,D,56,23,20.75,0.56,184.8,8.48,0.402
212,21.2,-0.6691,0.7431,A,34,11,12.61,0.34,112.2,10.19,0.234
212,21.2,-0.6691,0.7431,B,42,14,14.26,0.42,138.6,9.4,0.286
212,21.2,-0.6691,0.7431,C,50,20,18.57,0.5,165.0,8.52,0.357
212,21.2,-0.6691,0.7431,D,63,32,31.8,0.63,207.9,7.88,0.502
213,21.3,-0.6494,0.7604,A,36,12,13.92,0.36,118.8,10.32,0.25
213,21.3,-0.6494,0.7604,B,42,14,15.43,0.42,138.6,9.23,0.289
213,21.3,-0.6494,0.7604,C,48,17,18.37,0.48,158.4,9.8,0.337
213,21.3,-0.6494,0.7604,D,52,16,15.14,0.52,171.6,9.18,0.34
214,21.4,-0.6293,0.7771,A,33,10,9.91,0.33,108.9,11.44,0.217
214,21.4,-0.6293,0.7771,B,38,10,9.5,0.38,125.4,10.33,0.238
214,21.4,-0.6293,0.7771,C,45,18,17.32,0.45,148.5,9.52,0.323
214,21.4,-0.6293,0.7771,D,56,24,21.74,0.56,184.8,9.82,0.408
215,21.5,-0.6088,0.7934,A,22,7,9.38,0.22,72.6,11.05,0.155
215,21.5,-0.6088,0.7934,B,37,10,9.89,0.37,122.1,9.98,0.234
215,21.5,-0.6088,0.7934,C,54,16,18.09,0.54,178.2,8.35,0.359
215,21.5,-0.6088,0.7934,D,61,25,24.94,0.61,201.3,7.14,0.445
216,21.6,-0.5878,0.809,A,26,8,8.33,0.26,85.8,10.9,0.173
216,21.6,-0.5878,0.809,B,41,16,17.4,0.41,135.3,10.25,0.299
216,21.6,-0.5878,0.809,C,50,19,19.15,0.5,165.0,9.39,0.355
216,21.6,-0.5878,0.809,D,62,27,26.42,0.62,204.6,6.99,0.462
217,21.7,-0.5664,0.8241,A,30,8,8.3,0.3,99.0,12.24,0.191
217,21.7,-0.5664,0.8241,B,36,8,8.03,0.36,118.8,10.42,0.217
217,21.7,-0.5664,0.8241,C,48,15,15.93,0.48,158.4,9.55,0.322
217,21.7,-0.5664,0.8241,D,49,21,19.86,0.49,161.7,9.11,0.36
218,21.8,-0.5446,0.8387,A,35,7,10.54,0.35,115.5,10.65,0.217
218,21.8,-0.5446,0.8387,B,44,13,14.61,0.44,145.2,10.29,0.292
218,21.8,-0.5446,0.8387,C,40,12,14.01,0.4,132.0,8.98,0.269
218,21.8,-0.5446,0.8387,D,58,23,23.62,0.58,191.4,8.17,0.42
219,21.9,-0.5225,0.8526,A,26,9,11.35,0.26,85.8,12.07,0.186
219,21.9,-0.5225,0.8526,B,36,6,9.84,0.36,118.8,9.79,0.216
219,21.9,-0.5225,0.8526,C,44,14,15.24,0.44,145.2,9.56,0.298
219,21.9,-0.5225,0.8526,D,55,21,20.87,0.55,181.5,8.29,0.391
220,22.0,-0.5,0.866,A,32,6,10.09,0.32,105.6,9.74,0.199
220,22.0,-0.5,0.866,B,35,8,11.33,0.35,115.5,10.36,0.223
220,22.0,-0.5,0.866,C,38,8,10.44,0.38,125.4,11.18,0.234
220,22.0,-0.5,0.866,D,50,18,20.12,0.5,165.0,9.28,0.355
221,22.1,-0.4772,0.8788,A,30,5,7.66,0.3,99.0,10.07,0.178
221,22.1,-0.4772,0.8788,B,45,13,13.62,0.45,148.5,9.33,0.293
221,22.1,-0.4772,0.8788,C,48,15,14.59,0.48,158.4,9.26,0.317
221,22.1,-0.4772,0.8788,D,50,20,20.31,0.5,165.0,9.15,0.363
222,22.2,-0.454,0.891,A,35,9,10.81,0.35,115.5,10.54,0.225
222,22.2,-0.454,0.891,B,34,9,9.84,0.34,112.2,10.98,0.217
222,22.2,-0.454,0.891,C,45,15,15.48,0.45,148.5,9.13,0.307
222,22.2,-0.454,0.891,D,54,23,20.87,0.54,178.2,8.79,0.393
223,22.3,-0.4305,0.9026,A,40,11,13.66,0.4,132.0,9.64,0.264
223,22.3,-0.4305,0.9026,B,42,14,13.06,0.42,138.6,9.39,0.282
223,22.3,-0.4305,0.9026,C,47,11,12.67,0.47,155.1,9.41,0.292
223,22.3,-0.4305,0.9026,D,55,25,26.05,0.55,181.5,8.49,0.422
224,22.4,-0.4067,0.9135,A,27,6,7.86,0.27,89.1,10.62,0.169
224,22.4,-0.4067,0.9135,B,44,15,17.36,0.44,145.2,9.31,0.308
224,22.4,-0.4067,0.9135,C,39,11,12.12,0.39,128.7,10.25,0.254
224,22.4,-0.4067,0.9135,D,58,26,25.32,0.58,191.4,7.97,0.436
225,22.5,-0.3827,0.9239,A,32,11,13.49,0.32,105.6,10.01,0.227
225,22.5,-0.3827,0.9239,B,45,15,16.17,0.45,148.5,9.8,0.309
225,22.5,-0.3827,0.9239,C,48,14,15.19,0.48,158.4,9.92,0.316
225,22.5,-0.3827,0.9239,D,55,19,19.82,0.55,181.5,8.6,0.38
226,22.6,-0.3584,0.9336,A,29,6,6.75,0.29,95.7,10.8,0.174
226,22.6,-0.3584,0.9336,B,35,9,10.24,0.35,115.5,10.41,0.223
226,22.6,-0.3584,0.9336,C,32,12,12.73,0.32,105.6,10.67,0.228
226,22.6,-0.3584,0.9336,D,53,19,17.43,0.53,174.9,8.74,0.363
227,22.7,-0.3338,0.9426,A,37,14,16.41,0.37,122.1,10.56,0.27
227,22.7,-0.3338,0.9426,B,38,15,13.93,0.38,125.4,10.49,0.27
227,22.7,-0.3338,0.9426,C,43,13,12.73,0.43,141.9,8.88,0.281
227,22.7,-0.3338,0.9426,D,53,21,19.42,0.53,174.9,8.8,0.377
228,22.8,-0.309,0.9511,A,34,5,5.56,0.34,112.2,10.02,0.189
228,22.8,-0.309,0.9511,B,45,10,9.6,0.45,148.5,9.35,0.269
228,22.8,-0.309,0.9511,C,40,11,10.74,0.4,132.0,10.05,0.254
228,22.8,-0.309,0.9511,D,55,20,19.57,0.55,181.5,9.1,0.383
229,22.9,-0.284,0.9588,A,28,6,6.82,0.28,92.4,11.47,0.17
229,22.9,-0.284,0.9588,B,42,10,13.19,0.42,138.6,11.12,0.268
229,22.9,-0.284,0.9588,C,44,14,14.3,0.44,145.2,9.86,0.295
229,22.9,-0.284,0.9588,D,51,18,17.9,0.51,168.3,9.22,0.352
230,23.0,-0.2588,0.9659,A,31,8,8.52,0.31,102.3,10.57,0.196
230,23.0,-0.2588,0.9659,B,42,12,13.51,0.42,138.6,10.6,0.276
230,23.0,-0.2588,0.9659,C,47,17,18.92,0.47,155.1,9.39,0.334
230,23.0,-0.2588,0.9659,D,51,18,18.49,0.51,168.3,8.39,0.354
231,23.1,-0.2334,0.9724,A,57,18,20.29,0.57,188.1,8.54,0.387
231,23.1,-0.2334,0.9724,B,58,22,20.33,0.58,191.4,8.1,0.406
231,23.1,-0.2334,0.9724,C,42,11,13.03,0.42,138.6,8.49,0.271
231,23.1,-0.2334,0.9724,D,50,20,20.3,0.5,165.0,8.16,0.363
232,23.2,-0.2079,0.9781,A,54,19,19.36,0.54,178.2,7.93,0.374
232,23.2,-0.2079,0.9781,B,64,32,30.46,0.64,211.2,7.35,0.502
232,23.2,-0.2079,0.9781,C,49,15,16.02,0.49,161.7,9.45,0.326
232,23.2,-0.2079,0.9781,D,56,22,20.23,0.56,184.8,9.66,0.396
233,23.3,-0.1822,0.9833,A,52,16,17.0,0.52,171.6,7.9,0.347
233,23.3,-0.1822,0.9833,B,63,29,26.79,0.63,207.9,7.64,0.474
233,23.3,-0.1822,0.9833,C,47,16,15.3,0.47,155.1,8.87,0.318
233,23.3,-0.1822,0.9833,D,52,21,20.48,0.52,171.6,9.89,0.376
234,23.4,-0.1564,0.9877,A,59,25,23.04,0.59,194.7,8.62,0.43
234,23.4,-0.1564,0.9877,B,63,31,29.07,0.63,207.9,7.95,0.489
234,23.4,-0.1564,0.9877,C,46,16,16.89,0.46,151.8,9.12,0.319
234,23.4,-0.1564,0.9877,D,49,16,15.83,0.49,161.7,8.74,0.329
235,23.5,-0.1305,0.9914,A,64,32,29.91,0.64,211.2,7.3,0.5
235,23.5,-0.1305,0.9914,B,63,26,24.23,0.63,207.9,7.81,0.455
235,23.5,-0.1305,0.9914,C,50,17,15.51,0.5,165.0,9.69,0.336
235,23.5,-0.1305,0.9914,D,57,23,22.81,0.57,188.1,8.84,0.413
236,23.6,-0.1045,0.9945,A,60,28,28.53,0.6,198.0,8.38,0.463
236,23.6,-0.1045,0.9945,B,60,25,23.13,0.6,198.0,8.28,0.435
236,23.6,-0.1045,0.9945,C,54,21,19.81,0.54,178.2,9.03,0.383
236,23.6,-0.1045,0.9945,D,56,21,19.69,0.56,184.8,7.59,0.391
237,23.7,-0.0785,0.9969,A,55,22,23.44,0.55,181.5,9.04,0.403
237,23.7,-0.0785,0.9969,B,59,27,27.81,0.59,194.7,8.67,0.453
237,23.7,-0.0785,0.9969,C,40,12,13.89,0.4,132.0,10.26,0.268
237,23.7,-0.0785,0.9969,D,59,25,23.5,0.59,194.7,7.42,0.431
238,23.8,-0.0523,0.9986,A,63,27,26.93,0.63,207.9,7.51,0.468
238,23.8,-0.0523,0.9986,B,56,21,21.98,0.56,184.8,8.12,0.399
238,23.8,-0.0523,0.9986,C,43,15,16.76,0.43,141.9,8.95,0.302
238,23.8,-0.0523,0.9986,D,47,16,15.04,0.47,155.1,8.95,0.318
239,23.9,-0.0262,0.9997,A,51,17,18.69,0.51,168.3,8.74,0.351
239,23.9,-0.0262,0.9997,B,65,29,28.41,0.65,214.5,7.78,0.489
239,23.9,-0.0262,0.9997,C,45,16,15.93,0.45,148.5,10.62,0.312
239,23.9,-0.0262,0.9997,D,52,17,16.7,0.52,171.6,8.84,0.349
240,0.0,0.0,1.0,A,31,9,9.2,0.31,102.3,10.8,0.202
240,0.0,0.0,1.0,B,39,14,16.15,0.39,128.7,10.48,0.278
240,0.0,0.0,1.0,C,44,15,17.18,0.44,145.2,9.81,0.308
240,0.0,0.0,1.0,D,49,19,18.16,0.49,161.7,9.69,0.348
241,0.1,0.0262,0.9997,A,29,7,7.16,0.29,95.7,10.96,0.179
241,0.1,0.0262,0.9997,B,45,14,13.57,0.45,148.5,10.03,0.297
241,0.1,0.0262,0.9997,C,45,17,16.21,0.45,148.5,9.55,0.316
241,0.1,0.0262,0.9997,D,60,24,24.71,0.6,198.0,9.2,0.436
242,0.2,0.0523,0.9986,A,32,10,9.92,0.32,105.6,11.01,0.212
242,0.2,0.0523,0.9986,B,41,11,13.87,0.41,135.3,10.6,0.269
242,0.2,0.0523,0.9986,C,42,14,14.53,0.42,138.6,9.84,0.286
242,0.2,0.0523,0.9986,D,53,17,16.45,0.53,174.9,9.13,0.353
243,0.3,0.0785,0.9969,A,29,8,10.9,0.29,95.7,10.55,0.195
243,0.3,0.0785,0.9969,B,36,10,13.4,0.36,118.8,10.25,0.242
243,0.3,0.0785,0.9969,C,38,8,9.18,0.38,125.4,8.83,0.23
243,0.3,0.0785,0.9969,D,56,23,22.58,0.56,184.8,8.96,0.408
244,0.4,0.1045,0.9945,A,29,7,9.6,0.29,95.7,10.29,0.187
244,0.4,0.1045,0.9945,B,45,18,17.08,0.45,148.5,9.32,0.322
244,0.4,0.1045,0.9945,C,47,18,17.98,0.47,155.1,8.49,0.334
244,0.4,0.1045,0.9945,D,51,19,18.43,0.51,168.3,9.75,0.357
245,0.5,0.1305,0.9914,A,33,9,10.03,0.33,108.9,9.97,0.213
245,0.5,0.1305,0.9914,B,35,11,11.02,0.35,115.5,10.82,0.233
245,0.5,0.1305,0.9914,C,46,16,16.32,0.46,151.8,9.43,0.317
245,0.5,0.1305,0.9914,D,47,14,15.39,0.47,155.1,8.57,0.312
246,0.6,0.1564,0.9877,A,27,7,7.09,0.27,89.1,11.2,0.17
246,0.6,0.1564,0.9877,B,35,9,10.43,0.35,115.5,11.03,0.224
246,0.6,0.1564,0.9877,C,45,19,20.6,0.45,148.5,9.4,0.338
246,0.6,0.1564,0.9877,D,59,25,26.2,0.59,194.7,8.3,0.44
247,0.7,0.1822,0.9833,A,26,8,9.95,0.26,85.8,11.5,0.178
247,0.7,0.1822,0.9833,B,34,6,9.38,0.34,112.2,10.32,0.205
247,0.7,0.1822,0.9833,C,49,16,14.6,0.49,161.7,8.59,0.325
247,0.7,0.1822,0.9833,D,48,17,16.62,0.48,158.4,8.55,0.331
248,0.8,0.2079,0.9781,A,21,2,6.2,0.21,69.3,11.83,0.122
248,0.8,0.2079,0.9781,B,41,11,14.16,0.41,135.3,9.74,0.27
248,0.8,0.2079,0.9781,C,44,14,14.09,0.44,145.2,9.14,0.294
248,0.8,0.2079,0.9781,D,50,17,17.99,0.5,165.0,9.17,0.344
249,0.9,0.2334,0.9724,A,30,10,9.81,0.3,99.0,10.86,0.203
249,0.9,0.2334,0.9724,B,38,14,16.64,0.38,125.4,10.22,0.275
249,0.9,0.2334,0.9724,C,44,15,14.89,0.44,145.2,9.18,0.3
249,0.9,0.2334,0.9724,D,45,17,16.09,0.45,148.5,8.39,0.316
250,1.0,0.2588,0.9659,A,25,7,8.19,0.25,82.5,12.17,0.164
250,1.0,0.2588,0.9659,B,37,12,11.82,0.37,122.1,10.94,0.248
250,1.0,0.2588,0.9659,C,41,13,13.56,0.41,135.3,9.64,0.275
250,1.0,0.2588,0.9659,D,52,19,17.32,0.52,171.6,9.03,0.358
251,1.1,0.284,0.9588,A,28,4,8.19,0.28,92.4,11.36,0.167
251,1.1,0.284,0.9588,B,35,12,12.57,0.35,115.5,10.2,0.241
251,1.1,0.284,0.9588,C,39,13,12.63,0.39,128.7,10.23,0.263
251,1.1,0.284,0.9588,D,56,20,20.54,0.56,184.8,7.89,0.39
252,1.2,0.309,0.9511,A,25,5,7.64,0.25,82.5,11.23,0.155
252,1.2,0.309,0.9511,B,42,13,13.0,0.42,138.6,9.63,0.278
252,1.2,0.309,0.9511,C,49,15,16.15,0.49,161.7,8.63,0.327
252,1.2,0.309,0.9511,D,58,23,22.43,0.58,191.4,8.51,0.416
253,1.3,0.3338,0.9426,A,27,7,7.39,0.27,89.1,11.09,0.171
253,1.3,0.3338,0.9426,B,41,10,9.72,0.41,135.3,10.47,0.252
253,1.3,0.3338,0.9426,C,38,12,12.75,0.38,125.4,9.92,0.255
253,1.3,0.3338,0.9426,D,51,17,16.68,0.51,168.3,8.9,0.345
254,1.4,0.3584,0.9336,A,31,11,13.89,0.31,102.3,11.64,0.224
254,1.4,0.3584,0.9336,B,48,16,18.27,0.48,158.4,9.0,0.333
254,1.4,0.3584,0.9336,C,40,9,11.69,0.4,132.0,10.18,0.25
254,1.4,0.3584,0.9336,D,51,20,21.52,0.51,168.3,9.68,0.371
255,1.5,0.3827,0.9239,A,23,5,8.23,0.23,75.9,11.57,0.148
255,1.5,0.3827,0.9239,B,41,13,13.83,0.41,135.3,9.85,0.276
255,1.5,0.3827,0.9239,C,35,9,12.29,0.35,115.5,11.24,0.23
255,1.5,0.3827,0.9239,D,54,20,19.73,0.54,178.2,9.17,0.379
256,1.6,0.4067,0.9135,A,28,9,11.83,0.28,92.4,11.24,0.197
256,1.6,0.4067,0.9135,B,40,14,16.28,0.4,132.0,10.3,0.283
256,1.6,0.4067,0.9135,C,42,13,13.66,0.42,138.6,9.52,0.28
256,1.6,0.4067,0.9135,D,61,25,24.79,0.61,201.3,8.6,0.445
257,1.7,0.4305,0.9026,A,32,7,9.13,0.32,105.6,10.44,0.199
257,1.7,0.4305,0.9026,B,33,9,9.51,0.33,108.9,11.51,0.212
257,1.7,0.4305,0.9026,C,44,15,15.65,0.44,145.2,9.63,0.303
257,1.7,0.4305,0.9026,D,56,21,20.64,0.56,184.8,8.86,0.394
258,1.8,0.454,0.891,A,28,6,6.1,0.28,92.4,11.54,0.167
258,1.8,0.454,0.891,B,32,9,9.26,0.32,105.6,11.38,0.206
258,1.8,0.454,0.891,C,48,20,20.93,0.48,158.4,8.29,0.356
258,1.8,0.454,0.891,D,56,21,22.44,0.56,184.8,8.54,0.4
259,1.9,0.4772,0.8788,A,28,5,8.51,0.28,92.4,10.34,0.172
259,1.9,0.4772,0.8788,B,44,17,16.81,0.44,145.2,9.56,0.314
259,1.9,0.4772,0.8788,C,47,17,16.18,0.47,155.1,8.71,0.325
259,1.9,0.4772,0.8788,D,51,19,19.69,0.51,168.3,9.84,0.362
260,2.0,0.5,0.866,A,27,5,5.42,0.27,89.1,11.57,0.157
260,2.0,0.5,0.866,B,29,8,9.54,0.29,95.7,11.5,0.19
260,2.0,0.5,0.866,C,45,16,15.64,0.45,148.5,9.32,0.311
260,2.0,0.5,0.866,D,49,22,22.1,0.49,161.7,9.75,0.371
261,2.1,0.5225,0.8526,A,28,5,7.72,0.28,92.4,11.2,0.169
261,2.1,0.5225,0.8526,B,38,9,11.32,0.38,125.4,10.38,0.24
261,2.1,0.5225,0.8526,C,51,22,21.66,0.51,168.3,7.9,0.379
261,2.1,0.5225,0.8526,D,54,18,19.52,0.54,178.2,8.68,0.371
262,2.2,0.5446,0.8387,A,38,10,11.25,0.38,125.4,10.41,0.244
262,2.2,0.5446,0.8387,B,29,8,11.49,0.29,95.7,10.97,0.197
262,2.2,0.5446,0.8387,C,35,10,12.45,0.35,115.5,10.46,0.234
262,2.2,0.5446,0.8387,D,50,19,17.2,0.5,165.0,8.91,0.349
263,2.3,0.5664,0.8241,A,37,11,12.29,0.37,122.1,11.48,0.246
263,2.3,0.5664,0.8241,B,39,11,12.07,0.39,128.7,9.29,0.254
263,2.3,0.5664,0.8241,C,42,14,13.68,0.42,138.6,10.59,0.284
263,2.3,0.5664,0.8241,D,52,20,18.48,0.52,171.6,8.49,0.366
264,2.4,0.5878,0.809,A,29,6,9.48,0.29,95.7,10.8,0.183
264,2.4,0.5878,0.809,B,30,7,9.26,0.3,99.0,10.69,0.19
264,2.4,0.5878,0.809,C,36,12,12.46,0.36,118.8,10.24,0.246
264,2.4,0.5878,0.809,D,48,17,19.32,0.48,158.4,9.05,0.34
265,2.5,0.6088,0.7934,A,37,12,12.34,0.37,122.1,9.92,0.25
265,2.5,0.6088,0.7934,B,47,19,18.28,0.47,155.1,9.26,0.339
265,2.5,0.6088,0.7934,C,47,16,14.82,0.47,155.1,9.75,0.317
265,2.5,0.6088,0.7934,D,52,21,19.85,0.52,171.6,9.93,0.374
266,2.6,0.6293,0.7771,A,34,8,10.04,0.34,112.2,10.11,0.214
266,2.6,0.6293,0.7771,B,37,13,12.37,0.37,122.1,9.47,0.253
266,2.6,0.6293,0.7771,C,47,17,17.75,0.47,155.1,9.42,0.33
266,2.6,0.6293,0.7771,D,47,15,17.27,0.47,155.1,10.03,0.322
267,2.7,0.6494,0.7604,A,33,9,11.14,0.33,108.9,10.48,0.217
267,2.7,0.6494,0.7604,B,34,11,11.55,0.34,112.2,11.14,0.23
267,2.7,0.6494,0.7604,C,47,15,15.65,0.47,155.1,9.6,0.316
267,2.7,0.6494,0.7604,D,46,15,15.62,0.46,151.8,9.29,0.312
268,2.8,0.6691,0.7431,A,28,6,6.91,0.28,92.4,10.96,0.17
268,2.8,0.6691,0.7431,B,44,14,13.04,0.44,145.2,9.63,0.29
268,2.8,0.6691,0.7431,C,50,18,19.84,0.5,165.0,9.06,0.354
268,2.8,0.6691,0.7431,D,48,16,17.92,0.48,158.4,9.6,0.332
269,2.9,0.6884,0.7254,A,25,9,12.4,0.25,82.5,11.0,0.185
269,2.9,0.6884,0.7254,B,32,10,13.22,0.32,105.6,11.16,0.223
269,2.9,0.6884,0.7254,C,47,15,16.7,0.47,155.1,9.23,0.32
269,2.9,0.6884,0.7254,D,49,15,17.68,0.49,161.7,8.57,0.332
270,3.0,0.7071,0.7071,A,36,12,15.11,0.36,118.8,10.99,0.254
270,3.0,0.7071,0.7071,B,35,12,11.92,0.35,115.5,10.39,0.239
270,3.0,0.7071,0.7071,C,50,17,17.03,0.5,165.0,8.48,0.341
270,3.0,0.7071,0.7071,D,62,26,23.33,0.62,204.6,8.23,0.448
271,3.1,0.7254,0.6884,A,28,3,4.22,0.28,92.4,10.58,0.151
271,3.1,0.7254,0.6884,B,29,7,10.49,0.29,95.7,10.74,0.19
271,3.1,0.7254,0.6884,C,46,13,14.71,0.46,151.8,10.26,0.302
271,3.1,0.7254,0.6884,D,49,18,16.33,0.49,161.7,7.81,0.338
272,3.2,0.7431,0.6691,A,34,12,11.35,0.34,112.2,10.65,0.233
272,3.2,0.7431,0.6691,B,37,11,13.99,0.37,122.1,8.93,0.252
272,3.2,0.7431,0.6691,C,47,19,20.34,0.47,155.1,9.25,0.346
272,3.2,0.7431,0.6691,D,57,19,21.02,0.57,188.1,8.08,0.393
273,3.3,0.7604,0.6494,A,27,7,10.4,0.27,89.1,10.87,0.181
273,3.3,0.7604,0.6494,B,37,6,9.61,0.37,122.1,10.94,0.22
273,3.3,0.7604,0.6494,C,47,15,15.98,0.47,155.1,8.38,0.317
273,3.3,0.7604,0.6494,D,53,23,21.77,0.53,174.9,8.68,0.392
274,3.4,0.7771,0.6293,A,28,6,7.29,0.28,92.4,11.08,0.171
274,3.4,0.7771,0.6293,B,44,13,13.38,0.44,145.2,9.36,0.288
274,3.4,0.7771,0.6293,C,44,15,17.7,0.44,145.2,8.94,0.31
274,3.4,0.7771,0.6293,D,52,19,19.99,0.52,171.6,9.32,0.367
275,3.5,0.7934,0.6088,A,31,7,8.08,0.31,102.3,10.82,0.191
275,3.5,0.7934,0.6088,B,32,6,6.21,0.32,105.6,11.74,0.186
275,3.5,0.7934,0.6088,C,46,16,16.33,0.46,151.8,8.56,0.317
275,3.5,0.7934,0.6088,D,64,31,30.93,0.64,211.2,7.53,0.5
276,3.6,0.809,0.5878,A,35,7,10.66,0.35,115.5,10.48,0.218
276,3.6,0.809,0.5878,B,40,9,12.49,0.4,132.0,9.81,0.253
276,3.6,0.809,0.5878,C,46,13,13.18,0.46,151.8,9.07,0.296
276,3.6,0.809,0.5878,D,45,13,12.67,0.45,148.5,9.58,0.29
277,3.7,0.8241,0.5664,A,32,3,4.59,0.32,105.6,10.48,0.17
277,3.7,0.8241,0.5664,B,36,10,11.78,0.36,118.8,10.6,0.236
277,3.7,0.8241,0.5664,C,45,16,14.66,0.45,148.5,9.34,0.307
277,3.7,0.8241,0.5664,D,45,17,19.43,0.45,148.5,9.96,0.327
278,3.8,0.8387,0.5446,A,31,4,6.53,0.31,102.3,10.28,0.175
278,3.8,0.8387,0.5446,B,36,15,14.66,0.36,118.8,10.36,0.263
278,3.8,0.8387,0.5446,C,53,21,20.91,0.53,174.9,9.37,0.382
278,3.8,0.8387,0.5446,D,49,17,16.84,0.49,161.7,8.55,0.336
279,3.9,0.8526,0.5225,A,36,9,10.59,0.36,118.8,10.56,0.229
279,3.9,0.8526,0.5225,B,43,16,15.55,0.43,141.9,9.43,0.301
279,3.9,0.8526,0.5225,C,45,12,12.24,0.45,148.5,8.06,0.285
279,3.9,0.8526,0.5225,D,55,22,23.15,0.55,181.5,8.77,0.402
280,4.0,0.866,0.5,A,31,6,9.57,0.31,102.3,11.68,0.192
280,4.0,0.866,0.5,B,40,11,12.18,0.4,132.0,9.87,0.259
280,4.0,0.866,0.5,C,49,17,16.43,0.49,161.7,8.74,0.335
280,4.0,0.866,0.5,D,47,12,13.3,0.47,155.1,9.02,0.298
281,4.1,0.8788,0.4772,A,25,8,10.75,0.25,82.5,10.66,0.176
281,4.1,0.8788,0.4772,B,32,8,9.08,0.32,105.6,9.77,0.202
281,4.1,0.8788,0.4772,C,42,11,14.25,0.42,138.6,9.14,0.275
281,4.1,0.8788,0.4772,D,43,14,13.87,0.43,141.9,9.73,0.289
282,4.2,0.891,0.454,A,35,12,13.63,0.35,115.5,10.61,0.245
282,4.2,0.891,0.454,B,35,10,12.46,0.35,115.5,10.15,0.234
282,4.2,0.891,0.454,C,47,15,13.87,0.47,155.1,9.24,0.31
282,4.2,0.891,0.454,D,58,23,24.36,0.58,191.4,8.07,0.423
283,4.3,0.9026,0.4305,A,35,7,9.13,0.35,115.5,10.29,0.212
283,4.3,0.9026,0.4305,B,35,8,9.44,0.35,115.5,10.14,0.217
283,4.3,0.9026,0.4305,C,41,14,14.37,0.41,135.3,10.04,0.281
283,4.3,0.9026,0.4305,D,53,18,18.32,0.53,174.9,8.28,0.363
284,4.4,0.9135,0.4067,A,32,9,12.03,0.32,105.6,11.47,0.216
284,4.4,0.9135,0.4067,B,33,8,10.61,0.33,108.9,10.59,0.212
284,4.4,0.9135,0.4067,C,45,15,15.07,0.45,148.5,10.03,0.305
284,4.4,0.9135,0.4067,D,56,24,22.58,0.56,184.8,8.14,0.411
285,4.5,0.9239,0.3827,A,38,10,12.27,0.38,125.4,10.73,0.247
285,4.5,0.9239,0.3827,B,45,16,15.7,0.45,148.5,10.29,0.311
285,4.5,0.9239,0.3827,C,36,9,10.97,0.36,118.8,10.47,0.23
285,4.5,0.9239,0.3827,D,58,25,22.45,0.58,191.4,9.38,0.423
286,4.6,0.9336,0.3584,A,30,4,5.64,0.3,99.0,10.97,0.168
286,4.6,0.9336,0.3584,B,32,6,7.96,0.32,105.6,10.35,0.192
286,4.6,0.9336,0.3584,C,48,18,16.72,0.48,158.4,9.54,0.335
286,4.6,0.9336,0.3584,D,56,22,22.28,0.56,184.8,8.58,0.403
287,4.7,0.9426,0.3338,A,32,11,12.94,0.32,105.6,11.63,0.226
287,4.7,0.9426,0.3338,B,27,7,7.28,0.27,89.1,11.09,0.17
287,4.7,0.9426,0.3338,C,38,10,11.68,0.38,125.4,10.39,0.245
287,4.7,0.9426,0.3338,D,51,18,16.72,0.51,168.3,9.14,0.348
288,4.8,0.9511,0.309,A,20,8,8.23,0.2,66.0,12.38,0.145
288,4.8,0.9511,0.309,B,40,13,12.35,0.4,132.0,10.55,0.267
288,4.8,0.9511,0.309,C,44,14,13.94,0.44,145.2,9.89,0.293
288,4.8,0.9511,0.309,D,54,23,23.39,0.54,178.2,8.82,0.401
289,4.9,0.9588,0.284,A,33,8,8.9,0.33,108.9,9.98,0.206
289,4.9,0.9588,0.284,B,45,16,14.7,0.45,148.5,9.43,0.307
289,4.9,0.9588,0.284,C,52,21,22.2,0.52,171.6,9.49,0.381
289,4.9,0.9588,0.284,D,61,27,27.88,0.61,201.3,7.52,0.462
290,5.0,0.9659,0.2588,A,31,10,9.66,0.31,102.3,11.41,0.207
290,5.0,0.9659,0.2588,B,38,10,9.72,0.38,125.4,11.11,0.238
290,5.0,0.9659,0.2588,C,43,9,12.36,0.43,141.9,9.01,0.266
290,5.0,0.9659,0.2588,D,61,25,26.14,0.61,201.3,7.98,0.449
291,5.1,0.9724,0.2334,A,31,4,5.82,0.31,102.3,11.43,0.173
291,5.1,0.9724,0.2334,B,46,14,14.16,0.46,151.8,9.87,0.303
291,5.1,0.9724,0.2334,C,50,16,14.76,0.5,165.0,9.52,0.33
291,5.1,0.9724,0.2334,D,58,24,23.24,0.58,191.4,8.73,0.422
292,5.2,0.9781,0.2079,A,34,8,11.09,0.34,112.2,10.34,0.218
292,5.2,0.9781,0.2079,B,34,10,10.27,0.34,112.2,9.79,0.222
292,5.2,0.9781,0.2079,C,52,21,19.05,0.52,171.6,8.72,0.371
292,5.2,0.9781,0.2079,D,63,30,26.87,0.63,207.9,6.75,0.478
293,5.3,0.9833,0.1822,A,36,13,12.8,0.36,118.8,10.14,0.25
293,5.3,0.9833,0.1822,B,40,12,14.56,0.4,132.0,9.68,0.271
293,5.3,0.9833,0.1822,C,56,23,21.86,0.56,184.8,8.99,0.405
293,5.3,0.9833,0.1822,D,51,20,20.32,0.51,168.3,9.62,0.367
294,5.4,0.9877,0.1564,A,38,13,12.87,0.38,125.4,9.75,0.259
294,5.4,0.9877,0.1564,B,41,13,15.48,0.41,135.3,9.49,0.282
294,5.4,0.9877,0.1564,C,52,20,18.74,0.52,171.6,9.76,0.366
294,5.4,0.9877,0.1564,D,66,33,32.39,0.66,217.8,7.96,0.52
295,5.5,0.9914,0.1305,A,33,10,12.06,0.33,108.9,10.77,0.224
295,5.5,0.9914,0.1305,B,44,14,13.57,0.44,145.2,9.37,0.292
295,5.5,0.9914,0.1305,C,49,19,18.09,0.49,161.7,9.55,0.347
295,5.5,0.9914,0.1305,D,62,27,26.99,0.62,204.6,7.67,0.463
296,5.6,0.9945,0.1045,A,40,12,11.79,0.4,132.0,9.38,0.261
296,5.6,0.9945,0.1045,B,48,18,18.67,0.48,158.4,8.77,0.341
296,5.6,0.9945,0.1045,C,51,21,20.64,0.51,168.3,9.04,0.372
296,5.6,0.9945,0.1045,D,63,26,24.52,0.63,207.9,7.24,0.456
297,5.7,0.9969,0.0785,A,30,8,11.46,0.3,99.0,11.21,0.201
297,5.7,0.9969,0.0785,B,45,16,18.23,0.45,148.5,9.14,0.319
297,5.7,0.9969,0.0785,C,59,25,24.96,0.59,194.7,7.68,0.436
297,5.7,0.9969,0.0785,D,63,27,24.53,0.63,207.9,7.62,0.46
298,5.8,0.9986,0.0523,A,38,9,11.83,0.38,125.4,9.62,0.242
298,5.8,0.9986,0.0523,B,51,21,21.0,0.51,168.3,8.29,0.373
298,5.8,0.9986,0.0523,C,63,31,29.86,0.63,207.9,8.25,0.492
298,5.8,0.9986,0.0523,D,67,35,34.72,0.67,221.1,7.5,0.54
299,5.9,0.9997,0.0262,A,42,11,13.05,0.42,138.6,9.25,0.271
299,5.9,0.9997,0.0262,B,54,21,21.97,0.54,178.2,8.7,0.39
299,5.9,0.9997,0.0262,C,59,27,26.47,0.59,194.7,7.29,0.448
299,5.9,0.9997,0.0262,D,61,29,29.39,0.61,201.3,7.57,0.474
300,6.0,1.0,0.0,A,43,15,14.76,0.43,141.9,9.64,0.295
300,6.0,1.0,0.0,B,51,19,20.03,0.51,168.3,9.29,0.363
300,6.0,1.0,0.0,C,66,30,26.61,0.66,217.8,8.19,0.491
300,6.0,1.0,0.0,D,66,32,29.14,0.66,217.8,7.31,0.506
301,6.1,0.9997,-0.0262,A,38,15,16.13,0.38,125.4,10.07,0.277
301,6.1,0.9997,-0.0262,B,56,21,21.5,0.56,184.8,8.02,0.397
301,6.1,0.9997,-0.0262,C,71,37,32.99,0.71,234.3,6.73,0.559
301,6.1,0.9997,-0.0262,D,72,37,35.71,0.72,237.6,6.64,0.573
302,6.2,0.9986,-0.0523,A,41,12,12.57,0.41,135.3,9.91,0.268
302,6.2,0.9986,-0.0523,B,57,21,22.79,0.57,188.1,8.19,0.406
302,6.2,0.9986,-0.0523,C,65,32,28.48,0.65,214.5,7.93,0.499
302,6.2,0.9986,-0.0523,D,79,49,44.43,0.79,260.7,6.2,0.675
303,6.3,0.9969,-0.0785,A,51,21,19.55,0.51,168.3,9.61,0.368
303,6.3,0.9969,-0.0785,B,52,19,19.29,0.52,171.6,8.52,0.365
303,6.3,0.9969,-0.0785,C,70,36,34.86,0.7,231.0,7.77,0.557
303,6.3,0.9969,-0.0785,D,81,51,45.99,0.81,267.3,6.12,0.696
304,6.4,0.9945,-0.1045,A,56,25,23.92,0.56,184.8,8.07,0.419
304,6.4,0.9945,-0.1045,B,58,22,21.72,0.58,191.4,8.82,0.41
304,6.4,0.9945,-0.1045,C,80,47,41.53,0.8,264.0,5.52,0.663
304,6.4,0.9945,-0.1045,D,96,72,63.89,0.96,316.8,4.56,0.897
305,6.5,0.9914,-0.1305,A,49,21,21.78,0.49,161.7,9.46,0.367
305,6.5,0.9914,-0.1305,B,61,24,22.35,0.61,201.3,8.16,0.433
305,6.5,0.9914,-0.1305,C,81,50,45.16,0.81,267.3,6.31,0.69
305,6.5,0.9914,-0.1305,D,87,56,50.55,0.87,287.1,6.4,0.756
306,6.6,0.9877,-0.1564,A,55,19,18.58,0.55,181.5,8.53,0.376
306,6.6,0.9877,-0.1564,B,67,38,36.97,0.67,221.1,7.07,0.558
306,6.6,0.9877,-0.1564,C,79,49,45.52,0.79,260.7,6.09,0.679
306,6.6,0.9877,-0.1564,D,105,83,72.53,1.0,346.5,4.0,0.982
307,6.7,0.9833,-0.1822,A,54,22,23.51,0.54,178.2,9.74,0.398
307,6.7,0.9833,-0.1822,B,72,36,33.1,0.72,237.6,6.95,0.56
307,6.7,0.9833,-0.1822,C,84,52,46.99,0.84,277.2,5.37,0.717
307,6.7,0.9833,-0.1822,D,100,79,71.86,1.0,330.0,4.0,0.966
308,6.8,0.9781,-0.2079,A,54,24,23.47,0.54,178.2,8.02,0.405
308,6.8,0.9781,-0.2079,B,76,41,39.71,0.76,250.8,6.6,0.618
308,6.8,0.9781,-0.2079,C,88,57,50.43,0.88,290.4,5.8,0.764
308,6.8,0.9781,-0.2079,D,104,85,76.82,1.0,343.2,4.95,1.0
309,6.9,0.9724,-0.2334,A,59,24,22.39,0.59,194.7,8.6,0.424
309,6.9,0.9724,-0.2334,B,80,46,41.23,0.8,264.0,5.74,0.658
309,6.9,0.9724,-0.2334,C,83,51,44.43,0.83,273.9,5.18,0.7
309,6.9,0.9724,-0.2334,D,99,77,67.09,0.99,326.7,4.4,0.939
310,7.0,0.9659,-0.2588,A,64,32,28.38,0.64,211.2,6.91,0.495
310,7.0,0.9659,-0.2588,B,82,53,49.29,0.82,270.6,5.6,0.719
310,7.0,0.9659,-0.2588,C,95,70,62.13,0.95,313.5,4.6,0.88
310,7.0,0.9659,-0.2588,D,115,92,80.0,1.0,379.5,4.44,1.0
311,7.1,0.9588,-0.284,A,66,32,29.36,0.66,217.8,7.53,0.507
311,7.1,0.9588,-0.284,B,75,45,39.32,0.75,247.5,7.08,0.626
311,7.1,0.9588,-0.284,C,99,78,69.96,0.99,326.7,4.0,0.952
311,7.1,0.9588,-0.284,D,122,96,85.34,1.0,402.6,4.16,1.0
312,7.2,0.9511,-0.309,A,73,39,36.09,0.73,240.9,6.99,0.585
312,7.2,0.9511,-0.309,B,78,45,41.7,0.78,257.4,6.24,0.648
312,7.2,0.9511,-0.309,C,95,71,63.86,0.95,313.5,5.03,0.889
312,7.2,0.9511,-0.309,D,113,84,75.41,1.0,372.9,4.23,0.995
313,7.3,0.9426,-0.3338,A,68,31,29.53,0.68,224.4,7.19,0.513
313,7.3,0.9426,-0.3338,B,81,50,44.02,0.81,267.3,5.82,0.686
313,7.3,0.9426,-0.3338,C,99,78,69.79,0.99,326.7,4.85,0.951
313,7.3,0.9426,-0.3338,D,116,94,81.84,1.0,382.8,4.0,1.0
314,7.4,0.9336,-0.3584,A,72,39,34.66,0.72,237.6,7.02,0.576
314,7.4,0.9336,-0.3584,B,91,63,55.19,0.91,300.3,4.52,0.814
314,7.4,0.9336,-0.3584,C,109,88,76.22,1.0,359.7,4.84,1.0
314,7.4,0.9336,-0.3584,D,122,97,87.25,1.0,402.6,4.53,1.0
315,7.5,0.9239,-0.3827,A,60,27,27.34,0.6,198.0,6.41,0.456
315,7.5,0.9239,-0.3827,B,85,57,52.78,0.85,280.5,5.6,0.758
315,7.5,0.9239,-0.3827,C,99,76,67.57,0.99,326.7,4.0,0.937
315,7.5,0.9239,-0.3827,D,126,100,87.34,1.0,415.8,4.89,1.0
316,7.6,0.9135,-0.4067,A,71,36,35.4,0.71,234.3,6.54,0.563
316,7.6,0.9135,-0.4067,B,88,55,47.89,0.88,290.4,5.14,0.748
316,7.6,0.9135,-0.4067,C,111,84,74.61,1.0,366.3,4.0,0.993
316,7.6,0.9135,-0.4067,D,117,93,81.08,1.0,386.1,4.35,1.0
317,7.7,0.9026,-0.4305,A,72,35,33.79,0.72,237.6,7.22,0.559
317,7.7,0.9026,-0.4305,B,87,57,52.55,0.87,287.1,5.26,0.766
317,7.7,0.9026,-0.4305,C,113,86,74.92,1.0,372.9,4.0,1.0
317,7.7,0.9026,-0.4305,D,130,103,91.44,1.0,429.0,4.6,1.0
318,7.8,0.891,-0.454,A,77,43,38.06,0.77,254.1,6.38,0.624
318,7.8,0.891,-0.454,B,87,59,53.33,0.87,287.1,5.33,0.776
318,7.8,0.891,-0.454,C,115,89,79.29,1.0,379.5,4.0,1.0
318,7.8,0.891,-0.454,D,130,104,90.6,1.0,429.0,4.91,1.0
319,7.9,0.8788,-0.4772,A,72,36,33.1,0.72,237.6,7.01,0.56
319,7.9,0.8788,-0.4772,B,100,79,71.88,1.0,330.0,4.0,0.966
319,7.9,0.8788,-0.4772,C,117,94,82.77,1.0,386.1,4.0,1.0
319,7.9,0.8788,-0.4772,D,129,103,89.22,1.0,425.7,4.36,1.0
320,8.0,0.866,-0.5,A,63,34,32.4,0.63,207.9,7.81,0.511
320,8.0,0.866,-0.5,B,96,71,61.6,0.96,316.8,4.58,0.886
320,8.0,0.866,-0.5,C,116,94,81.44,1.0,382.8,4.03,1.0
320,8.0,0.866,-0.5,D,132,103,90.04,1.0,435.6,4.0,1.0
321,8.1,0.8526,-0.5225,A,74,37,34.08,0.74,244.2,6.42,0.576
321,8.1,0.8526,-0.5225,B,94,69,61.76,0.94,310.2,5.38,0.87
321,8.1,0.8526,-0.5225,C,106,85,74.04,1.0,349.8,4.6,0.994
321,8.1,0.8526,-0.5225,D,123,97,87.33,1.0,405.9,4.04,1.0
322,8.2,0.8387,-0.5446,A,71,39,34.69,0.71,234.3,7.2,0.572
322,8.2,0.8387,-0.5446,B,89,63,58.3,0.89,293.7,5.54,0.815
322,8.2,0.8387,-0.5446,C,107,86,75.07,1.0,353.1,4.0,1.0
322,8.2,0.8387,-0.5446,D,132,106,92.71,1.0,435.6,4.0,1.0
323,8.3,0.8241,-0.5664,A,74,41,36.21,0.74,244.2,6.18,0.597
323,8.3,0.8241,-0.5664,B,84,53,46.54,0.84,277.2,5.39,0.719
323,8.3,0.8241,-0.5664,C,102,79,71.24,1.0,336.6,4.0,0.964
323,8.3,0.8241,-0.5664,D,130,101,87.46,1.0,429.0,4.0,1.0
324,8.4,0.809,-0.5878,A,75,43,38.31,0.75,247.5,6.19,0.616
324,8.4,0.809,-0.5878,B,89,59,55.09,0.89,293.7,5.38,0.791
324,8.4,0.809,-0.5878,C,106,87,77.26,1.0,349.8,4.22,1.0
324,8.4,0.809,-0.5878,D,131,103,91.92,1.0,432.3,4.0,1.0
325,8.5,0.7934,-0.6088,A,77,46,43.57,0.77,254.1,6.45,0.653
325,8.5,0.7934,-0.6088,B,85,56,51.03,0.85,280.5,6.03,0.749
325,8.5,0.7934,-0.6088,C,109,86,76.98,1.0,359.7,4.13,1.0
325,8.5,0.7934,-0.6088,D,121,95,81.82,1.0,399.3,4.0,1.0
326,8.6,0.7771,-0.6293,A,74,36,34.08,0.74,244.2,7.17,0.573
326,8.6,0.7771,-0.6293,B,89,60,55.41,0.89,293.7,5.1,0.795
326,8.6,0.7771,-0.6293,C,104,85,77.18,1.0,343.2,4.02,1.0
326,8.6,0.7771,-0.6293,D,119,92,82.91,1.0,392.7,4.81,1.0
327,8.7,0.7604,-0.6494,A,68,32,30.56,0.68,224.4,6.64,0.52
327,8.7,0.7604,-0.6494,B,88,61,53.63,0.88,290.4,5.13,0.788
327,8.7,0.7604,-0.6494,C,103,84,75.45,1.0,339.9,4.0,0.995
327,8.7,0.7604,-0.6494,D,122,99,86.88,1.0,402.6,4.26,1.0
328,8.8,0.7431,-0.6691,A,66,32,28.77,0.66,217.8,7.73,0.505
328,8.8,0.7431,-0.6691,B,82,52,48.73,0.82,270.6,5.72,0.713
328,8.8,0.7431,-0.6691,C,96,72,65.1,0.96,316.8,5.07,0.901
328,8.8,0.7431,-0.6691,D,113,88,78.91,1.0,372.9,4.0,1.0
329,8.9,0.7254,-0.6884,A,59,21,20.35,0.59,194.7,8.37,0.407
329,8.9,0.7254,-0.6884,B,70,35,32.85,0.7,231.0,7.65,0.547
329,8.9,0.7254,-0.6884,C,91,66,58.21,0.91,300.3,5.11,0.835
329,8.9,0.7254,-0.6884,D,113,94,81.02,1.0,372.9,4.65,1.0
330,9.0,0.7071,-0.7071,A,63,33,31.23,0.63,207.9,7.42,0.503
330,9.0,0.7071,-0.7071,B,76,41,36.06,0.76,250.8,5.29,0.606
330,9.0,0.7071,-0.7071,C,96,78,68.27,0.96,316.8,4.2,0.933
330,9.0,0.7071,-0.7071,D,111,88,76.95,1.0,366.3,4.0,1.0
331,9.1,0.6884,-0.7254,A,63,26,25.7,0.63,207.9,7.6,0.46
331,9.1,0.6884,-0.7254,B,80,47,44.87,0.8,264.0,5.94,0.674
331,9.1,0.6884,-0.7254,C,97,75,64.78,0.97,320.1,4.18,0.915
331,9.1,0.6884,-0.7254,D,105,85,77.12,1.0,346.5,4.23,1.0
332,9.2,0.6691,-0.7431,A,48,21,22.63,0.48,158.4,8.98,0.365
332,9.2,0.6691,-0.7431,B,73,36,33.48,0.73,240.9,6.68,0.566
332,9.2,0.6691,-0.7431,C,97,72,63.63,0.97,320.1,4.46,0.901
332,9.2,0.6691,-0.7431,D,95,71,62.7,0.95,313.5,5.14,0.885
333,9.3,0.6494,-0.7604,A,58,25,26.12,0.58,191.4,8.36,0.436
333,9.3,0.6494,-0.7604,B,73,38,34.29,0.73,240.9,6.8,0.576
333,9.3,0.6494,-0.7604,C,93,66,59.33,0.93,306.9,4.41,0.847
333,9.3,0.6494,-0.7604,D,101,79,69.8,1.0,333.3,4.23,0.959
334,9.4,0.6293,-0.7771,A,57,25,26.21,0.57,188.1,8.33,0.431
334,9.4,0.6293,-0.7771,B,58,23,23.98,0.58,191.4,7.29,0.421
334,9.4,0.6293,-0.7771,C,83,52,46.01,0.83,273.9,5.65,0.709
334,9.4,0.6293,-0.7771,D,96,72,65.96,0.96,316.8,4.0,0.904
335,9.5,0.6088,-0.7934,A,50,17,18.88,0.5,165.0,8.39,0.347
335,9.5,0.6088,-0.7934,B,62,24,25.06,0.62,204.6,7.23,0.447
335,9.5,0.6088,-0.7934,C,77,47,44.9,0.77,254.1,6.05,0.661
335,9.5,0.6088,-0.7934,D,89,60,52.63,0.89,293.7,4.42,0.786
336,9.6,0.5878,-0.809,A,51,16,17.49,0.51,168.3,9.7,0.344
336,9.6,0.5878,-0.809,B,61,30,26.96,0.61,201.3,8.98,0.469
336,9.6,0.5878,-0.809,C,74,38,34.38,0.74,244.2,6.73,0.581
336,9.6,0.5878,-0.809,D,84,54,48.84,0.84,277.2,5.74,0.73
337,9.7,0.5664,-0.8241,A,47,15,17.11,0.47,155.1,9.63,0.321
337,9.7,0.5664,-0.8241,B,57,24,23.02,0.57,188.1,7.74,0.417
337,9.7,0.5664,-0.8241,C,70,35,31.81,0.7,231.0,7.24,0.544
337,9.7,0.5664,-0.8241,D,83,53,46.27,0.83,273.9,5.52,0.713
338,9.8,0.5446,-0.8387,A,41,13,15.79,0.41,135.3,10.25,0.283
338,9.8,0.5446,-0.8387,B,61,28,28.68,0.61,201.3,8.48,0.468
338,9.8,0.5446,-0.8387,C,69,35,32.82,0.69,227.7,7.21,0.542
338,9.8,0.5446,-0.8387,D,74,41,37.78,0.74,244.2,6.19,0.602
339,9.9,0.5225,-0.8526,A,43,11,14.15,0.43,141.9,9.09,0.279
339,9.9,0.5225,-0.8526,B,45,16,15.8,0.45,148.5,10.28,0.311
339,9.9,0.5225,-0.8526,C,59,24,25.26,0.59,194.7,7.98,0.434
339,9.9,0.5225,-0.8526,D,71,35,31.07,0.71,234.3,7.29,0.546
340,10.0,0.5,-0.866,A,40,12,11.54,0.4,132.0,10.29,0.26
340,10.0,0.5,-0.866,B,55,21,21.98,0.55,181.5,8.61,0.394
340,10.0,0.5,-0.866,C,64,30,28.53,0.64,211.2,7.95,0.488
340,10.0,0.5,-0.866,D,71,36,32.45,0.71,234.3,6.7,0.554
341,10.1,0.4772,-0.8788,A,37,12,11.47,0.37,122.1,10.07,0.247
341,10.1,0.4772,-0.8788,B,55,22,23.31,0.55,181.5,9.14,0.402
341,10.1,0.4772,-0.8788,C,59,25,24.93,0.59,194.7,8.1,0.436
341,10.1,0.4772,-0.8788,D,75,39,37.37,0.75,247.5,6.8,0.599
342,10.2,0.454,-0.891,A,35,10,11.74,0.35,115.5,9.9,0.232
342,10.2,0.454,-0.891,B,48,13,14.14,0.48,158.4,8.88,0.309
342,10.2,0.454,-0.891,C,58,24,24.44,0.58,191.4,7.8,0.426
342,10.2,0.454,-0.891,D,74,38,35.61,0.74,244.2,6.41,0.585
343,10.3,0.4305,-0.9026,A,35,8,10.59,0.35,115.5,9.45,0.221
343,10.3,0.4305,-0.9026,B,52,23,20.57,0.52,171.6,7.83,0.383
343,10.3,0.4305,-0.9026,C,57,22,23.38,0.57,188.1,7.95,0.411
343,10.3,0.4305,-0.9026,D,59,27,27.72,0.59,194.7,8.24,0.452
344,10.4,0.4067,-0.9135,A,34,10,12.18,0.34,112.2,10.18,0.229
344,10.4,0.4067,-0.9135,B,34,9,9.86,0.34,112.2,11.3,0.217
344,10.4,0.4067,-0.9135,C,59,24,24.4,0.59,194.7,7.85,0.431
344,10.4,0.4067,-0.9135,D,62,28,27.13,0.62,204.6,7.78,0.467
345,10.5,0.3827,-0.9239,A,46,17,16.91,0.46,151.8,9.46,0.323
345,10.5,0.3827,-0.9239,B,50,20,19.23,0.5,165.0,9.05,0.359
345,10.5,0.3827,-0.9239,C,55,23,21.54,0.55,181.5,8.11,0.4
345,10.5,0.3827,-0.9239,D,65,31,30.25,0.65,214.5,6.4,0.502
346,10.6,0.3584,-0.9336,A,33,7,8.89,0.33,108.9,11.33,0.203
346,10.6,0.3584,-0.9336,B,44,15,16.52,0.44,145.2,9.37,0.306
346,10.6,0.3584,-0.9336,C,60,27,25.6,0.6,198.0,8.25,0.45
346,10.6,0.3584,-0.9336,D,56,27,25.3,0.56,184.8,8.63,0.431
347,10.7,0.3338,-0.9426,A,34,11,10.69,0.34,112.2,11.37,0.227
347,10.7,0.3338,-0.9426,B,41,13,15.63,0.41,135.3,10.62,0.282
347,10.7,0.3338,-0.9426,C,48,14,16.49,0.48,158.4,9.37,0.32
347,10.7,0.3338,-0.9426,D,62,27,24.66,0.62,204.6,8.26,0.456
348,10.8,0.309,-0.9511,A,31,5,6.25,0.31,102.3,10.46,0.178
348,10.8,0.309,-0.9511,B,39,13,13.82,0.39,128.7,9.23,0.267
348,10.8,0.309,-0.9511,C,55,20,21.57,0.55,181.5,8.15,0.389
348,10.8,0.309,-0.9511,D,63,27,24.47,0.63,207.9,7.99,0.46
349,10.9,0.284,-0.9588,A,37,10,10.49,0.37,122.1,10.47,0.236
349,10.9,0.284,-0.9588,B,45,16,16.71,0.45,148.5,8.7,0.314
349,10.9,0.284,-0.9588,C,43,15,17.21,0.43,141.9,10.26,0.303
349,10.9,0.284,-0.9588,D,52,21,19.14,0.52,171.6,7.79,0.371
350,11.0,0.2588,-0.9659,A,29,8,10.51,0.29,95.7,11.2,0.194
350,11.0,0.2588,-0.9659,B,46,17,16.87,0.46,151.8,10.02,0.323
350,11.0,0.2588,-0.9659,C,45,17,17.73,0.45,148.5,9.16,0.321
350,11.0,0.2588,-0.9659,D,62,27,27.22,0.62,204.6,6.92,0.464
351,11.1,0.2334,-0.9724,A,57,25,24.9,0.57,188.1,8.72,0.427
351,11.1,0.2334,-0.9724,B,60,26,24.76,0.6,198.0,8.18,0.444
351,11.1,0.2334,-0.9724,C,47,14,13.82,0.47,155.1,9.8,0.307
351,11.1,0.2334,-0.9724,D,52,23,20.91,0.52,171.6,8.11,0.384
352,11.2,0.2079,-0.9781,A,53,20,21.85,0.53,174.9,8.64,0.381
352,11.2,0.2079,-0.9781,B,70,34,32.15,0.7,231.0,6.85,0.541
352,11.2,0.2079,-0.9781,C,52,20,19.91,0.52,171.6,8.02,0.37
352,11.2,0.2079,-0.9781,D,51,15,14.1,0.51,168.3,9.19,0.329
353,11.3,0.1822,-0.9833,A,57,26,27.1,0.57,188.1,7.84,0.438
353,11.3,0.1822,-0.9833,B,59,24,22.54,0.59,194.7,8.0,0.425
353,11.3,0.1822,-0.9833,C,45,16,15.05,0.45,148.5,9.68,0.309
353,11.3,0.1822,-0.9833,D,58,24,22.55,0.58,191.4,7.64,0.42
354,11.4,0.1564,-0.9877,A,54,24,25.36,0.54,178.2,8.55,0.412
354,11.4,0.1564,-0.9877,B,61,28,26.06,0.61,201.3,6.16,0.459
354,11.4,0.1564,-0.9877,C,49,18,20.05,0.49,161.7,9.32,0.35
354,11.4,0.1564,-0.9877,D,55,24,22.61,0.55,181.5,8.64,0.407
355,11.5,0.1305,-0.9914,A,48,15,15.62,0.48,158.4,8.9,0.321
355,11.5,0.1305,-0.9914,B,62,26,23.54,0.62,204.6,7.88,0.448
355,11.5,0.1305,-0.9914,C,45,12,12.93,0.45,148.5,9.83,0.288
355,11.5,0.1305,-0.9914,D,57,20,19.27,0.57,188.1,7.93,0.391
356,11.6,0.1045,-0.9945,A,50,18,17.24,0.5,165.0,8.94,0.345
356,11.6,0.1045,-0.9945,B,71,38,37.16,0.71,234.3,6.99,0.576
356,11.6,0.1045,-0.9945,C,48,16,15.39,0.48,158.4,9.55,0.323
356,11.6,0.1045,-0.9945,D,48,18,16.66,0.48,158.4,9.14,0.335
357,11.7,0.0785,-0.9969,A,59,25,25.87,0.59,194.7,7.95,0.439
357,11.7,0.0785,-0.9969,B,58,22,23.57,0.58,191.4,8.43,0.417
357,11.7,0.0785,-0.9969,C,39,7,9.35,0.39,128.7,10.64,0.231
357,11.7,0.0785,-0.9969,D,46,16,17.14,0.46,151.8,9.29,0.32
358,11.8,0.0523,-0.9986,A,46,16,16.17,0.46,151.8,9.56,0.317
358,11.8,0.0523,-0.9986,B,57,23,20.88,0.57,188.1,8.64,0.407
358,11.8,0.0523,-0.9986,C,38,13,15.47,0.38,125.4,9.52,0.268
358,11.8,0.0523,-0.9986,D,51,20,19.06,0.51,168.3,8.59,0.363
359,11.9,0.0262,-0.9997,A,52,21,20.14,0.52,171.6,9.17,0.375
359,11.9,0.0262,-0.9997,B,62,26,25.14,0.62,204.6,7.66,0.454
359,11.9,0.0262,-0.9997,C,49,17,19.17,0.49,161.7,9.03,0.344
359,11.9,0.0262,-0.9997,D,42,10,10.3,0.42,138.6,9.59,0.258
360,12.0,0.0,-1.0,A,30,7,8.0,0.3,99.0,11.17,0.186
360,12.0,0.0,-1.0,B,39,6,10.01,0.39,128.7,9.83,0.23
360,12.0,0.0,-1.0,C,42,12,12.37,0.42,138.6,9.59,0.272
360,12.0,0.0,-1.0,D,47,17,17.1,0.47,155.1,9.7,0.328
361,12.1,-0.0262,-0.9997,A,31,5,7.71,0.31,102.3,10.82,0.183
361,12.1,-0.0262,-0.9997,B,35,12,13.75,0.35,115.5,10.98,0.245
361,12.1,-0.0262,-0.9997,C,42,13,13.76,0.42,138.6,8.81,0.28
361,12.1,-0.0262,-0.9997,D,51,19,18.39,0.51,168.3,9.72,0.357
362,12.2,-0.0523,-0.9986,A,31,8,10.49,0.31,102.3,10.91,0.202
362,12.2,-0.0523,-0.9986,B,35,9,9.56,0.35,115.5,10.67,0.221
362,12.2,-0.0523,-0.9986,C,44,18,18.09,0.44,145.2,9.91,0.321
362,12.2,-0.0523,-0.9986,D,43,16,18.42,0.43,141.9,10.22,0.311
363,12.3,-0.0785,-0.9969,A,19,5,9.06,0.19,62.7,11.35,0.133
363,12.3,-0.0785,-0.9969,B,41,15,15.63,0.41,135.3,9.29,0.289
363,12.3,-0.0785,-0.9969,C,47,14,13.14,0.47,155.1,9.92,0.304
363,12.3,-0.0785,-0.9969,D,42,16,17.91,0.42,138.6,9.6,0.305
364,12.4,-0.1045,-0.9945,A,30,5,8.99,0.3,99.0,11.11,0.182
364,12.4,-0.1045,-0.9945,B,38,10,11.38,0.38,125.4,9.31,0.244
364,12.4,-0.1045,-0.9945,C,44,14,16.61,0.44,145.2,10.5,0.302
364,12.4,-0.1045,-0.9945,D,56,22,22.19,0.56,184.8,8.78,0.403
365,12.5,-0.1305,-0.9914,A,32,10,10.9,0.32,105.6,11.08,0.215
365,12.5,-0.1305,-0.9914,B,27,5,8.47,0.27,89.1,10.87,0.167
365,12.5,-0.1305,-0.9914,C,41,11,12.37,0.41,135.3,9.7,0.264
365,12.5,-0.1305,-0.9914,D,55,21,21.84,0.55,181.5,8.21,0.394
366,12.6,-0.1564,-0.9877,A,35,10,13.34,0.35,115.5,10.71,0.237
366,12.6,-0.1564,-0.9877,B,43,13,15.99,0.43,141.9,9.7,0.292
366,12.6,-0.1564,-0.9877,C,40,11,13.02,0.4,132.0,10.32,0.262
366,12.6,-0.1564,-0.9877,D,45,12,14.54,0.45,148.5,10.58,0.293
367,12.7,-0.1822,-0.9833,A,28,3,5.7,0.28,92.4,11.72,0.156
367,12.7,-0.1822,-0.9833,B,40,15,14.35,0.4,132.0,9.4,0.28
367,12.7,-0.1822,-0.9833,C,44,16,17.52,0.44,145.2,10.13,0.312
367,12.7,-0.1822,-0.9833,D,52,21,20.79,0.52,171.6,8.85,0.377
368,12.8,-0.2079,-0.9781,A,25,6,9.31,0.25,82.5,11.65,0.165
368,12.8,-0.2079,-0.9781,B,36,14,16.01,0.36,118.8,10.5,0.264
368,12.8,-0.2079,-0.9781,C,46,14,13.04,0.46,151.8,8.8,0.299
368,12.8,-0.2079,-0.9781,D,52,19,18.88,0.52,171.6,8.27,0.363
369,12.9,-0.2334,-0.9724,A,27,7,8.96,0.27,89.1,11.41,0.176
369,12.9,-0.2334,-0.9724,B,31,10,12.45,0.31,102.3,11.89,0.216
369,12.9,-0.2334,-0.9724,C,50,17,17.18,0.5,165.0,10.12,0.342
369,12.9,-0.2334,-0.9724,D,51,16,14.94,0.51,168.3,9.4,0.335
370,13.0,-0.2588,-0.9659,A,26,7,8.38,0.26,85.8,11.93,0.169
370,13.0,-0.2588,-0.9659,B,39,9,8.92,0.39,128.7,10.43,0.237
370,13.0,-0.2588,-0.9659,C,44,16,17.48,0.44,145.2,9.52,0.312
370,13.0,-0.2588,-0.9659,D,56,23,24.18,0.56,184.8,7.75,0.413
371,13.1,-0.284,-0.9588,A,33,12,14.83,0.33,108.9,10.72,0.24
371,13.1,-0.284,-0.9588,B,32,8,9.73,0.32,105.6,11.26,0.204
371,13.1,-0.284,-0.9588,C,44,14,14.2,0.44,145.2,9.56,0.294
371,13.1,-0.284,-0.9588,D,53,24,22.05,0.53,174.9,8.5,0.396
372,13.2,-0.309,-0.9511,A,37,10,12.97,0.37,122.1,11.03,0.245
372,13.2,-0.309,-0.9511,B,42,14,13.96,0.42,138.6,9.56,0.285
372,13.2,-0.309,-0.9511,C,45,16,17.62,0.45,148.5,9.36,0.317
372,13.2,-0.309,-0.9511,D,46,18,16.72,0.46,151.8,9.7,0.326
373,13.3,-0.3338,-0.9426,A,33,8,9.87,0.33,108.9,9.71,0.209
373,13.3,-0.3338,-0.9426,B,35,13,13.69,0.35,115.5,10.76,0.249
373,13.3,-0.3338,-0.9426,C,51,21,21.69,0.51,168.3,8.08,0.375
373,13.3,-0.3338,-0.9426,D,51,19,20.7,0.51,168.3,8.12,0.365
374,13.4,-0.3584,-0.9336,A,36,9,9.04,0.36,118.8,10.51,0.224
374,13.4,-0.3584,-0.9336,B,37,9,10.66,0.37,122.1,10.61,0.234
374,13.4,-0.3584,-0.9336,C,43,11,13.47,0.43,141.9,9.34,0.277
374,13.4,-0.3584,-0.9336,D,56,23,22.07,0.56,184.8,8.81,0.406
375,13.5,-0.3827,-0.9239,A,41,13,14.29,0.41,135.3,10.54,0.278
375,13.5,-0.3827,-0.9239,B,21,5,7.42,0.21,69.3,11.61,0.137
375,13.5,-0.3827,-0.9239,C,47,15,17.48,0.47,155.1,9.24,0.322
375,13.5,-0.3827,-0.9239,D,55,22,20.15,0.55,181.5,7.98,0.392
376,13.6,-0.4067,-0.9135,A,27,3,5.08,0.27,89.1,11.15,0.149
376,13.6,-0.4067,-0.9135,B,44,13,14.09,0.44,145.2,9.23,0.29
376,13.6,-0.4067,-0.9135,C,47,14,15.16,0.47,155.1,9.46,0.311
376,13.6,-0.4067,-0.9135,D,53,19,18.36,0.53,174.9,8.54,0.366
377,13.7,-0.4305,-0.9026,A,30,9,8.69,0.3,99.0,10.67,0.195
377,13.7,-0.4305,-0.9026,B,37,7,8.84,0.37,122.1,10.56,0.22
377,13.7,-0.4305,-0.9026,C,50,19,19.8,0.5,165.0,9.66,0.357
377,13.7,-0.4305,-0.9026,D,52,16,14.79,0.52,171.6,8.96,0.339
378,13.8,-0.454,-0.891,A,34,10,10.15,0.34,112.2,10.76,0.222
378,13.8,-0.454,-0.891,B,39,11,13.97,0.39,128.7,10.28,0.261
378,13.8,-0.454,-0.891,C,48,13,12.25,0.48,158.4,8.4,0.302
378,13.8,-0.454,-0.891,D,51,20,18.0,0.51,168.3,8.41,0.36
379,13.9,-0.4772,-0.8788,A,28,4,6.34,0.28,92.4,10.48,0.161
379,13.9,-0.4772,-0.8788,B,33,9,8.74,0.33,108.9,10.84,0.209
379,13.9,-0.4772,-0.8788,C,50,18,17.51,0.5,165.0,9.13,0.346
379,13.9,-0.4772,-0.8788,D,52,22,19.91,0.52,171.6,9.8,0.377
380,14.0,-0.5,-0.866,A,32,6,6.93,0.32,105.6,12.32,0.188
380,14.0,-0.5,-0.866,B,39,12,14.57,0.39,128.7,10.06,0.266
380,14.0,-0.5,-0.866,C,44,15,14.17,0.44,145.2,8.98,0.298
380,14.0,-0.5,-0.866,D,53,16,17.16,0.53,174.9,8.63,0.352
381,14.1,-0.5225,-0.8526,A,30,5,6.35,0.3,99.0,11.45,0.174
381,14.1,-0.5225,-0.8526,B,35,6,7.55,0.35,115.5,10.61,0.204
381,14.1,-0.5225,-0.8526,C,47,16,16.37,0.47,155.1,8.53,0.322
381,14.1,-0.5225,-0.8526,D,67,32,28.98,0.67,221.1,7.46,0.51
382,14.2,-0.5446,-0.8387,A,34,8,8.56,0.34,112.2,9.87,0.21
382,14.2,-0.5446,-0.8387,B,40,8,8.74,0.4,132.0,10.13,0.237
382,14.2,-0.5446,-0.8387,C,49,22,23.48,0.49,161.7,9.92,0.376
382,14.2,-0.5446,-0.8387,D,51,24,22.47,0.51,168.3,7.73,0.388
383,14.3,-0.5664,-0.8241,A,24,0,3.83,0.24,79.2,11.46,0.121
383,14.3,-0.5664,-0.8241,B,41,13,14.23,0.41,135.3,9.6,0.277
383,14.3,-0.5664,-0.8241,C,49,16,18.54,0.49,161.7,9.31,0.338
383,14.3,-0.5664,-0.8241,D,58,28,28.2,0.58,191.4,7.16,0.453
384,14.4,-0.5878,-0.809,A,21,4,6.37,0.21,69.3,11.19,0.13
384,14.4,-0.5878,-0.809,B,41,13,14.58,0.41,135.3,10.23,0.279
384,14.4,-0.5878,-0.809,C,48,15,14.23,0.48,158.4,9.24,0.316
384,14.4,-0.5878,-0.809,D,52,23,20.91,0.52,171.6,7.97,0.384
385,14.5,-0.6088,-0.7934,A,26,6,10.05,0.26,85.8,12.27,0.171
385,14.5,-0.6088,-0.7934,B,43,12,15.1,0.43,141.9,9.56,0.286
385,14.5,-0.6088,-0.7934,C,45,12,13.8,0.45,148.5,8.63,0.29
385,14.5,-0.6088,-0.7934,D,57,24,22.4,0.57,188.1,8.67,0.415
386,14.6,-0.6293,-0.7771,A,33,8,10.09,0.33,108.9,9.81,0.21
386,14.6,-0.6293,-0.7771,B,35,11,14.23,0.35,115.5,9.93,0.243
386,14.6,-0.6293,-0.7771,C,50,16,16.3,0.5,165.0,8.21,0.335
386,14.6,-0.6293,-0.7771,D,55,22,21.87,0.55,181.5,9.19,0.397
387,14.7,-0.6494,-0.7604,A,29,6,6.44,0.29,95.7,10.62,0.173
387,14.7,-0.6494,-0.7604,B,44,13,13.71,0.44,145.2,10.39,0.289
387,14.7,-0.6494,-0.7604,C,39,11,10.75,0.39,128.7,10.63,0.25
387,14.7,-0.6494,-0.7604,D,52,17,17.29,0.52,171.6,9.31,0.351
388,14.8,-0.6691,-0.7431,A,31,7,7.04,0.31,102.3,10.79,0.187
388,14.8,-0.6691,-0.7431,B,43,12,11.71,0.43,141.9,9.24,0.275
388,14.8,-0.6691,-0.7431,C,47,17,15.99,0.47,155.1,8.63,0.324
388,14.8,-0.6691,-0.7431,D,64,30,27.52,0.64,211.2,8.55,0.485
389,14.9,-0.6884,-0.7254,A,30,8,9.95,0.3,99.0,10.14,0.196
389,14.9,-0.6884,-0.7254,B,41,15,17.75,0.41,135.3,10.03,0.296
389,14.9,-0.6884,-0.7254,C,45,18,17.2,0.45,148.5,9.44,0.323
389,14.9,-0.6884,-0.7254,D,52,21,20.32,0.52,171.6,8.71,0.375
390,15.0,-0.7071,-0.7071,A,28,4,7.75,0.28,92.4,11.75,0.166
390,15.0,-0.7071,-0.7071,B,51,21,19.0,0.51,168.3,8.66,0.366
390,15.0,-0.7071,-0.7071,C,53,22,21.29,0.53,174.9,9.78,0.386
390,15.0,-0.7071,-0.7071,D,61,23,21.1,0.61,201.3,7.62,0.425
391,15.1,-0.7254,-0.6884,A,35,4,6.01,0.35,115.5,10.09,0.192
391,15.1,-0.7254,-0.6884,B,53,20,21.23,0.53,174.9,8.97,0.379
391,15.1,-0.7254,-0.6884,C,53,18,17.65,0.53,174.9,9.27,0.36
391,15.1,-0.7254,-0.6884,D,64,29,28.33,0.64,211.2,7.9,0.484
392,15.2,-0.7431,-0.6691,A,42,14,13.4,0.42,138.6,9.88,0.283
392,15.2,-0.7431,-0.6691,B,41,12,12.51,0.41,135.3,10.2,0.268
392,15.2,-0.7431,-0.6691,C,58,24,24.75,0.58,191.4,8.37,0.427
392,15.2,-0.7431,-0.6691,D,60,25,23.21,0.6,198.0,8.47,0.435
393,15.3,-0.7604,-0.6494,A,38,6,8.34,0.38,125.4,9.77,0.22
393,15.3,-0.7604,-0.6494,B,53,23,22.74,0.53,174.9,9.63,0.395
393,15.3,-0.7604,-0.6494,C,51,20,18.34,0.51,168.3,8.78,0.361
393,15.3,-0.7604,-0.6494,D,64,32,31.01,0.64,211.2,7.66,0.503
394,15.4,-0.7771,-0.6293,A,36,12,12.82,0.36,118.8,9.76,0.247
394,15.4,-0.7771,-0.6293,B,47,16,18.56,0.47,155.1,8.99,0.329
394,15.4,-0.7771,-0.6293,C,55,23,23.87,0.55,181.5,8.66,0.408
394,15.4,-0.7771,-0.6293,D,69,38,35.16,0.69,227.7,6.69,0.561
395,15.5,-0.7934,-0.6088,A,36,14,13.65,0.36,118.8,12.0,0.257
395,15.5,-0.7934,-0.6088,B,54,22,22.36,0.54,178.2,9.03,0.395
395,15.5,-0.7934,-0.6088,C,62,26,25.1,0.62,204.6,7.8,0.454
395,15.5,-0.7934,-0.6088,D,69,32,31.19,0.69,227.7,7.25,0.526
396,15.6,-0.809,-0.5878,A,49,19,20.82,0.49,161.7,9.63,0.356
396,15.6,-0.809,-0.5878,B,57,24,24.1,0.57,188.1,7.82,0.421
396,15.6,-0.809,-0.5878,C,69,33,31.14,0.69,227.7,7.43,0.53
396,15.6,-0.809,-0.5878,D,76,44,39.11,0.76,250.8,5.88,0.626
397,15.7,-0.8241,-0.5664,A,47,16,15.88,0.47,155.1,8.8,0.32
397,15.7,-0.8241,-0.5664,B,56,20,18.84,0.56,184.8,9.01,0.385
397,15.7,-0.8241,-0.5664,C,60,25,25.86,0.6,198.0,7.33,0.444
397,15.7,-0.8241,-0.5664,D,73,35,33.73,0.73,240.9,6.51,0.563
398,15.8,-0.8387,-0.5446,A,44,15,17.19,0.44,145.2,9.02,0.308
398,15.8,-0.8387,-0.5446,B,57,24,24.0,0.57,188.1,9.32,0.421
398,15.8,-0.8387,-0.5446,C,66,33,32.65,0.66,217.8,7.43,0.521
398,15.8,-0.8387,-0.5446,D,86,53,49.98,0.86,283.8,6.01,0.739
399,15.9,-0.8526,-0.5225,A,45,15,15.06,0.45,148.5,9.23,0.305
399,15.9,-0.8526,-0.5225,B,58,24,22.73,0.58,191.4,8.04,0.421
399,15.9,-0.8526,-0.5225,C,62,27,24.61,0.62,204.6,7.93,0.456
399,15.9,-0.8526,-0.5225,D,90,61,55.22,0.9,297.0,4.62,0.803
400,16.0,-0.866,-0.5,A,52,21,21.72,0.52,171.6,8.69,0.38
400,16.0,-0.866,-0.5,B,69,34,32.39,0.69,227.7,7.23,0.537
400,16.0,-0.866,-0.5,C,72,41,37.28,0.72,237.6,7.32,0.592
400,16.0,-0.866,-0.5,D,78,47,42.32,0.78,257.4,6.5,0.657
401,16.1,-0.8788,-0.4772,A,51,22,23.23,0.51,168.3,9.81,0.384
401,16.1,-0.8788,-0.4772,B,75,44,42.26,0.75,247.5,6.83,0.632
401,16.1,-0.8788,-0.4772,C,75,43,40.01,0.75,247.5,6.14,0.621
401,16.1,-0.8788,-0.4772,D,87,59,52.4,0.87,287.1,5.84,0.773
402,16.2,-0.891,-0.454,A,56,22,19.99,0.56,184.8,8.27,0.396
402,16.2,-0.891,-0.454,B,67,34,32.61,0.67,221.1,7.44,0.529
402,16.2,-0.891,-0.454,C,86,54,48.28,0.86,283.8,5.89,0.737
402,16.2,-0.891,-0.454,D,97,73,63.17,0.97,320.1,4.38,0.903
403,16.3,-0.9026,-0.4305,A,61,27,26.1,0.61,201.3,7.3,0.456
403,16.3,-0.9026,-0.4305,B,64,28,28.62,0.64,211.2,7.61,0.481
403,16.3,-0.9026,-0.4305,C,82,50,45.72,0.82,270.6,6.11,0.696
403,16.3,-0.9026,-0.4305,D,96,74,66.07,0.96,316.8,4.49,0.911
404,16.4,-0.9135,-0.4067,A,51,19,17.15,0.51,168.3,9.28,0.353
404,16.4,-0.9135,-0.4067,B,71,38,33.61,0.71,234.3,6.43,0.565
404,16.4,-0.9135,-0.4067,C,79,47,43.89,0.79,260.7,6.03,0.666
404,16.4,-0.9135,-0.4067,D,90,60,54.97,0.9,297.0,5.31,0.798
405,16.5,-0.9239,-0.3827,A,63,26,23.73,0.63,207.9,7.38,0.454
405,16.5,-0.9239,-0.3827,B,74,37,35.44,0.74,244.2,6.46,0.581
405,16.5,-0.9239,-0.3827,C,90,61,56.42,0.9,297.0,5.37,0.807
405,16.5,-0.9239,-0.3827,D,96,72,65.05,0.96,316.8,4.17,0.901
406,16.6,-0.9336,-0.3584,A,65,33,30.18,0.65,214.5,7.15,0.509
406,16.6,-0.9336,-0.3584,B,74,40,37.84,0.74,244.2,7.6,0.599
406,16.6,-0.9336,-0.3584,C,87,55,49.09,0.87,287.1,5.44,0.748
406,16.6,-0.9336,-0.3584,D,106,79,68.27,1.0,349.8,4.74,0.954
407,16.7,-0.9426,-0.3338,A,62,29,27.02,0.62,204.6,8.52,0.471
407,16.7,-0.9426,-0.3338,B,88,58,52.91,0.88,290.4,4.61,0.775
407,16.7,-0.9426,-0.3338,C,90,60,52.15,0.9,297.0,4.78,0.789
407,16.7,-0.9426,-0.3338,D,108,87,78.37,1.0,356.4,4.0,1.0
408,16.8,-0.9511,-0.309,A,64,28,25.72,0.64,211.2,6.82,0.472
408,16.8,-0.9511,-0.309,B,81,45,40.77,0.81,267.3,6.46,0.658
408,16.8,-0.9511,-0.309,C,104,81,71.66,1.0,343.2,4.52,0.972
408,16.8,-0.9511,-0.309,D,104,80,72.51,1.0,343.2,4.0,0.972
409,16.9,-0.9588,-0.284,A,66,29,28.07,0.66,217.8,7.0,0.492
409,16.9,-0.9588,-0.284,B,90,63,56.31,0.9,297.0,5.66,0.813
409,16.9,-0.9588,-0.284,C,100,78,70.58,1.0,330.0,4.73,0.958
409,16.9,-0.9588,-0.284,D,118,92,79.25,1.0,389.4,4.16,1.0
410,17.0,-0.9659,-0.2588,A,73,37,35.61,0.73,240.9,6.77,0.577
410,17.0,-0.9659,-0.2588,B,77,40,35.93,0.77,254.1,5.61,0.606
410,17.0,-0.9659,-0.2588,C,102,80,69.22,1.0,336.6,4.0,0.961
410,17.0,-0.9659,-0.2588,D,125,97,83.48,1.0,412.5,4.0,1.0
411,17.1,-0.9724,-0.2334,A,81,53,48.67,0.81,267.3,6.8,0.712
411,17.1,-0.9724,-0.2334,B,83,56,52.15,0.83,273.9,4.88,0.743
411,17.1,-0.9724,-0.2334,C,104,80,70.27,1.0,343.2,4.0,0.964
411,17.1,-0.9724,-0.2334,D,122,100,87.77,1.0,402.6,4.17,1.0
412,17.2,-0.9781,-0.2079,A,78,45,42.07,0.78,257.4,5.45,0.649
412,17.2,-0.9781,-0.2079,B,90,63,55.43,0.9,297.0,5.62,0.81
412,17.2,-0.9781,-0.2079,C,112,88,75.98,1.0,369.6,4.0,1.0
412,17.2,-0.9781,-0.2079,D,132,107,93.6,1.0,435.6,4.15,1.0
413,17.3,-0.9833,-0.1822,A,71,37,32.46,0.71,234.3,7.38,0.557
413,17.3,-0.9833,-0.1822,B,87,61,55.7,0.87,287.1,4.89,0.791
413,17.3,-0.9833,-0.1822,C,108,87,78.24,1.0,356.4,4.42,1.0
413,17.3,-0.9833,-0.1822,D,136,106,91.59,1.0,448.8,4.0,1.0
414,17.4,-0.9877,-0.1564,A,87,58,51.74,0.87,287.1,4.31,0.767
414,17.4,-0.9877,-0.1564,B,92,67,58.61,0.92,303.6,5.07,0.844
414,17.4,-0.9877,-0.1564,C,109,86,76.6,1.0,359.7,4.3,1.0
414,17.4,-0.9877,-0.1564,D,133,106,91.33,1.0,438.9,4.0,1.0
415,17.5,-0.9914,-0.1305,A,77,46,42.78,0.77,254.1,6.26,0.65
415,17.5,-0.9914,-0.1305,B,97,72,64.07,0.97,320.1,4.26,0.902
415,17.5,-0.9914,-0.1305,C,113,90,78.6,1.0,372.9,4.13,1.0
415,17.5,-0.9914,-0.1305,D,132,103,92.17,1.0,435.6,4.37,1.0
416,17.6,-0.9945,-0.1045,A,72,38,36.99,0.72,237.6,7.29,0.58
416,17.6,-0.9945,-0.1045,B,101,78,68.14,1.0,333.3,4.48,0.95
416,17.6,-0.9945,-0.1045,C,112,90,79.25,1.0,369.6,4.5,1.0
416,17.6,-0.9945,-0.1045,D,139,114,101.25,1.0,458.7,4.05,1.0
417,17.7,-0.9969,-0.0785,A,73,40,36.1,0.73,240.9,6.43,0.589
417,17.7,-0.9969,-0.0785,B,97,72,64.02,0.97,320.1,4.12,0.902
417,17.7,-0.9969,-0.0785,C,122,99,85.53,1.0,402.6,4.23,1.0
417,17.7,-0.9969,-0.0785,D,141,115,99.78,1.0,465.3,4.0,1.0
418,17.8,-0.9986,-0.0523,A,79,46,43.46,0.79,260.7,7.24,0.661
418,17.8,-0.9986,-0.0523,B,95,72,65.29,0.95,313.5,4.11,0.897
418,17.8,-0.9986,-0.0523,C,129,102,89.53,1.0,425.7,4.16,1.0
418,17.8,-0.9986,-0.0523,D,143,115,100.39,1.0,471.9,4.39,1.0
419,17.9,-0.9997,-0.0262,A,77,41,39.15,0.77,254.1,6.47,0.621
419,17.9,-0.9997,-0.0262,B,92,64,57.97,0.92,303.6,5.5,0.831
419,17.9,-0.9997,-0.0262,C,117,93,83.23,1.0,386.1,4.02,1.0
419,17.9,-0.9997,-0.0262,D,137,108,96.69,1.0,452.1,4.63,1.0
420,18.0,-1.0,-0.0,A,75,41,38.68,0.75,247.5,7.08,0.61
420,18.0,-1.0,-0.0,B,102,78,68.24,1.0,336.6,4.0,0.95
420,18.0,-1.0,-0.0,C,132,103,91.08,1.0,435.6,4.16,1.0
420,18.0,-1.0,-0.0,D,138,109,95.93,1.0,455.4,4.0,1.0
421,18.1,-0.9997,0.0262,A,70,33,31.98,0.7,231.0,7.53,0.537
421,18.1,-0.9997,0.0262,B,102,82,73.04,1.0,336.6,4.0,0.98
421,18.1,-0.9997,0.0262,C,118,89,77.91,1.0,389.4,4.0,1.0
421,18.1,-0.9997,0.0262,D,137,110,97.14,1.0,452.1,4.0,1.0
422,18.2,-0.9986,0.0523,A,78,47,43.29,0.78,257.4,6.32,0.66
422,18.2,-0.9986,0.0523,B,101,80,71.34,1.0,333.3,4.0,0.968
422,18.2,-0.9986,0.0523,C,116,92,82.4,1.0,382.8,4.0,1.0
422,18.2,-0.9986,0.0523,D,141,116,102.68,1.0,465.3,4.15,1.0
423,18.3,-0.9969,0.0785,A,70,36,35.49,0.7,231.0,6.59,0.559
423,18.3,-0.9969,0.0785,B,106,86,75.07,1.0,349.8,4.0,1.0
423,18.3,-0.9969,0.0785,C,118,91,79.51,1.0,389.4,4.0,1.0
423,18.3,-0.9969,0.0785,D,139,108,92.8,1.0,458.7,4.63,1.0
424,18.4,-0.9945,0.1045,A,76,44,41.51,0.76,250.8,6.68,0.634
424,18.4,-0.9945,0.1045,B,97,77,66.7,0.97,320.1,4.0,0.928
424,18.4,-0.9945,0.1045,C,119,95,83.91,1.0,392.7,4.0,1.0
424,18.4,-0.9945,0.1045,D,134,109,95.15,1.0,442.2,4.84,1.0
425,18.5,-0.9914,0.1305,A,79,46,41.38,0.79,260.7,6.32,0.654
425,18.5,-0.9914,0.1305,B,88,60,53.54,0.88,290.4,4.9,0.784
425,18.5,-0.9914,0.1305,C,121,95,85.6,1.0,399.3,4.06,1.0
425,18.5,-0.9914,0.1305,D,130,99,86.6,1.0,429.0,4.0,1.0
426,18.6,-0.9877,0.1564,A,76,42,38.44,0.76,250.8,6.75,0.617
426,18.6,-0.9877,0.1564,B,92,65,57.44,0.92,303.6,5.65,0.833
426,18.6,-0.9877,0.1564,C,107,87,75.89,1.0,353.1,4.0,1.0
426,18.6,-0.9877,0.1564,D,129,103,90.01,1.0,425.7,4.53,1.0
427,18.7,-0.9833,0.1822,A,73,41,37.19,0.73,240.9,6.53,0.596
427,18.7,-0.9833,0.1822,B,87,60,53.16,0.87,287.1,4.84,0.779
427,18.7,-0.9833,0.1822,C,108,86,74.87,1.0,356.4,4.49,1.0
427,18.7,-0.9833,0.1822,D,129,106,92.12,1.0,425.7,4.0,1.0
428,18.8,-0.9781,0.2079,A,68,33,29.75,0.68,224.4,6.24,0.521
428,18.8,-0.9781,0.2079,B,95,76,66.85,0.95,313.5,4.8,0.916
428,18.8,-0.9781,0.2079,C,113,88,79.29,1.0,372.9,4.02,1.0
428,18.8,-0.9781,0.2079,D,130,99,85.65,1.0,429.0,4.54,1.0
429,18.9,-0.9724,0.2334,A,73,44,39.21,0.73,240.9,7.49,0.613
429,18.9,-0.9724,0.2334,B,87,56,50.79,0.87,287.1,5.52,0.757
429,18.9,-0.9724,0.2334,C,110,89,79.17,1.0,363.0,4.4,1.0
429,18.9,-0.9724,0.2334,D,120,92,81.88,1.0,396.0,4.0,1.0
430,19.0,-0.9659,0.2588,A,70,33,32.7,0.7,231.0,6.44,0.54
430,19.0,-0.9659,0.2588,B,94,68,62.72,0.94,310.2,5.05,0.87
430,19.0,-0.9659,0.2588,C,109,88,76.14,1.0,359.7,4.45,1.0
430,19.0,-0.9659,0.2588,D,117,96,85.38,1.0,386.1,4.0,1.0
431,19.1,-0.9588,0.284,A,63,28,25.08,0.63,207.9,8.05,0.465
431,19.1,-0.9588,0.284,B,95,71,63.04,0.95,313.5,5.5,0.886
431,19.1,-0.9588,0.284,C,98,76,66.94,0.98,323.4,4.81,0.93
431,19.1,-0.9588,0.284,D,109,86,74.17,1.0,359.7,4.75,0.998
432,19.2,-0.9511,0.309,A,64,28,28.68,0.64,211.2,7.44,0.482
432,19.2,-0.9511,0.309,B,82,51,47.72,0.82,270.6,5.58,0.707
432,19.2,-0.9511,0.309,C,104,85,73.36,1.0,343.2,4.41,0.992
432,19.2,-0.9511,0.309,D,116,94,81.76,1.0,382.8,4.0,1.0
433,19.3,-0.9426,0.3338,A,60,24,23.07,0.6,198.0,6.42,0.431
433,19.3,-0.9426,0.3338,B,83,49,43.84,0.83,273.9,6.6,0.691
433,19.3,-0.9426,0.3338,C,95,72,65.63,0.95,313.5,4.1,0.898
433,19.3,-0.9426,0.3338,D,109,85,75.01,1.0,359.7,4.49,0.998
434,19.4,-0.9336,0.3584,A,60,28,27.78,0.6,198.0,8.66,0.461
434,19.4,-0.9336,0.3584,B,77,47,42.8,0.77,254.1,6.23,0.654
434,19.4,-0.9336,0.3584,C,90,64,57.25,0.9,297.0,5.43,0.82
434,19.4,-0.9336,0.3584,D,108,83,73.42,1.0,356.4,4.27,0.985
435,19.5,-0.9239,0.3827,A,68,33,32.37,0.68,224.4,6.58,0.529
435,19.5,-0.9239,0.3827,B,74,38,35.42,0.74,244.2,6.21,0.584
435,19.5,-0.9239,0.3827,C,86,57,50.38,0.86,283.8,6.05,0.754
435,19.5,-0.9239,0.3827,D,89,60,55.16,0.89,293.7,6.01,0.794
436,19.6,-0.9135,0.4067,A,52,20,18.63,0.52,171.6,7.81,0.366
436,19.6,-0.9135,0.4067,B,64,31,28.9,0.64,211.2,8.44,0.493
436,19.6,-0.9135,0.4067,C,82,49,44.95,0.82,270.6,6.17,0.69
436,19.6,-0.9135,0.4067,D,86,57,52.86,0.86,283.8,5.03,0.763
437,19.7,-0.9026,0.4305,A,54,18,20.2,0.54,178.2,9.12,0.373
437,19.7,-0.9026,0.4305,B,60,26,23.46,0.6,198.0,7.66,0.439
437,19.7,-0.9026,0.4305,C,84,55,50.11,0.84,277.2,6.28,0.738
437,19.7,-0.9026,0.4305,D,94,69,63.38,0.94,310.2,5.05,0.876
438,19.8,-0.891,0.454,A,57,28,26.62,0.57,188.1,8.37,0.443
438,19.8,-0.891,0.454,B,58,22,23.62,0.58,191.4,7.18,0.417
438,19.8,-0.891,0.454,C,75,37,32.98,0.75,247.5,7.35,0.577
438,19.8,-0.891,0.454,D,93,68,59.81,0.93,306.9,4.28,0.856
439,19.9,-0.8788,0.4772,A,48,15,14.22,0.48,158.4,9.08,0.316
439,19.9,-0.8788,0.4772,B,61,25,25.7,0.61,201.3,8.02,0.448
439,19.9,-0.8788,0.4772,C,73,39,36.71,0.73,240.9,6.0,0.587
439,19.9,-0.8788,0.4772,D,85,56,50.26,0.85,280.5,5.05,0.746
440,20.0,-0.866,0.5,A,50,16,16.86,0.5,165.0,9.35,0.337
440,20.0,-0.866,0.5,B,65,31,29.12,0.65,214.5,7.22,0.498
440,20.0,-0.866,0.5,C,66,35,34.58,0.66,217.8,7.58,0.535
440,20.0,-0.866,0.5,D,84,53,49.26,0.84,277.2,5.96,0.728
441,20.1,-0.8526,0.5225,A,50,13,13.23,0.5,165.0,8.8,0.315
441,20.1,-0.8526,0.5225,B,50,18,19.12,0.5,165.0,8.98,0.352
441,20.1,-0.8526,0.5225,C,70,34,32.51,0.7,231.0,7.15,0.542
441,20.1,-0.8526,0.5225,D,81,49,45.71,0.81,267.3,6.16,0.688
442,20.2,-0.8387,0.5446,A,45,13,12.98,0.45,148.5,9.75,0.291
442,20.2,-0.8387,0.5446,B,53,20,21.75,0.53,174.9,8.17,0.381
442,20.2,-0.8387,0.5446,C,67,33,29.73,0.67,221.1,7.01,0.516
442,20.2,-0.8387,0.5446,D,70,33,32.94,0.7,231.0,6.6,0.54
443,20.3,-0.8241,0.5664,A,45,14,12.9,0.45,148.5,9.9,0.295
443,20.3,-0.8241,0.5664,B,54,19,19.76,0.54,178.2,8.34,0.375
443,20.3,-0.8241,0.5664,C,69,37,33.73,0.69,227.7,7.14,0.552
443,20.3,-0.8241,0.5664,D,79,46,41.8,0.79,260.7,6.8,0.656
444,20.4,-0.809,0.5878,A,40,10,11.65,0.4,132.0,9.97,0.254
444,20.4,-0.809,0.5878,B,50,19,19.69,0.5,165.0,9.56,0.357
444,20.4,-0.809,0.5878,C,69,35,32.92,0.69,227.7,6.76,0.543
444,20.4,-0.809,0.5878,D,71,37,35.96,0.71,234.3,7.48,0.569
445,20.5,-0.7934,0.6088,A,48,19,20.37,0.48,158.4,8.68,0.35
445,20.5,-0.7934,0.6088,B,58,27,25.44,0.58,191.4,8.28,0.44
445,20.5,-0.7934,0.6088,C,57,23,24.21,0.57,188.1,8.47,0.418
445,20.5,-0.7934,0.6088,D,67,29,28.37,0.67,221.1,6.58,0.498
446,20.6,-0.7771,0.6293,A,39,10,12.59,0.39,128.7,9.9,0.252
446,20.6,-0.7771,0.6293,B,50,19,20.68,0.5,165.0,9.39,0.36
446,20.6,-0.7771,0.6293,C,72,36,35.28,0.72,237.6,6.82,0.568
446,20.6,-0.7771,0.6293,D,72,36,33.15,0.72,237.6,6.13,0.561
447,20.7,-0.7604,0.6494,A,33,7,10.39,0.33,108.9,10.78,0.208
447,20.7,-0.7604,0.6494,B,45,14,13.15,0.45,148.5,9.0,0.295
447,20.7,-0.7604,0.6494,C,61,25,25.79,0.61,201.3,7.85,0.448
447,20.7,-0.7604,0.6494,D,59,27,27.0,0.59,194.7,8.11,0.45
448,20.8,-0.7431,0.6691,A,46,16,17.99,0.46,151.8,9.41,0.323
448,20.8,-0.7431,0.6691,B,46,16,16.77,0.46,151.8,9.61,0.319
448,20.8,-0.7431,0.6691,C,46,16,16.68,0.46,151.8,8.93,0.319
448,20.8,-0.7431,0.6691,D,72,39,34.77,0.72,237.6,7.1,0.576
449,20.9,-0.7254,0.6884,A,26,4,7.15,0.26,85.8,11.72,0.155
449,20.9,-0.7254,0.6884,B,39,11,13.99,0.39,128.7,10.59,0.261
449,20.9,-0.7254,0.6884,C,59,25,22.33,0.59,194.7,7.39,0.427
449,20.9,-0.7254,0.6884,D,66,31,30.1,0.66,217.8,7.82,0.506
450,21.0,-0.7071,0.7071,A,30,9,8.79,0.3,99.0,10.15,0.196
450,21.0,-0.7071,0.7071,B,40,13,13.88,0.4,132.0,10.27,0.272
450,21.0,-0.7071,0.7071,C,59,28,28.11,0.59,194.7,7.33,0.457
450,21.0,-0.7071,0.7071,D,59,26,24.9,0.59,194.7,7.3,0.439
451,21.1,-0.6884,0.7254,A,30,7,9.82,0.3,99.0,10.66,0.192
451,21.1,-0.6884,0.7254,B,40,9,10.99,0.4,132.0,9.77,0.248
451,21.1,-0.6884,0.7254,C,48,13,14.2,0.48,158.4,8.98,0.309
451,21.1,-0.6884,0.7254,D,58,24,23.05,0.58,191.4,8.75,0.422
452,21.2,-0.6691,0.7431,A,33,8,10.02,0.33,108.9,11.56,0.21
452,21.2,-0.6691,0.7431,B,44,13,15.29,0.44,145.2,9.24,0.294
452,21.2,-0.6691,0.7431,C,44,14,13.14,0.44,145.2,9.17,0.291
452,21.2,-0.6691,0.7431,D,57,24,21.98,0.57,188.1,9.25,0.414
453,21.3,-0.6494,0.7604,A,35,7,8.3,0.35,115.5,9.62,0.21
453,21.3,-0.6494,0.7604,B,45,15,14.5,0.45,148.5,9.45,0.303
453,21.3,-0.6494,0.7604,C,58,22,20.76,0.58,191.4,8.25,0.407
453,21.3,-0.6494,0.7604,D,56,23,22.91,0.56,184.8,8.49,0.409
454,21.4,-0.6293,0.7771,A,44,12,14.91,0.44,145.2,9.35,0.29
454,21.4,-0.6293,0.7771,B,45,13,14.07,0.45,148.5,9.07,0.295
454,21.4,-0.6293,0.7771,C,49,21,19.12,0.49,161.7,9.54,0.358
454,21.4,-0.6293,0.7771,D,60,28,26.51,0.6,198.0,7.43,0.456
455,21.5,-0.6088,0.7934,A,41,13,15.58,0.41,135.3,8.9,0.282
455,21.5,-0.6088,0.7934,B,40,11,11.9,0.4,132.0,10.35,0.258
455,21.5,-0.6088,0.7934,C,50,19,18.77,0.5,165.0,8.72,0.354
455,21.5,-0.6088,0.7934,D,51,17,18.42,0.51,168.3,8.65,0.35
456,21.6,-0.5878,0.809,A,30,4,5.94,0.3,99.0,10.94,0.169
456,21.6,-0.5878,0.809,B,40,15,15.43,0.4,132.0,10.77,0.284
456,21.6,-0.5878,0.809,C,45,15,15.82,0.45,148.5,8.91,0.308
456,21.6,-0.5878,0.809,D,55,22,20.49,0.55,181.5,8.12,0.393
457,21.7,-0.5664,0.8241,A,28,6,9.93,0.28,92.4,10.95,0.18
457,21.7,-0.5664,0.8241,B,41,10,11.47,0.41,135.3,9.58,0.258
457,21.7,-0.5664,0.8241,C,51,19,17.81,0.51,168.3,9.21,0.355
457,21.7,-0.5664,0.8241,D,58,24,22.08,0.58,191.4,7.75,0.419
458,21.8,-0.5446,0.8387,A,27,5,7.47,0.27,89.1,11.55,0.164
458,21.8,-0.5446,0.8387,B,38,13,13.41,0.38,125.4,9.83,0.261
458,21.8,-0.5446,0.8387,C,51,16,16.87,0.51,168.3,8.68,0.342
458,21.8,-0.5446,0.8387,D,39,11,13.02,0.39,128.7,10.21,0.257
459,21.9,-0.5225,0.8526,A,33,7,8.7,0.33,108.9,10.16,0.202
459,21.9,-0.5225,0.8526,B,37,8,9.71,0.37,122.1,10.29,0.227
459,21.9,-0.5225,0.8526,C,43,15,15.67,0.43,141.9,9.56,0.298
459,21.9,-0.5225,0.8526,D,59,24,23.01,0.59,194.7,7.99,0.426
460,22.0,-0.5,0.866,A,28,9,11.27,0.28,92.4,11.5,0.195
460,22.0,-0.5,0.866,B,46,18,17.67,0.46,151.8,8.48,0.329
460,22.0,-0.5,0.866,C,44,16,17.2,0.44,145.2,9.1,0.311
460,22.0,-0.5,0.866,D,46,14,14.54,0.46,151.8,8.78,0.304
461,22.1,-0.4772,0.8788,A,31,12,14.97,0.31,102.3,10.87,0.231
461,22.1,-0.4772,0.8788,B,35,11,10.55,0.35,115.5,10.56,0.231
461,22.1,-0.4772,0.8788,C,51,19,18.12,0.51,168.3,9.04,0.356
461,22.1,-0.4772,0.8788,D,54,19,17.33,0.54,178.2,9.61,0.367
462,22.2,-0.454,0.891,A,30,9,8.77,0.3,99.0,10.87,0.196
462,22.2,-0.454,0.891,B,47,16,14.86,0.47,155.1,9.12,0.317
462,22.2,-0.454,0.891,C,54,23,22.57,0.54,178.2,8.78,0.399
462,22.2,-0.454,0.891,D,54,20,20.26,0.54,178.2,9.49,0.381
463,22.3,-0.4305,0.9026,A,24,8,11.47,0.24,79.2,11.74,0.174
463,22.3,-0.4305,0.9026,B,34,7,7.81,0.34,112.2,9.83,0.204
463,22.3,-0.4305,0.9026,C,39,16,14.74,0.39,128.7,10.59,0.281
463,22.3,-0.4305,0.9026,D,50,20,20.79,0.5,165.0,9.49,0.364
464,22.4,-0.4067,0.9135,A,27,6,7.19,0.27,89.1,11.12,0.166
464,22.4,-0.4067,0.9135,B,37,10,11.81,0.37,122.1,9.87,0.241
464,22.4,-0.4067,0.9135,C,48,16,17.72,0.48,158.4,9.51,0.331
464,22.4,-0.4067,0.9135,D,59,28,27.31,0.59,194.7,8.82,0.455
465,22.5,-0.3827,0.9239,A,31,8,10.73,0.31,102.3,11.09,0.203
465,22.5,-0.3827,0.9239,B,39,16,17.92,0.39,128.7,8.73,0.291
465,22.5,-0.3827,0.9239,C,54,18,18.41,0.54,178.2,8.69,0.367
465,22.5,-0.3827,0.9239,D,51,18,18.68,0.51,168.3,9.08,0.355
466,22.6,-0.3584,0.9336,A,25,6,6.59,0.25,82.5,11.42,0.155
466,22.6,-0.3584,0.9336,B,38,10,12.17,0.38,125.4,9.93,0.247
466,22.6,-0.3584,0.9336,C,52,22,20.05,0.52,171.6,8.71,0.378
466,22.6,-0.3584,0.9336,D,56,22,21.26,0.56,184.8,7.48,0.4
467,22.7,-0.3338,0.9426,A,33,8,10.93,0.33,108.9,9.86,0.213
467,22.7,-0.3338,0.9426,B,40,8,9.09,0.4,132.0,10.38,0.238
467,22.7,-0.3338,0.9426,C,49,18,18.74,0.49,161.7,8.89,0.346
467,22.7,-0.3338,0.9426,D,55,16,14.65,0.55,181.5,9.09,0.352
468,22.8,-0.309,0.9511,A,38,12,13.57,0.38,125.4,10.43,0.258
468,22.8,-0.309,0.9511,B,44,11,10.67,0.44,145.2,9.94,0.272
468,22.8,-0.309,0.9511,C,52,15,15.06,0.52,171.6,9.27,0.337
468,22.8,-0.309,0.9511,D,58,27,26.54,0.58,191.4,7.86,0.444
469,22.9,-0.284,0.9588,A,33,13,12.1,0.33,108.9,10.21,0.234
469,22.9,-0.284,0.9588,B,44,11,11.16,0.44,145.2,9.87,0.274
469,22.9,-0.284,0.9588,C,43,10,10.68,0.43,141.9,9.07,0.264
469,22.9,-0.284,0.9588,D,52,23,22.29,0.52,171.6,8.93,0.389
470,23.0,-0.2588,0.9659,A,23,7,8.15,0.23,75.9,11.61,0.155
470,23.0,-0.2588,0.9659,B,49,14,14.37,0.49,161.7,9.43,0.317
470,23.0,-0.2588,0.9659,C,44,14,13.32,0.44,145.2,8.98,0.291
470,23.0,-0.2588,0.9659,D,56,22,20.92,0.56,184.8,8.98,0.399
471,23.1,-0.2334,0.9724,A,44,15,16.01,0.44,145.2,8.67,0.304
471,23.1,-0.2334,0.9724,B,58,22,23.03,0.58,191.4,8.94,0.415
471,23.1,-0.2334,0.9724,C,53,20,18.43,0.53,174.9,8.97,0.37
471,23.1,-0.2334,0.9724,D,55,21,20.12,0.55,181.5,8.35,0.388
472,23.2,-0.2079,0.9781,A,52,19,18.74,0.52,171.6,9.12,0.363
472,23.2,-0.2079,0.9781,B,62,30,28.69,0.62,204.6,7.89,0.48
472,23.2,-0.2079,0.9781,C,44,14,15.2,0.44,145.2,9.25,0.298
472,23.2,-0.2079,0.9781,D,49,18,17.87,0.49,161.7,9.38,0.343
473,23.3,-0.1822,0.9833,A,40,13,13.06,0.4,132.0,9.74,0.269
473,23.3,-0.1822,0.9833,B,62,27,26.02,0.62,204.6,8.62,0.46
473,23.3,-0.1822,0.9833,C,51,17,18.59,0.51,168.3,9.32,0.351
473,23.3,-0.1822,0.9833,D,56,21,20.73,0.56,184.8,7.89,0.395
474,23.4,-0.1564,0.9877,A,60,24,22.72,0.6,198.0,7.91,0.43
474,23.4,-0.1564,0.9877,B,57,21,19.13,0.57,188.1,9.34,0.394
474,23.4,-0.1564,0.9877,C,53,20,20.05,0.53,174.9,8.54,0.375
474,23.4,-0.1564,0.9877,D,55,24,24.57,0.55,181.5,7.59,0.413
475,23.5,-0.1305,0.9914,A,60,24,21.94,0.6,198.0,7.67,0.427
475,23.5,-0.1305,0.9914,B,60,25,25.12,0.6,198.0,8.37,0.441
475,23.5,-0.1305,0.9914,C,45,16,16.76,0.45,148.5,8.52,0.314
475,23.5,-0.1305,0.9914,D,50,23,24.49,0.5,165.0,8.73,0.387
476,23.6,-0.1045,0.9945,A,54,23,23.18,0.54,178.2,8.52,0.401
476,23.6,-0.1045,0.9945,B,66,31,29.75,0.66,217.8,7.71,0.505
476,23.6,-0.1045,0.9945,C,45,15,14.73,0.45,148.5,9.58,0.304
476,23.6,-0.1045,0.9945,D,60,28,27.01,0.6,198.0,7.68,0.458
477,23.7,-0.0785,0.9969,A,49,20,19.93,0.49,161.7,8.43,0.357
477,23.7,-0.0785,0.9969,B,70,39,35.79,0.7,231.0,7.12,0.571
477,23.7,-0.0785,0.9969,C,40,9,10.29,0.4,132.0,11.01,0.246
477,23.7,-0.0785,0.9969,D,61,24,23.38,0.61,201.3,7.95,0.436
478,23.8,-0.0523,0.9986,A,54,21,22.58,0.54,178.2,9.45,0.392
478,23.8,-0.0523,0.9986,B,67,34,32.45,0.67,221.1,7.27,0.529
478,23.8,-0.0523,0.9986,C,42,16,18.44,0.42,138.6,9.96,0.306
478,23.8,-0.0523,0.9986,D,53,19,18.29,0.53,174.9,8.34,0.366
479,23.9,-0.0262,0.9997,A,58,23,20.68,0.58,191.4,8.15,0.41
479,23.9,-0.0262,0.9997,B,60,25,25.44,0.6,198.0,7.7,0.442
479,23.9,-0.0262,0.9997,C,44,14,14.62,0.44,145.2,9.14,0.296
479,23.9,-0.0262,0.9997,D,51,21,21.73,0.51,168.3,9.44,0.375
480,0.0,0.0,1.0,A,33,12,14.98,0.33,108.9,11.73,0.24
480,0.0,0.0,1.0,B,32,10,9.8,0.32,105.6,10.75,0.212
480,0.0,0.0,1.0,C,53,20,21.17,0.53,174.9,9.15,0.379
480,0.0,0.0,1.0,D,53,20,19.32,0.53,174.9,8.7,0.373
481,0.1,0.0262,0.9997,A,33,9,12.04,0.33,108.9,11.11,0.22
481,0.1,0.0262,0.9997,B,48,18,20.01,0.48,158.4,9.08,0.346
481,0.1,0.0262,0.9997,C,49,17,16.99,0.49,161.7,9.03,0.337
481,0.1,0.0262,0.9997,D,60,29,27.12,0.6,198.0,7.89,0.462
482,0.2,0.0523,0.9986,A,38,11,11.69,0.38,125.4,10.73,0.248
482,0.2,0.0523,0.9986,B,42,13,15.71,0.42,138.6,10.75,0.287
482,0.2,0.0523,0.9986,C,31,7,7.75,0.31,102.3,10.79,0.19
482,0.2,0.0523,0.9986,D,52,17,16.67,0.52,171.6,9.18,0.349
483,0.3,0.0785,0.9969,A,26,8,8.77,0.26,85.8,11.6,0.174
483,0.3,0.0785,0.9969,B,34,9,10.68,0.34,112.2,10.04,0.22
483,0.3,0.0785,0.9969,C,49,20,21.24,0.49,161.7,9.1,0.361
483,0.3,0.0785,0.9969,D,52,18,17.46,0.52,171.6,8.6,0.355
484,0.4,0.1045,0.9945,A,31,4,7.05,0.31,102.3,11.6,0.177
484,0.4,0.1045,0.9945,B,33,6,8.26,0.33,108.9,10.18,0.197
484,0.4,0.1045,0.9945,C,47,16,17.49,0.47,155.1,9.66,0.326
484,0.4,0.1045,0.9945,D,59,24,22.29,0.59,194.7,8.76,0.424
485,0.5,0.1305,0.9914,A,43,15,15.9,0.43,141.9,10.01,0.299
485,0.5,0.1305,0.9914,B,37,10,11.48,0.37,122.1,10.05,0.24
485,0.5,0.1305,0.9914,C,45,17,18.44,0.45,148.5,9.3,0.323
485,0.5,0.1305,0.9914,D,49,16,16.01,0.49,161.7,9.38,0.33
486,0.6,0.1564,0.9877,A,26,4,7.23,0.26,85.8,11.79,0.155
486,0.6,0.1564,0.9877,B,28,10,12.4,0.28,92.4,10.52,0.202
486,0.6,0.1564,0.9877,C,46,15,16.21,0.46,151.8,8.77,0.314
486,0.6,0.1564,0.9877,D,51,18,19.54,0.51,168.3,8.37,0.358
487,0.7,0.1822,0.9833,A,34,11,12.11,0.34,112.2,10.18,0.232
487,0.7,0.1822,0.9833,B,44,15,17.65,0.44,145.2,8.99,0.309
487,0.7,0.1822,0.9833,C,43,10,12.2,0.43,141.9,10.3,0.269
487,0.7,0.1822,0.9833,D,53,21,22.28,0.53,174.9,9.18,0.386
488,0.8,0.2079,0.9781,A,28,5,8.76,0.28,92.4,11.43,0.173
488,0.8,0.2079,0.9781,B,39,12,13.95,0.39,128.7,9.99,0.264
488,0.8,0.2079,0.9781,C,50,18,17.98,0.5,165.0,8.71,0.348
488,0.8,0.2079,0.9781,D,48,23,23.77,0.48,158.4,9.49,0.376
489,0.9,0.2334,0.9724,A,31,11,13.47,0.31,102.3,11.28,0.223
489,0.9,0.2334,0.9724,B,32,10,10.69,0.32,105.6,10.65,0.215
489,0.9,0.2334,0.9724,C,36,12,13.34,0.36,118.8,10.24,0.248
489,0.9,0.2334,0.9724,D,44,16,18.59,0.44,145.2,9.64,0.316
490,1.0,0.2588,0.9659,A,33,7,8.46,0.33,108.9,10.23,0.201
490,1.0,0.2588,0.9659,B,23,6,7.3,0.23,75.9,10.76,0.149
490,1.0,0.2588,0.9659,C,43,11,11.28,0.43,141.9,9.0,0.27
490,1.0,0.2588,0.9659,D,53,18,18.98,0.53,174.9,8.75,0.365
491,1.1,0.284,0.9588,A,27,7,8.82,0.27,89.1,11.34,0.175
491,1.1,0.284,0.9588,B,34,10,11.57,0.34,112.2,9.72,0.227
491,1.1,0.284,0.9588,C,45,16,16.93,0.45,148.5,9.79,0.315
491,1.1,0.284,0.9588,D,51,17,18.83,0.51,168.3,9.4,0.352
492,1.2,0.309,0.9511,A,35,9,11.94,0.35,115.5,10.78,0.229
492,1.2,0.309,0.9511,B,33,7,8.14,0.33,108.9,10.15,0.2
492,1.2,0.309,0.9511,C,40,14,12.9,0.4,132.0,9.58,0.272
492,1.2,0.309,0.9511,D,54,20,19.52,0.54,178.2,8.44,0.378
493,1.3,0.3338,0.9426,A,27,6,9.98,0.27,89.1,10.77,0.176
493,1.3,0.3338,0.9426,B,42,12,13.7,0.42,138.6,8.85,0.277
493,1.3,0.3338,0.9426,C,43,13,15.49,0.43,141.9,9.36,0.291
493,1.3,0.3338,0.9426,D,46,16,15.97,0.46,151.8,9.83,0.316
494,1.4,0.3584,0.9336,A,29,11,13.6,0.29,95.7,11.08,0.214
494,1.4,0.3584,0.9336,B,41,12,13.96,0.41,135.3,8.81,0.273
494,1.4,0.3584,0.9336,C,43,14,16.57,0.43,141.9,9.52,0.298
494,1.4,0.3584,0.9336,D,55,23,23.77,0.55,181.5,7.78,0.407
495,1.5,0.3827,0.9239,A,31,10,9.52,0.31,102.3,10.88,0.206
495,1.5,0.3827,0.9239,B,27,6,6.82,0.27,89.1,11.07,0.165
495,1.5,0.3827,0.9239,C,42,17,17.43,0.42,138.6,10.08,0.307
495,1.5,0.3827,0.9239,D,52,20,20.94,0.52,171.6,8.08,0.374
496,1.6,0.4067,0.9135,A,33,9,10.16,0.33,108.9,10.24,0.214
496,1.6,0.4067,0.9135,B,37,8,8.44,0.37,122.1,10.68,0.223
496,1.6,0.4067,0.9135,C,52,24,21.7,0.52,171.6,9.29,0.39
496,1.6,0.4067,0.9135,D,59,25,25.13,0.59,194.7,7.47,0.437
497,1.7,0.4305,0.9026,A,19,5,6.54,0.19,62.7,12.34,0.125
497,1.7,0.4305,0.9026,B,38,10,11.34,0.38,125.4,10.3,0.244
497,1.7,0.4305,0.9026,C,49,17,17.12,0.49,161.7,10.13,0.337
497,1.7,0.4305,0.9026,D,48,14,14.28,0.48,158.4,9.4,0.313
498,1.8,0.454,0.891,A,28,3,4.89,0.28,92.4,11.14,0.153
498,1.8,0.454,0.891,B,35,12,14.51,0.35,115.5,11.14,0.248
498,1.8,0.454,0.891,C,45,13,14.84,0.45,148.5,10.1,0.297
498,1.8,0.454,0.891,D,53,21,20.99,0.53,174.9,8.5,0.382
499,1.9,0.4772,0.8788,A,23,3,6.03,0.23,75.9,11.64,0.134
499,1.9,0.4772,0.8788,B,41,12,11.61,0.41,135.3,10.49,0.265
499,1.9,0.4772,0.8788,C,38,9,11.52,0.38,125.4,9.83,0.241
499,1.9,0.4772,0.8788,D,48,14,13.44,0.48,158.4,9.29,0.31
500,2.0,0.5,0.866,A,28,4,5.82,0.28,92.4,11.19,0.159
500,2.0,0.5,0.866,B,44,15,15.34,0.44,145.2,9.31,0.302
500,2.0,0.5,0.866,C,41,10,11.49,0.41,135.3,9.29,0.258
500,2.0,0.5,0.866,D,49,17,18.54,0.49,161.7,9.09,0.342
501,2.1,0.5225,0.8526,A,35,11,13.61,0.35,115.5,9.75,0.241
501,2.1,0.5225,0.8526,B,37,12,12.19,0.37,122.1,10.81,0.249
501,2.1,0.5225,0.8526,C,46,16,17.49,0.46,151.8,9.29,0.321
501,2.1,0.5225,0.8526,D,46,15,16.72,0.46,151.8,9.07,0.315
502,2.2,0.5446,0.8387,A,22,3,5.93,0.22,72.6,11.2,0.129
502,2.2,0.5446,0.8387,B,35,8,10.46,0.35,115.5,10.64,0.22
502,2.2,0.5446,0.8387,C,40,11,14.1,0.4,132.0,9.97,0.265
502,2.2,0.5446,0.8387,D,50,18,18.3,0.5,165.0,8.81,0.349
503,2.3,0.5664,0.8241,A,26,5,6.76,0.26,85.8,11.9,0.157
503,2.3,0.5664,0.8241,B,40,17,16.25,0.4,132.0,10.41,0.294
503,2.3,0.5664,0.8241,C,41,12,12.2,0.41,135.3,9.95,0.267
503,2.3,0.5664,0.8241,D,45,16,15.38,0.45,148.5,9.55,0.31
504,2.4,0.5878,0.809,A,34,10,11.74,0.34,112.2,10.15,0.227
504,2.4,0.5878,0.809,B,33,10,12.63,0.33,108.9,10.19,0.226
504,2.4,0.5878,0.809,C,53,19,18.7,0.53,174.9,8.56,0.367
504,2.4,0.5878,0.809,D,47,17,15.73,0.47,155.1,9.37,0.323
505,2.5,0.6088,0.7934,A,20,4,6.43,0.2,66.0,12.05,0.125
505,2.5,0.6088,0.7934,B,43,10,10.69,0.43,141.9,9.5,0.264
505,2.5,0.6088,0.7934,C,49,17,19.32,0.49,161.7,8.09,0.344
505,2.5,0.6088,0.7934,D,47,16,16.81,0.47,155.1,9.89,0.324
506,2.6,0.6293,0.7771,A,33,7,9.08,0.33,108.9,10.96,0.203
506,2.6,0.6293,0.7771,B,40,14,16.1,0.4,132.0,9.53,0.283
506,2.6,0.6293,0.7771,C,40,11,10.36,0.4,132.0,8.97,0.253
506,2.6,0.6293,0.7771,D,49,15,17.19,0.49,161.7,9.24,0.33
507,2.7,0.6494,0.7604,A,26,5,7.17,0.26,85.8,10.6,0.158
507,2.7,0.6494,0.7604,B,37,9,11.52,0.37,122.1,10.02,0.236
507,2.7,0.6494,0.7604,C,44,17,18.31,0.44,145.2,9.28,0.319
507,2.7,0.6494,0.7604,D,54,20,18.5,0.54,178.2,8.37,0.375
508,2.8,0.6691,0.7431,A,31,7,8.83,0.31,102.3,11.22,0.193
508,2.8,0.6691,0.7431,B,41,16,14.67,0.41,135.3,10.35,0.289
508,2.8,0.6691,0.7431,C,49,15,13.79,0.49,161.7,8.55,0.319
508,2.8,0.6691,0.7431,D,56,25,23.48,0.56,184.8,8.76,0.418
509,2.9,0.6884,0.7254,A,26,5,7.22,0.26,85.8,10.99,0.159
509,2.9,0.6884,0.7254,B,40,10,13.47,0.4,132.0,9.59,0.26
509,2.9,0.6884,0.7254,C,46,13,15.75,0.46,151.8,9.7,0.305
509,2.9,0.6884,0.7254,D,46,17,16.81,0.46,151.8,9.08,0.323
510,3.0,0.7071,0.7071,A,28,4,7.58,0.28,92.4,12.26,0.165
510,3.0,0.7071,0.7071,B,28,4,5.97,0.28,92.4,11.82,0.16
510,3.0,0.7071,0.7071,C,46,16,16.77,0.46,151.8,9.3,0.319
510,3.0,0.7071,0.7071,D,53,20,18.08,0.53,174.9,7.99,0.369
511,3.1,0.7254,0.6884,A,30,4,4.46,0.3,99.0,11.02,0.164
511,3.1,0.7254,0.6884,B,29,9,11.23,0.29,95.7,11.13,0.199
511,3.1,0.7254,0.6884,C,48,17,18.59,0.48,158.4,9.04,0.337
511,3.1,0.7254,0.6884,D,51,20,21.16,0.51,168.3,9.87,0.37
512,3.2,0.7431,0.6691,A,33,12,15.15,0.33,108.9,10.17,0.241
512,3.2,0.7431,0.6691,B,37,10,12.61,0.37,122.1,10.64,0.244
512,3.2,0.7431,0.6691,C,45,15,16.13,0.45,148.5,8.43,0.309
512,3.2,0.7431,0.6691,D,49,20,21.01,0.49,161.7,8.42,0.361
513,3.3,0.7604,0.6494,A,25,7,8.93,0.25,82.5,11.39,0.167
513,3.3,0.7604,0.6494,B,44,17,18.1,0.44,145.2,9.71,0.318
513,3.3,0.7604,0.6494,C,49,17,16.1,0.49,161.7,9.53,0.334
513,3.3,0.7604,0.6494,D,48,17,19.42,0.48,158.4,9.36,0.34
514,3.4,0.7771,0.6293,A,34,7,7.41,0.34,112.2,11.13,0.202
514,3.4,0.7771,0.6293,B,36,13,14.07,0.36,118.8,9.5,0.254
514,3.4,0.7771,0.6293,C,45,15,13.97,0.45,148.5,10.04,0.302
514,3.4,0.7771,0.6293,D,53,19,19.39,0.53,174.9,8.71,0.37
515,3.5,0.7934,0.6088,A,25,5,8.65,0.25,82.5,11.83,0.159
515,3.5,0.7934,0.6088,B,37,12,11.22,0.37,122.1,10.77,0.246
515,3.5,0.7934,0.6088,C,39,11,13.99,0.39,128.7,9.82,0.261
515,3.5,0.7934,0.6088,D,48,13,12.89,0.48,158.4,9.28,0.304
516,3.6,0.809,0.5878,A,26,6,6.33,0.26,85.8,12.06,0.159
516,3.6,0.809,0.5878,B,33,5,7.51,0.33,108.9,11.42,0.191
516,3.6,0.809,0.5878,C,47,16,14.82,0.47,155.1,9.67,0.317
516,3.6,0.809,0.5878,D,54,20,19.18,0.54,178.2,8.88,0.377
517,3.7,0.8241,0.5664,A,28,7,10.2,0.28,92.4,11.65,0.184
517,3.7,0.8241,0.5664,B,41,13,14.77,0.41,135.3,9.63,0.279
517,3.7,0.8241,0.5664,C,44,14,13.5,0.44,145.2,10.01,0.292
517,3.7,0.8241,0.5664,D,53,22,19.7,0.53,174.9,8.56,0.381
518,3.8,0.8387,0.5446,A,33,8,8.19,0.33,108.9,10.17,0.204
518,3.8,0.8387,0.5446,B,47,13,15.53,0.47,155.1,9.06,0.309
518,3.8,0.8387,0.5446,C,52,22,21.83,0.52,171.6,8.77,0.384
518,3.8,0.8387,0.5446,D,48,16,14.61,0.48,158.4,9.06,0.321
519,3.9,0.8526,0.5225,A,27,6,7.99,0.27,89.1,11.65,0.169
519,3.9,0.8526,0.5225,B,39,9,9.66,0.39,128.7,10.57,0.239
519,3.9,0.8526,0.5225,C,39,10,11.55,0.39,128.7,10.39,0.249
519,3.9,0.8526,0.5225,D,40,10,10.51,0.4,132.0,10.78,0.25
520,4.0,0.866,0.5,A,28,5,8.22,0.28,92.4,11.54,0.171
520,4.0,0.866,0.5,B,43,15,16.03,0.43,141.9,8.98,0.299
520,4.0,0.866,0.5,C,58,22,21.67,0.58,191.4,9.1,0.41
520,4.0,0.866,0.5,D,55,22,20.24,0.55,181.5,8.3,0.392
521,4.1,0.8788,0.4772,A,24,5,7.19,0.24,79.2,10.84,0.149
521,4.1,0.8788,0.4772,B,43,11,13.99,0.43,141.9,10.15,0.279
521,4.1,0.8788,0.4772,C,46,18,17.6,0.46,151.8,9.31,0.329
521,4.1,0.8788,0.4772,D,58,23,23.82,0.58,191.4,7.24,0.421
522,4.2,0.891,0.454,A,24,4,5.89,0.24,79.2,11.05,0.142
522,4.2,0.891,0.454,B,35,9,12.11,0.35,115.5,11.68,0.229
522,4.2,0.891,0.454,C,45,14,15.95,0.45,148.5,9.73,0.305
522,4.2,0.891,0.454,D,54,22,21.03,0.54,178.2,8.72,0.39
523,4.3,0.9026,0.4305,A,28,7,6.98,0.28,92.4,10.97,0.174
523,4.3,0.9026,0.4305,B,37,9,8.76,0.37,122.1,10.01,0.227
523,4.3,0.9026,0.4305,C,42,14,16.55,0.42,138.6,9.95,0.293
523,4.3,0.9026,0.4305,D,56,23,21.93,0.56,184.8,8.81,0.406
524,4.4,0.9135,0.4067,A,29,8,10.05,0.29,95.7,10.87,0.192
524,4.4,0.9135,0.4067,B,35,13,14.53,0.35,115.5,10.65,0.251
524,4.4,0.9135,0.4067,C,45,18,19.92,0.45,148.5,9.85,0.332
524,4.4,0.9135,0.4067,D,42,8,10.9,0.42,138.6,9.21,0.253
525,4.5,0.9239,0.3827,A,21,5,6.28,0.21,69.3,11.88,0.133
525,4.5,0.9239,0.3827,B,36,9,11.27,0.36,118.8,10.17,0.231
525,4.5,0.9239,0.3827,C,51,20,20.01,0.51,168.3,9.18,0.366
525,4.5,0.9239,0.3827,D,59,23,22.32,0.59,194.7,7.82,0.42
526,4.6,0.9336,0.3584,A,37,15,16.37,0.37,122.1,10.03,0.274
526,4.6,0.9336,0.3584,B,38,14,14.57,0.38,125.4,10.58,0.269
526,4.6,0.9336,0.3584,C,42,15,14.64,0.42,138.6,9.6,0.29
526,4.6,0.9336,0.3584,D,49,18,17.83,0.49,161.7,9.28,0.343
527,4.7,0.9426,0.3338,A,38,12,12.16,0.38,125.4,10.28,0.254
527,4.7,0.9426,0.3338,B,39,14,13.79,0.39,128.7,9.59,0.27
527,4.7,0.9426,0.3338,C,47,13,13.33,0.47,155.1,9.05,0.301
527,4.7,0.9426,0.3338,D,51,17,16.14,0.51,168.3,8.92,0.343
528,4.8,0.9511,0.309,A,32,7,7.33,0.32,105.6,11.0,0.193
528,4.8,0.9511,0.309,B,38,10,12.78,0.38,125.4,10.28,0.249
528,4.8,0.9511,0.309,C,52,19,19.55,0.52,171.6,9.13,0.366
528,4.8,0.9511,0.309,D,49,16,14.66,0.49,161.7,9.1,0.325
529,4.9,0.9588,0.284,A,33,7,9.22,0.33,108.9,10.43,0.204
529,4.9,0.9588,0.284,B,40,14,14.49,0.4,132.0,9.96,0.277
529,4.9,0.9588,0.284,C,53,21,21.99,0.53,174.9,9.31,0.385
529,4.9,0.9588,0.284,D,55,24,22.36,0.55,181.5,8.41,0.406
530,5.0,0.9659,0.2588,A,31,8,10.98,0.31,102.3,10.15,0.204
530,5.0,0.9659,0.2588,B,38,12,14.54,0.38,125.4,10.08,0.261
530,5.0,0.9659,0.2588,C,57,25,24.15,0.57,188.1,8.72,0.424
530,5.0,0.9659,0.2588,D,55,21,20.23,0.55,181.5,8.03,0.388
531,5.1,0.9724,0.2334,A,18,3,5.63,0.18,59.4,12.15,0.11
531,5.1,0.9724,0.2334,B,35,8,8.06,0.35,115.5,10.19,0.212
531,5.1,0.9724,0.2334,C,47,19,19.66,0.47,155.1,9.77,0.344
531,5.1,0.9724,0.2334,D,62,23,22.05,0.62,204.6,7.55,0.433
532,5.2,0.9781,0.2079,A,32,13,15.45,0.32,105.6,10.74,0.241
532,5.2,0.9781,0.2079,B,41,13,13.25,0.41,135.3,9.42,0.274
532,5.2,0.9781,0.2079,C,54,23,21.36,0.54,178.2,8.7,0.395
532,5.2,0.9781,0.2079,D,51,18,17.59,0.51,168.3,8.48,0.351
533,5.3,0.9833,0.1822,A,32,7,10.1,0.32,105.6,10.88,0.202
533,5.3,0.9833,0.1822,B,42,12,13.48,0.42,138.6,9.63,0.276
533,5.3,0.9833,0.1822,C,51,19,19.64,0.51,168.3,9.14,0.361
533,5.3,0.9833,0.1822,D,50,19,20.05,0.5,165.0,8.71,0.358
534,5.4,0.9877,0.1564,A,34,9,11.48,0.34,112.2,10.28,0.223
534,5.4,0.9877,0.1564,B,45,15,15.07,0.45,148.5,8.65,0.305
534,5.4,0.9877,0.1564,C,51,21,22.05,0.51,168.3,9.64,0.376
534,5.4,0.9877,0.1564,D,62,30,27.6,0.62,204.6,7.61,0.476
535,5.5,0.9914,0.1305,A,29,8,9.7,0.29,95.7,10.49,0.191
535,5.5,0.9914,0.1305,B,40,13,12.1,0.4,132.0,9.92,0.266
535,5.5,0.9914,0.1305,C,53,26,26.59,0.53,174.9,8.85,0.418
535,5.5,0.9914,0.1305,D,59,27,27.72,0.59,194.7,8.76,0.452
536,5.6,0.9945,0.1045,A,25,4,5.64,0.25,82.5,10.37,0.145
536,5.6,0.9945,0.1045,B,41,13,12.4,0.41,135.3,9.87,0.271
536,5.6,0.9945,0.1045,C,54,23,23.04,0.54,178.2,8.41,0.4
536,5.6,0.9945,0.1045,D,68,30,28.0,0.68,224.4,6.53,0.504
537,5.7,0.9969,0.0785,A,33,8,10.28,0.33,108.9,10.71,0.211
537,5.7,0.9969,0.0785,B,41,12,15.11,0.41,135.3,10.91,0.277
537,5.7,0.9969,0.0785,C,55,24,21.58,0.55,181.5,8.43,0.403
537,5.7,0.9969,0.0785,D,66,32,29.14,0.66,217.8,7.6,0.506
538,5.8,0.9986,0.0523,A,37,12,15.11,0.37,122.1,10.34,0.259
538,5.8,0.9986,0.0523,B,47,13,12.94,0.47,155.1,10.63,0.3
538,5.8,0.9986,0.0523,C,54,22,21.91,0.54,178.2,8.39,0.393
538,5.8,0.9986,0.0523,D,61,27,27.44,0.61,201.3,7.16,0.46
539,5.9,0.9997,0.0262,A,43,17,15.81,0.43,141.9,9.26,0.306
539,5.9,0.9997,0.0262,B,52,18,17.97,0.52,171.6,9.22,0.357
539,5.9,0.9997,0.0262,C,64,29,26.16,0.64,211.2,7.11,0.477
539,5.9,0.9997,0.0262,D,71,38,35.04,0.71,234.3,7.12,0.569
540,6.0,1.0,0.0,A,45,15,15.83,0.45,148.5,10.85,0.308
540,6.0,1.0,0.0,B,50,17,18.73,0.5,165.0,9.18,0.347
540,6.0,1.0,0.0,C,59,25,25.39,0.59,194.7,7.74,0.438
540,6.0,1.0,0.0,D,72,40,38.55,0.72,237.6,7.04,0.593
541,6.1,0.9997,-0.0262,A,41,15,16.16,0.41,135.3,9.08,0.291
541,6.1,0.9997,-0.0262,B,60,26,24.96,0.6,198.0,8.51,0.444
541,6.1,0.9997,-0.0262,C,65,31,28.06,0.65,214.5,8.25,0.495
541,6.1,0.9997,-0.0262,D,76,44,41.23,0.76,250.8,6.82,0.633
542,6.2,0.9986,-0.0523,A,48,16,18.17,0.48,158.4,9.06,0.333
542,6.2,0.9986,-0.0523,B,55,26,25.28,0.55,181.5,8.83,0.423
542,6.2,0.9986,-0.0523,C,77,44,40.41,0.77,254.1,5.75,0.635
542,6.2,0.9986,-0.0523,D,79,45,40.03,0.79,260.7,5.96,0.646
543,6.3,0.9969,-0.0785,A,49,14,15.34,0.49,161.7,9.32,0.321
543,6.3,0.9969,-0.0785,B,56,21,20.0,0.56,184.8,8.81,0.392
543,6.3,0.9969,-0.0785,C,68,34,31.57,0.68,224.4,6.61,0.53
543,6.3,0.9969,-0.0785,D,83,56,49.91,0.83,273.9,5.26,0.736
544,6.4,0.9945,-0.1045,A,51,20,19.29,0.51,168.3,8.8,0.364
544,6.4,0.9945,-0.1045,B,62,28,26.69,0.62,204.6,7.52,0.466
544,6.4,0.9945,-0.1045,C,72,39,35.3,0.72,237.6,5.33,0.578
544,6.4,0.9945,-0.1045,D,86,59,54.19,0.86,283.8,5.0,0.774
545,6.5,0.9914,-0.1305,A,55,20,19.58,0.55,181.5,8.4,0.383
545,6.5,0.9914,-0.1305,B,73,36,33.08,0.73,240.9,6.65,0.565
545,6.5,0.9914,-0.1305,C,76,42,38.72,0.76,250.8,6.72,0.618
545,6.5,0.9914,-0.1305,D,89,58,51.74,0.89,293.7,4.29,0.776
546,6.6,0.9877,-0.1564,A,53,23,22.84,0.53,174.9,8.9,0.395
546,6.6,0.9877,-0.1564,B,68,34,31.64,0.68,224.4,6.93,0.53
546,6.6,0.9877,-0.1564,C,79,46,42.05,0.79,260.7,5.56,0.657
546,6.6,0.9877,-0.1564,D,90,64,56.38,0.9,297.0,5.51,0.817
547,6.7,0.9833,-0.1822,A,48,19,18.14,0.48,158.4,9.37,0.343
547,6.7,0.9833,-0.1822,B,65,31,29.71,0.65,214.5,6.93,0.5
547,6.7,0.9833,-0.1822,C,79,49,45.84,0.79,260.7,5.44,0.68
547,6.7,0.9833,-0.1822,D,87,61,53.94,0.87,287.1,5.48,0.785
548,6.8,0.9781,-0.2079,A,58,22,21.01,0.58,191.4,9.24,0.408
548,6.8,0.9781,-0.2079,B,68,38,35.48,0.68,224.4,7.21,0.557
548,6.8,0.9781,-0.2079,C,90,64,57.54,0.9,297.0,5.53,0.821
548,6.8,0.9781,-0.2079,D,102,77,69.51,1.0,336.6,4.0,0.951
549,6.9,0.9724,-0.2334,A,56,23,24.12,0.56,184.8,8.5,0.413
549,6.9,0.9724,-0.2334,B,72,34,30.26,0.72,237.6,6.49,0.544
549,6.9,0.9724,-0.2334,C,86,61,53.27,0.86,283.8,6.25,0.778
549,6.9,0.9724,-0.2334,D,108,86,75.74,1.0,356.4,4.26,1.0
550,7.0,0.9659,-0.2588,A,58,23,22.29,0.58,191.4,8.97,0.416
550,7.0,0.9659,-0.2588,B,69,38,35.34,0.69,227.7,7.43,0.561
550,7.0,0.9659,-0.2588,C,92,65,56.44,0.92,303.6,5.34,0.83
550,7.0,0.9659,-0.2588,D,111,90,79.86,1.0,366.3,4.11,1.0
551,7.1,0.9588,-0.284,A,68,34,31.09,0.68,224.4,7.63,0.529
551,7.1,0.9588,-0.284,B,79,46,44.06,0.79,260.7,6.81,0.663
551,7.1,0.9588,-0.284,C,108,83,73.67,1.0,356.4,4.0,0.986
551,7.1,0.9588,-0.284,D,111,88,76.36,1.0,366.3,4.21,1.0
552,7.2,0.9511,-0.309,A,68,36,33.24,0.68,224.4,7.58,0.543
552,7.2,0.9511,-0.309,B,81,50,45.94,0.81,267.3,6.93,0.693
552,7.2,0.9511,-0.309,C,99,76,66.37,0.99,326.7,4.57,0.933
552,7.2,0.9511,-0.309,D,111,88,76.63,1.0,366.3,4.56,1.0
553,7.3,0.9426,-0.3338,A,72,39,37.14,0.72,237.6,6.94,0.584
553,7.3,0.9426,-0.3338,B,90,61,54.24,0.9,297.0,5.34,0.799
553,7.3,0.9426,-0.3338,C,103,77,70.17,1.0,339.9,4.0,0.953
553,7.3,0.9426,-0.3338,D,114,92,82.81,1.0,376.2,4.0,1.0
554,7.4,0.9336,-0.3584,A,70,36,34.95,0.7,231.0,6.35,0.558
554,7.4,0.9336,-0.3584,B,87,63,57.52,0.87,287.1,6.02,0.804
554,7.4,0.9336,-0.3584,C,102,79,69.61,1.0,336.6,4.13,0.959
554,7.4,0.9336,-0.3584,D,124,100,87.06,1.0,409.2,4.58,1.0
555,7.5,0.9239,-0.3827,A,75,42,38.6,0.75,247.5,6.81,0.613
555,7.5,0.9239,-0.3827,B,90,63,56.83,0.9,297.0,5.29,0.815
555,7.5,0.9239,-0.3827,C,109,86,75.83,1.0,359.7,4.0,1.0
555,7.5,0.9239,-0.3827,D,132,103,88.74,1.0,435.6,5.43,1.0
556,7.6,0.9135,-0.4067,A,72,40,37.36,0.72,237.6,7.29,0.589
556,7.6,0.9135,-0.4067,B,86,55,48.48,0.86,283.8,5.22,0.741
556,7.6,0.9135,-0.4067,C,110,89,77.4,1.0,363.0,4.06,1.0
556,7.6,0.9135,-0.4067,D,118,93,81.24,1.0,389.4,4.99,1.0
557,7.7,0.9026,-0.4305,A,70,35,33.94,0.7,231.0,7.49,0.551
557,7.7,0.9026,-0.4305,B,87,58,53.54,0.87,287.1,5.34,0.773
557,7.7,0.9026,-0.4305,C,110,89,79.56,1.0,363.0,4.0,1.0
557,7.7,0.9026,-0.4305,D,126,98,88.23,1.0,415.8,4.06,1.0
558,7.8,0.891,-0.454,A,75,40,37.51,0.75,247.5,7.61,0.603
558,7.8,0.891,-0.454,B,95,71,62.5,0.95,313.5,4.15,0.884
558,7.8,0.891,-0.454,C,107,84,72.44,1.0,353.1,4.55,0.985
558,7.8,0.891,-0.454,D,125,100,89.55,1.0,412.5,4.0,1.0
559,7.9,0.8788,-0.4772,A,70,39,35.64,0.7,231.0,6.43,0.57
559,7.9,0.8788,-0.4772,B,92,63,57.96,0.92,303.6,5.63,0.828
559,7.9,0.8788,-0.4772,C,114,94,82.36,1.0,376.2,4.49,1.0
559,7.9,0.8788,-0.4772,D,127,98,85.08,1.0,419.1,4.13,1.0
560,8.0,0.866,-0.5,A,77,43,38.47,0.77,254.1,5.1,0.625
560,8.0,0.866,-0.5,B,100,81,73.32,1.0,330.0,4.27,0.978
560,8.0,0.866,-0.5,C,111,88,77.51,1.0,366.3,4.73,1.0
560,8.0,0.866,-0.5,D,140,110,97.09,1.0,462.0,4.38,1.0
561,8.1,0.8526,-0.5225,A,77,42,38.06,0.77,254.1,6.35,0.62
561,8.1,0.8526,-0.5225,B,93,70,61.41,0.93,306.9,4.48,0.868
561,8.1,0.8526,-0.5225,C,114,93,82.4,1.0,376.2,4.03,1.0
561,8.1,0.8526,-0.5225,D,121,95,84.54,1.0,399.3,5.38,1.0
562,8.2,0.8387,-0.5446,A,68,33,29.91,0.68,224.4,7.66,0.521
562,8.2,0.8387,-0.5446,B,95,72,65.03,0.95,313.5,4.65,0.896
562,8.2,0.8387,-0.5446,C,109,87,75.83,1.0,359.7,4.74,1.0
562,8.2,0.8387,-0.5446,D,127,103,89.07,1.0,419.1,4.0,1.0
563,8.3,0.8241,-0.5664,A,71,35,32.38,0.71,234.3,7.59,0.55
563,8.3,0.8241,-0.5664,B,88,59,54.5,0.88,290.4,4.96,0.784
563,8.3,0.8241,-0.5664,C,106,81,72.96,1.0,349.8,5.02,0.977
563,8.3,0.8241,-0.5664,D,134,106,94.43,1.0,442.2,4.32,1.0
564,8.4,0.809,-0.5878,A,75,45,42.81,0.75,247.5,6.12,0.638
564,8.4,0.809,-0.5878,B,93,67,58.17,0.93,306.9,4.0,0.847
564,8.4,0.809,-0.5878,C,109,91,78.45,1.0,359.7,4.0,1.0
564,8.4,0.809,-0.5878,D,127,100,87.02,1.0,419.1,4.0,1.0
565,8.5,0.7934,-0.6088,A,73,39,36.45,0.73,240.9,6.94,0.586
565,8.5,0.7934,-0.6088,B,92,68,60.69,0.92,303.6,4.9,0.854
565,8.5,0.7934,-0.6088,C,105,85,73.77,1.0,346.5,4.3,0.993
565,8.5,0.7934,-0.6088,D,129,103,90.05,1.0,425.7,4.0,1.0
566,8.6,0.7771,-0.6293,A,75,42,37.82,0.75,247.5,7.48,0.611
566,8.6,0.7771,-0.6293,B,89,61,55.27,0.89,293.7,5.09,0.798
566,8.6,0.7771,-0.6293,C,104,84,72.83,1.0,343.2,4.0,0.987
566,8.6,0.7771,-0.6293,D,122,97,84.92,1.0,402.6,4.98,1.0
567,8.7,0.7604,-0.6494,A,69,33,31.39,0.69,227.7,7.41,0.531
567,8.7,0.7604,-0.6494,B,84,52,47.38,0.84,277.2,4.8,0.718
567,8.7,0.7604,-0.6494,C,99,77,68.0,0.99,326.7,4.43,0.942
567,8.7,0.7604,-0.6494,D,130,103,89.69,1.0,429.0,4.23,1.0
568,8.8,0.7431,-0.6691,A,64,32,30.65,0.64,211.2,7.46,0.502
568,8.8,0.7431,-0.6691,B,81,49,45.01,0.81,267.3,5.02,0.686
568,8.8,0.7431,-0.6691,C,102,83,73.99,1.0,336.6,4.0,0.987
568,8.8,0.7431,-0.6691,D,104,85,74.17,1.0,343.2,4.02,0.995
569,8.9,0.7254,-0.6884,A,65,30,29.94,0.65,214.5,8.8,0.497
569,8.9,0.7254,-0.6884,B,79,48,44.18,0.79,260.7,5.71,0.671
569,8.9,0.7254,-0.6884,C,92,67,61.29,0.92,303.6,5.79,0.853
569,8.9,0.7254,-0.6884,D,104,80,72.1,1.0,343.2,4.0,0.97
570,9.0,0.7071,-0.7071,A,56,22,23.32,0.56,184.8,8.46,0.407
570,9.0,0.7071,-0.7071,B,76,40,36.28,0.76,250.8,7.04,0.603
570,9.0,0.7071,-0.7071,C,99,75,64.98,0.99,326.7,4.0,0.925
570,9.0,0.7071,-0.7071,D,112,89,79.46,1.0,369.6,4.69,1.0
571,9.1,0.6884,-0.7254,A,65,31,28.61,0.65,214.5,6.67,0.496
571,9.1,0.6884,-0.7254,B,88,61,53.51,0.88,290.4,5.18,0.788
571,9.1,0.6884,-0.7254,C,91,62,56.33,0.91,300.3,4.82,0.814
571,9.1,0.6884,-0.7254,D,99,80,70.79,0.99,326.7,4.68,0.961
572,9.2,0.6691,-0.7431,A,58,24,23.23,0.58,191.4,9.13,0.422
572,9.2,0.6691,-0.7431,B,75,43,38.98,0.75,247.5,6.71,0.618
572,9.2,0.6691,-0.7431,C,82,49,42.8,0.82,270.6,6.49,0.683
572,9.2,0.6691,-0.7431,D,106,86,76.02,1.0,349.8,4.34,1.0
573,9.3,0.6494,-0.7604,A,54,23,24.26,0.54,178.2,8.1,0.404
573,9.3,0.6494,-0.7604,B,73,42,37.25,0.73,240.9,8.02,0.6
573,9.3,0.6494,-0.7604,C,75,43,37.76,0.75,247.5,6.67,0.614
573,9.3,0.6494,-0.7604,D,99,78,68.73,0.99,326.7,4.65,0.948
574,9.4,0.6293,-0.7771,A,62,28,28.64,0.62,204.6,8.13,0.472
574,9.4,0.6293,-0.7771,B,65,31,31.08,0.65,214.5,7.84,0.505
574,9.4,0.6293,-0.7771,C,82,50,46.31,0.82,270.6,4.45,0.698
574,9.4,0.6293,-0.7771,D,88,57,51.33,0.88,290.4,5.44,0.767
575,9.5,0.6088,-0.7934,A,58,23,23.75,0.58,191.4,8.31,0.421
575,9.5,0.6088,-0.7934,B,66,32,31.3,0.66,217.8,7.4,0.513
575,9.5,0.6088,-0.7934,C,84,54,50.6,0.84,277.2,5.28,0.736
575,9.5,0.6088,-0.7934,D,96,69,60.32,0.96,316.8,4.0,0.875
576,9.6,0.5878,-0.809,A,54,22,23.65,0.54,178.2,9.18,0.399
576,9.6,0.5878,-0.809,B,53,22,20.06,0.53,174.9,9.14,0.382
576,9.6,0.5878,-0.809,C,75,42,36.83,0.75,247.5,6.65,0.607
576,9.6,0.5878,-0.809,D,76,39,37.8,0.76,250.8,6.62,0.604
577,9.7,0.5664,-0.8241,A,45,15,14.95,0.45,148.5,8.29,0.305
577,9.7,0.5664,-0.8241,B,62,26,26.38,0.62,204.6,7.66,0.458
577,9.7,0.5664,-0.8241,C,77,41,38.72,0.77,254.1,6.8,0.619
577,9.7,0.5664,-0.8241,D,81,45,41.84,0.81,267.3,7.06,0.661
578,9.8,0.5446,-0.8387,A,44,14,14.78,0.44,145.2,10.18,0.296
578,9.8,0.5446,-0.8387,B,51,20,21.96,0.51,168.3,9.31,0.373
578,9.8,0.5446,-0.8387,C,70,35,33.82,0.7,231.0,7.75,0.55
578,9.8,0.5446,-0.8387,D,75,42,38.83,0.75,247.5,6.48,0.614
579,9.9,0.5225,-0.8526,A,47,14,15.47,0.47,155.1,10.24,0.312
579,9.9,0.5225,-0.8526,B,46,19,18.91,0.46,151.8,9.5,0.337
579,9.9,0.5225,-0.8526,C,61,28,26.28,0.61,201.3,8.34,0.46
579,9.9,0.5225,-0.8526,D,78,43,40.96,0.78,257.4,5.22,0.638
580,10.0,0.5,-0.866,A,38,13,13.35,0.38,125.4,10.52,0.261
580,10.0,0.5,-0.866,B,60,25,25.85,0.6,198.0,7.61,0.444
580,10.0,0.5,-0.866,C,65,29,25.73,0.65,214.5,7.38,0.48
580,10.0,0.5,-0.866,D,82,52,48.62,0.82,270.6,5.72,0.713
581,10.1,0.4772,-0.8788,A,40,12,12.67,0.4,132.0,10.59,0.264
581,10.1,0.4772,-0.8788,B,49,18,17.02,0.49,161.7,9.04,0.34
581,10.1,0.4772,-0.8788,C,66,34,30.91,0.66,217.8,7.94,0.519
581,10.1,0.4772,-0.8788,D,68,32,30.34,0.68,224.4,7.85,0.519
582,10.2,0.454,-0.891,A,35,10,12.87,0.35,115.5,10.58,0.235
582,10.2,0.454,-0.891,B,49,18,18.52,0.49,161.7,9.2,0.345
582,10.2,0.454,-0.891,C,59,25,24.82,0.59,194.7,9.03,0.436
582,10.2,0.454,-0.891,D,72,35,33.31,0.72,237.6,7.36,0.558
583,10.3,0.4305,-0.9026,A,32,9,9.48,0.32,105.6,10.3,0.207
583,10.3,0.4305,-0.9026,B,48,18,17.61,0.48,158.4,8.96,0.338
583,10.3,0.4305,-0.9026,C,59,25,23.16,0.59,194.7,8.9,0.43
583,10.3,0.4305,-0.9026,D,58,25,25.91,0.58,191.4,8.36,0.435
584,10.4,0.4067,-0.9135,A,33,10,9.6,0.33,108.9,10.17,0.215
584,10.4,0.4067,-0.9135,B,44,16,14.78,0.44,145.2,10.24,0.303
584,10.4,0.4067,-0.9135,C,52,21,20.58,0.52,171.6,8.44,0.376
584,10.4,0.4067,-0.9135,D,72,36,33.21,0.72,237.6,6.84,0.561
585,10.5,0.3827,-0.9239,A,36,10,11.15,0.36,118.8,11.24,0.234
585,10.5,0.3827,-0.9239,B,41,15,16.19,0.41,135.3,9.76,0.291
585,10.5,0.3827,-0.9239,C,54,19,17.9,0.54,178.2,10.21,0.369
585,10.5,0.3827,-0.9239,D,67,32,29.32,0.67,221.1,7.9,0.511
586,10.6,0.3584,-0.9336,A,36,9,9.33,0.36,118.8,9.74,0.225
586,10.6,0.3584,-0.9336,B,42,13,13.45,0.42,138.6,10.57,0.279
586,10.6,0.3584,-0.9336,C,56,22,21.92,0.56,184.8,8.71,0.402
586,10.6,0.3584,-0.9336,D,62,27,27.76,0.62,204.6,8.19,0.466
587,10.7,0.3338,-0.9426,A,33,8,11.38,0.33,108.9,10.2,0.214
587,10.7,0.3338,-0.9426,B,38,13,13.8,0.38,125.4,9.42,0.263
587,10.7,0.3338,-0.9426,C,53,21,21.55,0.53,174.9,8.39,0.384
587,10.7,0.3338,-0.9426,D,57,24,21.86,0.57,188.1,7.92,0.413
588,10.8,0.309,-0.9511,A,31,6,7.23,0.31,102.3,11.47,0.185
588,10.8,0.309,-0.9511,B,43,12,12.18,0.43,141.9,10.14,0.276
588,10.8,0.309,-0.9511,C,48,17,19.24,0.48,158.4,8.85,0.34
588,10.8,0.309,-0.9511,D,49,19,18.42,0.49,161.7,9.94,0.348
589,10.9,0.284,-0.9588,A,40,13,12.22,0.4,132.0,9.98,0.266
589,10.9,0.284,-0.9588,B,39,12,12.06,0.39,128.7,9.67,0.258
589,10.9,0.284,-0.9588,C,43,13,14.24,0.43,141.9,9.92,0.286
589,10.9,0.284,-0.9588,D,53,14,16.71,0.53,174.9,9.13,0.343
590,11.0,0.2588,-0.9659,A,27,11,11.77,0.27,89.1,11.32,0.199
590,11.0,0.2588,-0.9659,B,42,10,9.69,0.42,138.6,10.02,0.256
590,11.0,0.2588,-0.9659,C,47,17,17.22,0.47,155.1,8.94,0.328
590,11.0,0.2588,-0.9659,D,58,21,19.56,0.58,191.4,8.56,0.4
591,11.1,0.2334,-0.9724,A,55,24,22.99,0.55,181.5,8.34,0.408
591,11.1,0.2334,-0.9724,B,59,24,25.21,0.59,194.7,8.6,0.434
591,11.1,0.2334,-0.9724,C,48,16,16.17,0.48,158.4,9.86,0.326
591,11.1,0.2334,-0.9724,D,57,24,23.76,0.57,188.1,8.46,0.42
592,11.2,0.2079,-0.9781,A,54,24,24.43,0.54,178.2,7.97,0.408
592,11.2,0.2079,-0.9781,B,61,26,27.03,0.61,201.3,8.76,0.456
592,11.2,0.2079,-0.9781,C,50,18,20.03,0.5,165.0,9.39,0.355
592,11.2,0.2079,-0.9781,D,52,21,20.65,0.52,171.6,8.76,0.376
593,11.3,0.1822,-0.9833,A,55,25,23.16,0.55,181.5,8.37,0.412
593,11.3,0.1822,-0.9833,B,57,25,25.0,0.57,188.1,9.05,0.427
593,11.3,0.1822,-0.9833,C,46,12,11.38,0.46,151.8,9.35,0.287
593,11.3,0.1822,-0.9833,D,54,22,22.15,0.54,178.2,8.12,0.394
594,11.4,0.1564,-0.9877,A,52,21,21.9,0.52,171.6,8.27,0.381
594,11.4,0.1564,-0.9877,B,69,32,30.01,0.69,227.7,7.25,0.523
594,11.4,0.1564,-0.9877,C,45,17,18.81,0.45,148.5,8.87,0.325
594,11.4,0.1564,-0.9877,D,55,22,21.29,0.55,181.5,9.88,0.395
595,11.5,0.1305,-0.9914,A,54,19,17.44,0.54,178.2,8.54,0.368
595,11.5,0.1305,-0.9914,B,59,26,24.6,0.59,194.7,8.04,0.439
595,11.5,0.1305,-0.9914,C,46,19,19.97,0.46,151.8,10.05,0.34
595,11.5,0.1305,-0.9914,D,54,19,19.84,0.54,178.2,8.5,0.376
596,11.6,0.1045,-0.9945,A,55,21,19.62,0.55,181.5,8.62,0.386
596,11.6,0.1045,-0.9945,B,63,31,29.38,0.63,207.9,7.68,0.49
596,11.6,0.1045,-0.9945,C,49,17,19.01,0.49,161.7,8.77,0.343
596,11.6,0.1045,-0.9945,D,57,20,19.78,0.57,188.1,8.46,0.392
597,11.7,0.0785,-0.9969,A,61,27,27.53,0.61,201.3,7.81,0.461
597,11.7,0.0785,-0.9969,B,62,27,26.44,0.62,204.6,7.98,0.462
597,11.7,0.0785,-0.9969,C,45,14,16.84,0.45,148.5,9.42,0.308
597,11.7,0.0785,-0.9969,D,49,19,20.63,0.49,161.7,8.98,0.356
598,11.8,0.0523,-0.9986,A,54,21,21.36,0.54,178.2,9.26,0.388
598,11.8,0.0523,-0.9986,B,57,21,22.28,0.57,188.1,8.68,0.404
598,11.8,0.0523,-0.9986,C,41,14,15.34,0.41,135.3,9.43,0.285
598,11.8,0.0523,-0.9986,D,58,25,23.81,0.58,191.4,8.83,0.428
599,11.9,0.0262,-0.9997,A,64,33,29.71,0.64,211.2,6.81,0.503
599,11.9,0.0262,-0.9997,B,58,27,25.88,0.58,191.4,7.97,0.442
599,11.9,0.0262,-0.9997,C,44,15,15.41,0.44,145.2,9.72,0.302
599,11.9,0.0262,-0.9997,D,59,24,22.99,0.59,194.7,8.18,0.426
600,12.0,0.0,-1.0,A,33,8,10.5,0.33,108.9,10.95,0.212
600,12.0,0.0,-1.0,B,28,6,7.44,0.28,92.4,10.68,0.172
600,12.0,0.0,-1.0,C,45,14,16.32,0.45,148.5,10.22,0.306
600,12.0,0.0,-1.0,D,49,15,14.31,0.49,161.7,9.85,0.321
601,12.1,-0.0262,-0.9997,A,33,10,12.24,0.33,108.9,10.73,0.224
601,12.1,-0.0262,-0.9997,B,34,8,11.15,0.34,112.2,10.72,0.218
601,12.1,-0.0262,-0.9997,C,53,21,22.74,0.53,174.9,8.59,0.388
601,12.1,-0.0262,-0.9997,D,48,22,22.53,0.48,158.4,9.3,0.368
602,12.2,-0.0523,-0.9986,A,29,10,11.3,0.29,95.7,11.23,0.203
602,12.2,-0.0523,-0.9986,B,25,6,9.91,0.25,82.5,11.78,0.167
602,12.2,-0.0523,-0.9986,C,47,15,17.0,0.47,155.1,9.79,0.321
602,12.2,-0.0523,-0.9986,D,59,27,27.24,0.59,194.7,8.25,0.451
603,12.3,-0.0785,-0.9969,A,23,4,7.88,0.23,75.9,12.31,0.144
603,12.3,-0.0785,-0.9969,B,36,8,10.82,0.36,118.8,10.38,0.226
603,12.3,-0.0785,-0.9969,C,43,10,9.85,0.43,141.9,10.17,0.261
603,12.3,-0.0785,-0.9969,D,49,18,19.97,0.49,161.7,8.63,0.35
604,12.4,-0.1045,-0.9945,A,34,10,9.94,0.34,112.2,10.8,0.221
604,12.4,-0.1045,-0.9945,B,36,12,13.86,0.36,118.8,11.07,0.25
604,12.4,-0.1045,-0.9945,C,42,13,15.19,0.42,138.6,9.65,0.285
604,12.4,-0.1045,-0.9945,D,61,26,24.28,0.61,201.3,8.31,0.446
605,12.5,-0.1305,-0.9914,A,31,9,10.71,0.31,102.3,10.71,0.207
605,12.5,-0.1305,-0.9914,B,35,7,10.3,0.35,115.5,11.26,0.216
605,12.5,-0.1305,-0.9914,C,50,17,16.86,0.5,165.0,9.43,0.341
605,12.5,-0.1305,-0.9914,D,51,17,19.33,0.51,168.3,8.6,0.353
606,12.6,-0.1564,-0.9877,A,29,7,10.62,0.29,95.7,11.14,0.19
606,12.6,-0.1564,-0.9877,B,32,8,8.0,0.32,105.6,10.71,0.199
606,12.6,-0.1564,-0.9877,C,44,18,17.67,0.44,145.2,9.97,0.32
606,12.6,-0.1564,-0.9877,D,52,20,21.54,0.52,171.6,9.07,0.376
607,12.7,-0.1822,-0.9833,A,25,3,6.0,0.25,82.5,11.28,0.143
607,12.7,-0.1822,-0.9833,B,48,17,18.73,0.48,158.4,9.2,0.338
607,12.7,-0.1822,-0.9833,C,52,19,18.23,0.52,171.6,8.69,0.361
607,12.7,-0.1822,-0.9833,D,49,17,18.71,0.49,161.7,9.1,0.342
608,12.8,-0.2079,-0.9781,A,34,6,6.4,0.34,112.2,10.85,0.195
608,12.8,-0.2079,-0.9781,B,38,13,16.04,0.38,125.4,9.97,0.27
608,12.8,-0.2079,-0.9781,C,50,19,20.28,0.5,165.0,9.51,0.359
608,12.8,-0.2079,-0.9781,D,44,15,13.83,0.44,145.2,10.06,0.297
609,12.9,-0.2334,-0.9724,A,26,5,6.18,0.26,85.8,11.0,0.155
609,12.9,-0.2334,-0.9724,B,32,10,10.37,0.32,105.6,11.91,0.214
609,12.9,-0.2334,-0.9724,C,42,12,13.21,0.42,138.6,9.45,0.275
609,12.9,-0.2334,-0.9724,D,52,18,18.91,0.52,171.6,9.43,0.36
610,13.0,-0.2588,-0.9659,A,32,5,8.34,0.32,105.6,10.7,0.189
610,13.0,-0.2588,-0.9659,B,38,10,13.21,0.38,125.4,9.17,0.25
610,13.0,-0.2588,-0.9659,C,45,13,12.48,0.45,148.5,9.04,0.29
610,13.0,-0.2588,-0.9659,D,50,19,21.14,0.5,165.0,9.09,0.362
611,13.1,-0.284,-0.9588,A,36,7,10.38,0.36,118.8,10.56,0.221
611,13.1,-0.284,-0.9588,B,34,7,8.56,0.34,112.2,10.37,0.206
611,13.1,-0.284,-0.9588,C,46,15,14.76,0.46,151.8,9.05,0.309
611,13.1,-0.284,-0.9588,D,51,19,19.44,0.51,168.3,9.49,0.361
612,13.2,-0.309,-0.9511,A,21,7,7.72,0.21,69.3,11.56,0.145
612,13.2,-0.309,-0.9511,B,39,12,12.04,0.39,128.7,9.8,0.258
612,13.2,-0.309,-0.9511,C,44,10,11.3,0.44,145.2,10.04,0.271
612,13.2,-0.309,-0.9511,D,59,28,25.97,0.59,194.7,8.6,0.45
613,13.3,-0.3338,-0.9426,A,27,3,4.78,0.27,89.1,11.3,0.148
613,13.3,-0.3338,-0.9426,B,33,10,10.36,0.33,108.9,11.0,0.218
613,13.3,-0.3338,-0.9426,C,46,10,12.74,0.46,151.8,10.38,0.284
613,13.3,-0.3338,-0.9426,D,53,21,19.84,0.53,174.9,8.25,0.378
614,13.4,-0.3584,-0.9336,A,39,10,10.53,0.39,128.7,9.95,0.246
614,13.4,-0.3584,-0.9336,B,35,8,9.98,0.35,115.5,10.29,0.219
614,13.4,-0.3584,-0.9336,C,47,18,17.48,0.47,155.1,10.18,0.333
614,13.4,-0.3584,-0.9336,D,55,24,24.88,0.55,181.5,9.15,0.414
615,13.5,-0.3827,-0.9239,A,31,10,11.22,0.31,102.3,11.42,0.212
615,13.5,-0.3827,-0.9239,B,40,12,14.69,0.4,132.0,9.32,0.271
615,13.5,-0.3827,-0.9239,C,44,11,10.88,0.44,145.2,9.01,0.273
615,13.5,-0.3827,-0.9239,D,51,16,18.57,0.51,168.3,8.2,0.347
616,13.6,-0.4067,-0.9135,A,28,6,7.06,0.28,92.4,12.52,0.171
616,13.6,-0.4067,-0.9135,B,40,14,14.14,0.4,132.0,9.61,0.276
616,13.6,-0.4067,-0.9135,C,46,17,17.2,0.46,151.8,9.7,0.324
616,13.6,-0.4067,-0.9135,D,55,20,21.74,0.55,181.5,7.9,0.39
617,13.7,-0.4305,-0.9026,A,36,10,12.59,0.36,118.8,10.41,0.239
617,13.7,-0.4305,-0.9026,B,41,13,15.16,0.41,135.3,9.46,0.281
617,13.7,-0.4305,-0.9026,C,45,15,17.3,0.45,148.5,9.22,0.313
617,13.7,-0.4305,-0.9026,D,57,24,21.88,0.57,188.1,9.11,0.413
618,13.8,-0.454,-0.891,A,20,5,8.42,0.2,66.0,12.08,0.136
618,13.8,-0.454,-0.891,B,39,12,13.72,0.39,128.7,10.01,0.263
618,13.8,-0.454,-0.891,C,45,15,15.08,0.45,148.5,10.07,0.305
618,13.8,-0.454,-0.891,D,55,26,26.53,0.55,181.5,8.02,0.427
619,13.9,-0.4772,-0.8788,A,23,5,5.93,0.23,75.9,11.5,0.141
619,13.9,-0.4772,-0.8788,B,36,11,11.94,0.36,118.8,9.49,0.24
619,13.9,-0.4772,-0.8788,C,44,15,14.25,0.44,145.2,8.55,0.298
619,13.9,-0.4772,-0.8788,D,53,19,20.73,0.53,174.9,8.64,0.374
620,14.0,-0.5,-0.866,A,27,7,7.21,0.27,89.1,12.1,0.17
620,14.0,-0.5,-0.866,B,35,11,12.26,0.35,115.5,10.83,0.237
620,14.0,-0.5,-0.866,C,45,15,17.46,0.45,148.5,8.86,0.313
620,14.0,-0.5,-0.866,D,56,23,21.47,0.56,184.8,8.62,0.404
621,14.1,-0.5225,-0.8526,A,34,8,7.82,0.34,112.2,10.56,0.207
621,14.1,-0.5225,-0.8526,B,37,12,13.46,0.37,122.1,9.75,0.253
621,14.1,-0.5225,-0.8526,C,41,12,14.37,0.41,135.3,9.47,0.274
621,14.1,-0.5225,-0.8526,D,53,18,16.82,0.53,174.9,8.71,0.358
622,14.2,-0.5446,-0.8387,A,33,8,11.5,0.33,108.9,10.42,0.215
622,14.2,-0.5446,-0.8387,B,43,14,15.79,0.43,141.9,8.85,0.295
622,14.2,-0.5446,-0.8387,C,47,16,17.93,0.47,155.1,9.54,0.327
622,14.2,-0.5446,-0.8387,D,58,24,25.06,0.58,191.4,8.55,0.429
623,14.3,-0.5664,-0.8241,A,27,5,7.44,0.27,89.1,11.77,0.164
623,14.3,-0.5664,-0.8241,B,38,11,13.36,0.38,125.4,9.97,0.254
623,14.3,-0.5664,-0.8241,C,46,14,14.45,0.46,151.8,8.88,0.304
623,14.3,-0.5664,-0.8241,D,57,23,24.22,0.57,188.1,8.9,0.418
624,14.4,-0.5878,-0.809,A,24,5,5.82,0.24,79.2,11.55,0.145
624,14.4,-0.5878,-0.809,B,39,11,12.71,0.39,128.7,9.65,0.256
624,14.4,-0.5878,-0.809,C,44,13,15.15,0.44,145.2,9.79,0.294
624,14.4,-0.5878,-0.809,D,55,24,21.72,0.55,181.5,7.88,0.404
625,14.5,-0.6088,-0.7934,A,35,8,9.91,0.35,115.5,10.42,0.219
625,14.5,-0.6088,-0.7934,B,43,13,15.97,0.43,141.9,10.24,0.292
625,14.5,-0.6088,-0.7934,C,48,17,18.99,0.48,158.4,9.01,0.339
625,14.5,-0.6088,-0.7934,D,58,23,23.9,0.58,191.4,8.34,0.421
626,14.6,-0.6293,-0.7771,A,39,8,11.22,0.39,128.7,10.06,0.241
626,14.6,-0.6293,-0.7771,B,42,10,10.74,0.42,138.6,10.84,0.26
626,14.6,-0.6293,-0.7771,C,39,12,14.23,0.39,128.7,10.61,0.265
626,14.6,-0.6293,-0.7771,D,57,20,21.4,0.57,188.1,8.47,0.398
627,14.7,-0.6494,-0.7604,A,26,7,9.44,0.26,85.8,11.85,0.173
627,14.7,-0.6494,-0.7604,B,39,15,14.13,0.39,128.7,9.91,0.275
627,14.7,-0.6494,-0.7604,C,50,18,19.53,0.5,165.0,8.77,0.353
627,14.7,-0.6494,-0.7604,D,54,23,23.58,0.54,178.2,7.97,0.402
628,14.8,-0.6691,-0.7431,A,34,13,15.29,0.34,112.2,10.06,0.249
628,14.8,-0.6691,-0.7431,B,41,14,16.07,0.41,135.3,9.94,0.287
628,14.8,-0.6691,-0.7431,C,59,27,27.67,0.59,194.7,7.23,0.452
628,14.8,-0.6691,-0.7431,D,55,21,20.51,0.55,181.5,7.55,0.389
629,14.9,-0.6884,-0.7254,A,38,11,11.11,0.38,125.4,9.98,0.247
629,14.9,-0.6884,-0.7254,B,43,15,16.25,0.43,141.9,10.44,0.3
629,14.9,-0.6884,-0.7254,C,50,17,17.96,0.5,165.0,10.02,0.344
629,14.9,-0.6884,-0.7254,D,65,27,24.93,0.65,214.5,7.75,0.47
630,15.0,-0.7071,-0.7071,A,29,8,8.51,0.29,95.7,11.25,0.187
630,15.0,-0.7071,-0.7071,B,46,14,13.95,0.46,151.8,10.27,0.302
630,15.0,-0.7071,-0.7071,C,56,22,22.74,0.56,184.8,8.13,0.405
630,15.0,-0.7071,-0.7071,D,53,20,20.89,0.53,174.9,8.72,0.378
631,15.1,-0.7254,-0.6884,A,39,10,13.48,0.39,128.7,10.06,0.255
631,15.1,-0.7254,-0.6884,B,41,14,15.94,0.41,135.3,10.2,0.287
631,15.1,-0.7254,-0.6884,C,51,15,16.13,0.51,168.3,8.83,0.336
631,15.1,-0.7254,-0.6884,D,64,34,30.99,0.64,211.2,7.29,0.51
632,15.2,-0.7431,-0.6691,A,34,9,9.11,0.34,112.2,11.19,0.215
632,15.2,-0.7431,-0.6691,B,43,12,14.61,0.43,141.9,9.82,0.284
632,15.2,-0.7431,-0.6691,C,57,24,24.08,0.57,188.1,8.29,0.421
632,15.2,-0.7431,-0.6691,D,58,24,21.46,0.58,191.4,8.28,0.417
633,15.3,-0.7604,-0.6494,A,36,9,10.37,0.36,118.8,9.81,0.228
633,15.3,-0.7604,-0.6494,B,47,18,17.48,0.47,155.1,10.15,0.333
633,15.3,-0.7604,-0.6494,C,52,19,18.66,0.52,171.6,9.22,0.363
633,15.3,-0.7604,-0.6494,D,76,41,38.31,0.76,250.8,5.9,0.613
634,15.4,-0.7771,-0.6293,A,41,14,15.11,0.41,135.3,9.21,0.284
634,15.4,-0.7771,-0.6293,B,42,13,14.47,0.42,138.6,9.83,0.283
634,15.4,-0.7771,-0.6293,C,54,21,19.96,0.54,178.2,8.7,0.383
634,15.4,-0.7771,-0.6293,D,73,38,36.16,0.73,240.9,6.71,0.582
635,15.5,-0.7934,-0.6088,A,44,17,17.49,0.44,145.2,10.6,0.316
635,15.5,-0.7934,-0.6088,B,44,11,12.15,0.44,145.2,10.0,0.277
635,15.5,-0.7934,-0.6088,C,58,25,23.42,0.58,191.4,7.66,0.427
635,15.5,-0.7934,-0.6088,D,75,41,38.9,0.75,247.5,6.74,0.611
636,15.6,-0.809,-0.5878,A,42,15,15.16,0.42,138.6,10.09,0.292
636,15.6,-0.809,-0.5878,B,46,16,18.53,0.46,151.8,9.41,0.325
636,15.6,-0.809,-0.5878,C,58,28,26.76,0.58,191.4,7.91,0.448
636,15.6,-0.809,-0.5878,D,74,39,34.44,0.74,244.2,6.58,0.584
637,15.7,-0.8241,-0.5664,A,43,11,13.49,0.43,141.9,8.65,0.277
637,15.7,-0.8241,-0.5664,B,53,20,19.09,0.53,174.9,8.32,0.372
637,15.7,-0.8241,-0.5664,C,66,32,28.65,0.66,217.8,7.4,0.504
637,15.7,-0.8241,-0.5664,D,69,34,33.87,0.69,227.7,7.53,0.542
638,15.8,-0.8387,-0.5446,A,49,19,20.25,0.49,161.7,9.83,0.355
638,15.8,-0.8387,-0.5446,B,56,19,19.39,0.56,184.8,8.87,0.383
638,15.8,-0.8387,-0.5446,C,73,39,38.08,0.73,240.9,7.51,0.592
638,15.8,-0.8387,-0.5446,D,76,43,39.04,0.76,250.8,6.36,0.623
639,15.9,-0.8526,-0.5225,A,46,15,16.19,0.46,151.8,8.91,0.313
639,15.9,-0.8526,-0.5225,B,63,31,29.76,0.63,207.9,7.43,0.491
639,15.9,-0.8526,-0.5225,C,65,34,31.85,0.65,214.5,6.73,0.518
639,15.9,-0.8526,-0.5225,D,78,47,42.12,0.78,257.4,6.68,0.656
640,16.0,-0.866,-0.5,A,39,9,12.6,0.39,128.7,9.25,0.249
640,16.0,-0.866,-0.5,B,59,25,24.65,0.59,194.7,8.64,0.435
640,16.0,-0.866,-0.5,C,71,35,34.53,0.71,234.3,6.1,0.557
640,16.0,-0.866,-0.5,D,89,62,54.8,0.89,293.7,5.35,0.8
641,16.1,-0.8788,-0.4772,A,52,20,18.69,0.52,171.6,9.22,0.366
641,16.1,-0.8788,-0.4772,B,69,32,29.46,0.69,227.7,7.85,0.521
641,16.1,-0.8788,-0.4772,C,70,37,34.13,0.7,231.0,7.05,0.558
641,16.1,-0.8788,-0.4772,D,90,60,55.16,0.9,297.0,5.33,0.799
642,16.2,-0.891,-0.454,A,50,19,20.8,0.5,165.0,9.25,0.361
642,16.2,-0.891,-0.454,B,59,25,22.67,0.59,194.7,8.32,0.429
642,16.2,-0.891,-0.454,C,78,42,39.87,0.78,257.4,6.51,0.631
642,16.2,-0.891,-0.454,D,87,55,50.4,0.87,287.1,4.79,0.752
643,16.3,-0.9026,-0.4305,A,60,26,23.72,0.6,198.0,8.33,0.44
643,16.3,-0.9026,-0.4305,B,62,27,25.26,0.62,204.6,8.17,0.458
643,16.3,-0.9026,-0.4305,C,74,40,38.24,0.74,244.2,6.43,0.6
643,16.3,-0.9026,-0.4305,D,96,75,66.1,0.96,316.8,4.45,0.915
644,16.4,-0.9135,-0.4067,A,54,21,21.28,0.54,178.2,8.77,0.387
644,16.4,-0.9135,-0.4067,B,69,32,31.56,0.69,227.7,6.73,0.528
644,16.4,-0.9135,-0.4067,C,83,51,45.83,0.83,273.9,6.06,0.705
644,16.4,-0.9135,-0.4067,D,97,74,67.5,0.97,320.1,5.36,0.921
645,16.5,-0.9239,-0.3827,A,61,23,22.55,0.61,201.3,6.44,0.43
645,16.5,-0.9239,-0.3827,B,69,36,33.41,0.69,227.7,6.8,0.548
645,16.5,-0.9239,-0.3827,C,89,61,55.5,0.89,293.7,5.3,0.799
645,16.5,-0.9239,-0.3827,D,103,84,73.03,1.0,339.9,4.0,0.987
646,16.6,-0.9336,-0.3584,A,53,21,21.82,0.53,174.9,7.49,0.385
646,16.6,-0.9336,-0.3584,B,79,46,43.99,0.79,260.7,6.38,0.663
646,16.6,-0.9336,-0.3584,C,91,62,56.82,0.91,300.3,5.12,0.816
646,16.6,-0.9336,-0.3584,D,105,81,71.71,1.0,346.5,4.06,0.973
647,16.7,-0.9426,-0.3338,A,66,32,30.04,0.66,217.8,6.7,0.509
647,16.7,-0.9426,-0.3338,B,81,46,43.92,0.81,267.3,6.21,0.672
647,16.7,-0.9426,-0.3338,C,84,53,46.78,0.84,277.2,6.05,0.719
647,16.7,-0.9426,-0.3338,D,107,87,75.88,1.0,353.1,4.27,1.0
648,16.8,-0.9511,-0.309,A,65,30,29.28,0.65,214.5,7.93,0.495
648,16.8,-0.9511,-0.309,B,79,45,39.85,0.79,260.7,6.66,0.646
648,16.8,-0.9511,-0.309,C,96,69,61.35,0.96,316.8,4.13,0.878
648,16.8,-0.9511,-0.309,D,111,87,75.93,1.0,366.3,4.66,1.0
649,16.9,-0.9588,-0.284,A,64,29,27.86,0.64,211.2,8.44,0.482
649,16.9,-0.9588,-0.284,B,87,55,49.07,0.87,287.1,5.93,0.748
649,16.9,-0.9588,-0.284,C,95,73,63.9,0.95,313.5,4.0,0.896
649,16.9,-0.9588,-0.284,D,113,89,76.91,1.0,372.9,4.42,1.0
650,17.0,-0.9659,-0.2588,A,65,32,29.77,0.65,214.5,7.86,0.504
650,17.0,-0.9659,-0.2588,B,88,58,50.84,0.88,290.4,4.78,0.768
650,17.0,-0.9659,-0.2588,C,105,88,78.86,1.0,346.5,4.36,1.0
650,17.0,-0.9659,-0.2588,D,122,95,85.68,1.0,402.6,4.91,1.0
651,17.1,-0.9724,-0.2334,A,72,38,34.11,0.72,237.6,6.68,0.571
651,17.1,-0.9724,-0.2334,B,92,68,60.53,0.92,303.6,4.98,0.854
651,17.1,-0.9724,-0.2334,C,107,85,74.95,1.0,353.1,4.0,0.997
651,17.1,-0.9724,-0.2334,D,124,100,87.62,1.0,409.2,4.66,1.0
652,17.2,-0.9781,-0.2079,A,72,37,32.5,0.72,237.6,6.63,0.562
652,17.2,-0.9781,-0.2079,B,88,58,51.55,0.88,290.4,5.41,0.771
652,17.2,-0.9781,-0.2079,C,110,85,75.9,1.0,363.0,4.0,1.0
652,17.2,-0.9781,-0.2079,D,130,105,91.12,1.0,429.0,4.11,1.0
653,17.3,-0.9833,-0.1822,A,72,37,34.87,0.72,237.6,7.43,0.57
653,17.3,-0.9833,-0.1822,B,99,78,67.84,0.99,326.7,4.83,0.945
653,17.3,-0.9833,-0.1822,C,115,89,79.1,1.0,379.5,5.15,1.0
653,17.3,-0.9833,-0.1822,D,131,106,93.44,1.0,432.3,4.32,1.0
654,17.4,-0.9877,-0.1564,A,72,39,36.86,0.72,237.6,6.77,0.583
654,17.4,-0.9877,-0.1564,B,98,77,66.69,0.98,323.4,4.81,0.933
654,17.4,-0.9877,-0.1564,C,108,86,77.97,1.0,356.4,4.13,1.0
654,17.4,-0.9877,-0.1564,D,132,106,92.48,1.0,435.6,4.0,1.0
655,17.5,-0.9914,-0.1305,A,77,43,39.1,0.77,254.1,6.48,0.627
655,17.5,-0.9914,-0.1305,B,97,73,64.1,0.97,320.1,4.75,0.906
655,17.5,-0.9914,-0.1305,C,118,92,82.99,1.0,389.4,4.48,1.0
655,17.5,-0.9914,-0.1305,D,136,106,92.8,1.0,448.8,4.95,1.0
656,17.6,-0.9945,-0.1045,A,75,45,41.46,0.75,247.5,5.74,0.633
656,17.6,-0.9945,-0.1045,B,99,73,64.6,0.99,326.7,4.0,0.916
656,17.6,-0.9945,-0.1045,C,116,95,84.16,1.0,382.8,4.0,1.0
656,17.6,-0.9945,-0.1045,D,139,112,98.8,1.0,458.7,4.04,1.0
657,17.7,-0.9969,-0.0785,A,80,46,43.04,0.8,264.0,5.79,0.664
657,17.7,-0.9969,-0.0785,B,94,67,61.61,0.94,310.2,4.11,0.863
657,17.7,-0.9969,-0.0785,C,125,101,88.81,1.0,412.5,5.05,1.0
657,17.7,-0.9969,-0.0785,D,139,112,99.44,1.0,458.7,4.0,1.0
658,17.8,-0.9986,-0.0523,A,86,55,49.37,0.86,283.8,6.08,0.744
658,17.8,-0.9986,-0.0523,B,102,79,68.97,1.0,336.6,4.01,0.956
658,17.8,-0.9986,-0.0523,C,121,97,85.03,1.0,399.3,4.0,1.0
658,17.8,-0.9986,-0.0523,D,135,104,90.33,1.0,445.5,4.0,1.0
659,17.9,-0.9997,-0.0262,A,86,56,49.66,0.86,283.8,6.35,0.749
659,17.9,-0.9997,-0.0262,B,104,81,71.24,1.0,343.2,5.16,0.971
659,17.9,-0.9997,-0.0262,C,122,98,85.59,1.0,402.6,4.25,1.0
659,17.9,-0.9997,-0.0262,D,135,107,94.96,1.0,445.5,4.0,1.0
660,18.0,-1.0,-0.0,A,84,52,48.18,0.84,277.2,6.13,0.721
660,18.0,-1.0,-0.0,B,95,69,60.49,0.95,313.5,5.38,0.871
660,18.0,-1.0,-0.0,C,123,98,86.86,1.0,405.9,4.43,1.0
660,18.0,-1.0,-0.0,D,135,111,98.29,1.0,445.5,4.0,1.0
661,18.1,-0.9997,0.0262,A,85,55,50.64,0.85,280.5,5.09,0.744
661,18.1,-0.9997,0.0262,B,101,80,70.04,1.0,333.3,4.0,0.963
661,18.1,-0.9997,0.0262,C,123,100,86.56,1.0,405.9,4.09,1.0
661,18.1,-0.9997,0.0262,D,140,111,96.66,1.0,462.0,4.87,1.0
662,18.2,-0.9986,0.0523,A,78,44,41.05,0.78,257.4,5.79,0.642
662,18.2,-0.9986,0.0523,B,99,79,68.38,0.99,326.7,4.76,0.95
662,18.2,-0.9986,0.0523,C,115,92,82.81,1.0,379.5,4.3,1.0
662,18.2,-0.9986,0.0523,D,141,113,98.27,1.0,465.3,4.78,1.0
663,18.3,-0.9969,0.0785,A,75,39,36.66,0.75,247.5,6.32,0.596
663,18.3,-0.9969,0.0785,B,95,67,60.3,0.95,313.5,4.56,0.863
663,18.3,-0.9969,0.0785,C,118,94,83.57,1.0,389.4,4.0,1.0
663,18.3,-0.9969,0.0785,D,149,118,104.3,1.0,491.7,4.06,1.0
664,18.4,-0.9945,0.1045,A,76,40,35.11,0.76,250.8,6.39,0.599
664,18.4,-0.9945,0.1045,B,96,73,66.4,0.96,316.8,4.33,0.909
664,18.4,-0.9945,0.1045,C,121,96,83.45,1.0,399.3,4.0,1.0
664,18.4,-0.9945,0.1045,D,134,104,91.85,1.0,442.2,5.09,1.0
665,18.5,-0.9914,0.1305,A,78,48,44.31,0.78,257.4,6.22,0.667
665,18.5,-0.9914,0.1305,B,97,77,68.9,0.97,320.1,4.02,0.936
665,18.5,-0.9914,0.1305,C,113,88,77.67,1.0,372.9,4.0,1.0
665,18.5,-0.9914,0.1305,D,133,106,93.03,1.0,438.9,4.2,1.0
666,18.6,-0.9877,0.1564,A,78,46,40.64,0.78,257.4,6.44,0.647
666,18.6,-0.9877,0.1564,B,87,57,50.89,0.87,287.1,5.59,0.761
666,18.6,-0.9877,0.1564,C,109,86,77.27,1.0,359.7,4.11,1.0
666,18.6,-0.9877,0.1564,D,134,111,97.09,1.0,442.2,4.05,1.0
667,18.7,-0.9833,0.1822,A,71,37,35.24,0.71,234.3,6.72,0.566
667,18.7,-0.9833,0.1822,B,95,70,62.89,0.95,313.5,4.0,0.882
667,18.7,-0.9833,0.1822,C,114,87,76.14,1.0,376.2,4.23,1.0
667,18.7,-0.9833,0.1822,D,129,103,90.6,1.0,425.7,4.42,1.0
668,18.8,-0.9781,0.2079,A,73,37,33.03,0.73,240.9,7.11,0.568
668,18.8,-0.9781,0.2079,B,91,65,56.34,0.91,300.3,4.69,0.825
668,18.8,-0.9781,0.2079,C,105,83,72.96,1.0,346.5,4.0,0.984
668,18.8,-0.9781,0.2079,D,122,94,83.53,1.0,402.6,4.0,1.0
669,18.9,-0.9724,0.2334,A,70,37,33.22,0.7,231.0,7.43,0.555
669,18.9,-0.9724,0.2334,B,86,53,46.65,0.86,283.8,6.65,0.728
669,18.9,-0.9724,0.2334,C,98,75,68.52,0.98,323.4,4.0,0.932
669,18.9,-0.9724,0.2334,D,124,101,88.96,1.0,409.2,4.05,1.0
670,19.0,-0.9659,0.2588,A,64,28,28.0,0.64,211.2,7.37,0.479
670,19.0,-0.9659,0.2588,B,96,71,65.19,0.96,316.8,4.0,0.898
670,19.0,-0.9659,0.2588,C,92,66,59.19,0.92,303.6,4.61,0.842
670,19.0,-0.9659,0.2588,D,125,100,88.66,1.0,412.5,4.0,1.0
671,19.1,-0.9588,0.284,A,69,35,32.23,0.69,227.7,8.18,0.54
671,19.1,-0.9588,0.284,B,78,46,40.92,0.78,257.4,7.29,0.648
671,19.1,-0.9588,0.284,C,103,83,73.76,1.0,339.9,4.0,0.986
671,19.1,-0.9588,0.284,D,117,93,81.29,1.0,386.1,4.0,1.0
672,19.2,-0.9511,0.309,A,65,35,31.42,0.65,214.5,7.54,0.52
672,19.2,-0.9511,0.309,B,82,50,47.0,0.82,270.6,5.42,0.701
672,19.2,-0.9511,0.309,C,95,72,62.36,0.95,313.5,5.38,0.887
672,19.2,-0.9511,0.309,D,122,98,87.86,1.0,402.6,4.46,1.0
673,19.3,-0.9426,0.3338,A,64,30,30.48,0.64,211.2,6.44,0.495
673,19.3,-0.9426,0.3338,B,78,44,40.43,0.78,257.4,6.37,0.64
673,19.3,-0.9426,0.3338,C,92,66,58.81,0.92,303.6,4.89,0.841
673,19.3,-0.9426,0.3338,D,112,87,77.03,1.0,369.6,4.0,1.0
674,19.4,-0.9336,0.3584,A,65,32,30.01,0.65,214.5,7.64,0.505
674,19.4,-0.9336,0.3584,B,81,51,47.22,0.81,267.3,5.37,0.7
674,19.4,-0.9336,0.3584,C,87,58,50.98,0.87,287.1,4.93,0.764
674,19.4,-0.9336,0.3584,D,101,79,69.39,1.0,333.3,4.61,0.958
675,19.5,-0.9239,0.3827,A,51,19,20.69,0.51,168.3,8.87,0.365
675,19.5,-0.9239,0.3827,B,69,35,31.92,0.69,227.7,7.7,0.539
675,19.5,-0.9239,0.3827,C,95,69,63.54,0.95,313.5,4.5,0.881
675,19.5,-0.9239,0.3827,D,105,83,74.47,1.0,346.5,4.0,0.989
676,19.6,-0.9135,0.4067,A,50,19,19.16,0.5,165.0,8.86,0.355
676,19.6,-0.9135,0.4067,B,71,35,32.8,0.71,234.3,7.27,0.551
676,19.6,-0.9135,0.4067,C,87,57,53.23,0.87,287.1,5.42,0.768
676,19.6,-0.9135,0.4067,D,97,72,62.64,0.97,320.1,4.47,0.897
677,19.7,-0.9026,0.4305,A,56,22,22.47,0.56,184.8,8.27,0.404
677,19.7,-0.9026,0.4305,B,72,38,35.85,0.72,237.6,6.24,0.576
677,19.7,-0.9026,0.4305,C,77,45,43.09,0.77,254.1,6.9,0.648
677,19.7,-0.9026,0.4305,D,96,68,62.71,0.96,316.8,5.1,0.879
678,19.8,-0.891,0.454,A,56,23,24.36,0.56,184.8,8.71,0.414
678,19.8,-0.891,0.454,B,74,39,35.17,0.74,244.2,6.43,0.587
678,19.8,-0.891,0.454,C,73,36,33.28,0.73,240.9,7.0,0.565
678,19.8,-0.891,0.454,D,100,84,75.71,1.0,330.0,4.0,0.996
679,19.9,-0.8788,0.4772,A,58,22,23.51,0.58,191.4,8.12,0.416
679,19.9,-0.8788,0.4772,B,68,31,29.59,0.68,224.4,7.51,0.513
679,19.9,-0.8788,0.4772,C,75,42,40.41,0.75,247.5,6.33,0.619
679,19.9,-0.8788,0.4772,D,88,56,48.73,0.88,290.4,5.64,0.754
680,20.0,-0.866,0.5,A,45,17,18.64,0.45,148.5,9.06,0.324
680,20.0,-0.866,0.5,B,57,23,22.96,0.57,188.1,8.45,0.414
680,20.0,-0.866,0.5,C,77,48,45.46,0.77,254.1,5.94,0.666
680,20.0,-0.866,0.5,D,92,65,58.43,0.92,303.6,5.08,0.836
681,20.1,-0.8526,0.5225,A,47,17,18.72,0.47,155.1,9.81,0.333
681,20.1,-0.8526,0.5225,B,60,26,23.78,0.6,198.0,8.09,0.44
681,20.1,-0.8526,0.5225,C,78,45,40.16,0.78,257.4,5.67,0.642
681,20.1,-0.8526,0.5225,D,79,44,38.83,0.79,260.7,5.98,0.639
682,20.2,-0.8387,0.5446,A,42,9,9.47,0.42,138.6,9.32,0.252
682,20.2,-0.8387,0.5446,B,53,22,22.24,0.53,174.9,9.21,0.39
682,20.2,-0.8387,0.5446,C,70,35,34.63,0.7,231.0,6.82,0.553
682,20.2,-0.8387,0.5446,D,75,40,36.75,0.75,247.5,6.62,0.6
683,20.3,-0.8241,0.5664,A,46,21,20.17,0.46,151.8,9.7,0.348
683,20.3,-0.8241,0.5664,B,54,22,19.87,0.54,178.2,8.07,0.386
683,20.3,-0.8241,0.5664,C,65,29,26.07,0.65,214.5,8.44,0.481
683,20.3,-0.8241,0.5664,D,78,46,40.83,0.78,257.4,5.76,0.648
684,20.4,-0.809,0.5878,A,35,13,14.67,0.35,115.5,10.08,0.252
684,20.4,-0.809,0.5878,B,45,15,16.19,0.45,148.5,9.53,0.309
684,20.4,-0.809,0.5878,C,67,34,30.95,0.67,221.1,6.75,0.524
684,20.4,-0.809,0.5878,D,69,35,33.12,0.69,227.7,6.61,0.543
685,20.5,-0.7934,0.6088,A,36,10,10.78,0.36,118.8,10.32,0.233
685,20.5,-0.7934,0.6088,B,48,17,18.22,0.48,158.4,8.56,0.336
685,20.5,-0.7934,0.6088,C,49,20,19.55,0.49,161.7,8.9,0.356
685,20.5,-0.7934,0.6088,D,73,41,37.53,0.73,240.9,7.19,0.597
686,20.6,-0.7771,0.6293,A,38,7,7.32,0.38,125.4,10.2,0.22
686,20.6,-0.7771,0.6293,B,42,12,14.94,0.42,138.6,10.09,0.281
686,20.6,-0.7771,0.6293,C,56,25,22.54,0.56,184.8,9.29,0.415
686,20.6,-0.7771,0.6293,D,77,39,34.89,0.77,254.1,6.46,0.599
687,20.7,-0.7604,0.6494,A,38,11,12.57,0.38,125.4,10.2,0.251
687,20.7,-0.7604,0.6494,B,53,21,22.21,0.53,174.9,9.09,0.386
687,20.7,-0.7604,0.6494,C,57,23,23.25,0.57,188.1,8.13,0.415
687,20.7,-0.7604,0.6494,D,64,26,25.76,0.64,211.2,7.47,0.465
688,20.8,-0.7431,0.6691,A,35,12,12.91,0.35,115.5,10.41,0.243
688,20.8,-0.7431,0.6691,B,50,17,18.31,0.5,165.0,8.3,0.346
688,20.8,-0.7431,0.6691,C,54,20,18.19,0.54,178.2,9.25,0.374
688,20.8,-0.7431,0.6691,D,63,31,30.05,0.63,207.9,8.23,0.492
689,20.9,-0.7254,0.6884,A,31,7,9.27,0.31,102.3,11.75,0.195
689,20.9,-0.7254,0.6884,B,44,10,10.67,0.44,145.2,9.25,0.269
689,20.9,-0.7254,0.6884,C,51,17,15.83,0.51,168.3,8.78,0.342
689,20.9,-0.7254,0.6884,D,62,29,26.95,0.62,204.6,7.48,0.47
690,21.0,-0.7071,0.7071,A,40,14,15.22,0.4,132.0,9.9,0.28
690,21.0,-0.7071,0.7071,B,44,12,13.61,0.44,145.2,9.35,0.285
690,21.0,-0.7071,0.7071,C,48,19,19.31,0.48,158.4,8.86,0.347
690,21.0,-0.7071,0.7071,D,69,35,31.01,0.69,227.7,7.44,0.536
691,21.1,-0.6884,0.7254,A,28,8,10.03,0.28,92.4,10.36,0.187
691,21.1,-0.6884,0.7254,B,39,12,11.66,0.39,128.7,9.31,0.256
691,21.1,-0.6884,0.7254,C,46,14,16.78,0.46,151.8,8.98,0.312
691,21.1,-0.6884,0.7254,D,66,32,29.05,0.66,217.8,7.02,0.506
692,21.2,-0.6691,0.7431,A,39,12,13.66,0.39,128.7,10.42,0.263
692,21.2,-0.6691,0.7431,B,52,16,16.44,0.52,171.6,8.89,0.345
692,21.2,-0.6691,0.7431,C,53,18,18.3,0.53,174.9,8.7,0.363
692,21.2,-0.6691,0.7431,D,58,26,25.37,0.58,191.4,8.22,0.437
693,21.3,-0.6494,0.7604,A,28,9,10.94,0.28,92.4,12.15,0.194
693,21.3,-0.6494,0.7604,B,38,11,11.53,0.38,125.4,9.86,0.248
693,21.3,-0.6494,0.7604,C,50,18,17.03,0.5,165.0,9.07,0.345
693,21.3,-0.6494,0.7604,D,49,17,18.43,0.49,161.7,9.65,0.341
694,21.4,-0.6293,0.7771,A,30,9,10.22,0.3,99.0,11.49,0.201
694,21.4,-0.6293,0.7771,B,38,11,13.07,0.38,125.4,10.09,0.253
694,21.4,-0.6293,0.7771,C,40,16,16.76,0.4,132.0,9.84,0.292
694,21.4,-0.6293,0.7771,D,51,21,19.89,0.51,168.3,8.93,0.369
695,21.5,-0.6088,0.7934,A,33,11,10.43,0.33,108.9,10.15,0.222
695,21.5,-0.6088,0.7934,B,36,7,8.44,0.36,118.8,9.75,0.215
695,21.5,-0.6088,0.7934,C,53,17,16.11,0.53,174.9,8.91,0.352
695,21.5,-0.6088,0.7934,D,58,27,24.94,0.58,191.4,8.21,0.439
696,21.6,-0.5878,0.809,A,32,8,9.63,0.32,105.6,11.22,0.204
696,21.6,-0.5878,0.809,B,40,12,14.26,0.4,132.0,10.14,0.27
696,21.6,-0.5878,0.809,C,45,18,18.08,0.45,148.5,9.95,0.326
696,21.6,-0.5878,0.809,D,48,18,17.0,0.48,158.4,8.64,0.336
697,21.7,-0.5664,0.8241,A,30,7,7.87,0.3,99.0,11.06,0.186
697,21.7,-0.5664,0.8241,B,33,8,7.83,0.33,108.9,10.66,0.203
697,21.7,-0.5664,0.8241,C,45,10,10.57,0.45,148.5,10.14,0.273
697,21.7,-0.5664,0.8241,D,49,17,18.81,0.49,161.7,9.19,0.343
698,21.8,-0.5446,0.8387,A,30,7,7.1,0.3,99.0,10.56,0.183
698,21.8,-0.5446,0.8387,B,38,12,13.96,0.38,125.4,9.95,0.26
698,21.8,-0.5446,0.8387,C,48,18,17.69,0.48,158.4,8.85,0.338
698,21.8,-0.5446,0.8387,D,58,23,24.29,0.58,191.4,8.09,0.422
699,21.9,-0.5225,0.8526,A,31,4,5.97,0.31,102.3,10.82,0.173
699,21.9,-0.5225,0.8526,B,40,13,13.79,0.4,132.0,10.19,0.271
699,21.9,-0.5225,0.8526,C,52,18,19.95,0.52,171.6,8.43,0.364
699,21.9,-0.5225,0.8526,D,57,23,22.85,0.57,188.1,8.78,0.413
700,22.0,-0.5,0.866,A,29,8,10.94,0.29,95.7,11.51,0.195
700,22.0,-0.5,0.866,B,39,11,13.68,0.39,128.7,9.48,0.26
700,22.0,-0.5,0.866,C,52,18,18.93,0.52,171.6,9.29,0.36
700,22.0,-0.5,0.866,D,65,30,28.27,0.65,214.5,7.86,0.492
701,22.1,-0.4772,0.8788,A,32,6,7.1,0.32,105.6,10.59,0.189
701,22.1,-0.4772,0.8788,B,29,6,9.56,0.29,95.7,11.96,0.183
701,22.1,-0.4772,0.8788,C,42,14,16.02,0.42,138.6,9.81,0.291
701,22.1,-0.4772,0.8788,D,54,19,18.9,0.54,178.2,9.01,0.373
702,22.2,-0.454,0.891,A,29,8,8.86,0.29,95.7,11.94,0.188
702,22.2,-0.454,0.891,B,36,11,10.73,0.36,118.8,10.29,0.236
702,22.2,-0.454,0.891,C,52,18,17.2,0.52,171.6,8.33,0.354
702,22.2,-0.454,0.891,D,55,22,22.89,0.55,181.5,8.91,0.401
703,22.3,-0.4305,0.9026,A,34,6,8.08,0.34,112.2,9.77,0.201
703,22.3,-0.4305,0.9026,B,49,17,16.53,0.49,161.7,9.23,0.335
703,22.3,-0.4305,0.9026,C,39,11,10.87,0.39,128.7,10.18,0.25
703,22.3,-0.4305,0.9026,D,58,25,23.38,0.58,191.4,8.35,0.426
704,22.4,-0.4067,0.9135,A,26,6,9.76,0.26,85.8,10.52,0.171
704,22.4,-0.4067,0.9135,B,31,7,7.96,0.31,102.3,9.93,0.191
704,22.4,-0.4067,0.9135,C,51,18,19.64,0.51,168.3,8.77,0.358
704,22.4,-0.4067,0.9135,D,44,14,15.61,0.44,145.2,9.77,0.299
705,22.5,-0.3827,0.9239,A,36,14,16.34,0.36,118.8,10.24,0.265
705,22.5,-0.3827,0.9239,B,34,12,12.07,0.34,112.2,10.66,0.235
705,22.5,-0.3827,0.9239,C,43,16,15.36,0.43,141.9,9.55,0.301
705,22.5,-0.3827,0.9239,D,53,19,18.58,0.53,174.9,8.74,0.367
706,22.6,-0.3584,0.9336,A,35,14,14.52,0.35,115.5,9.75,0.255
706,22.6,-0.3584,0.9336,B,36,11,13.75,0.36,118.8,10.35,0.246
706,22.6,-0.3584,0.9336,C,45,16,16.75,0.45,148.5,9.16,0.314
706,22.6,-0.3584,0.9336,D,57,24,24.09,0.57,188.1,8.33,0.421
707,22.7,-0.3338,0.9426,A,33,7,8.13,0.33,108.9,10.29,0.2
707,22.7,-0.3338,0.9426,B,34,11,13.87,0.34,112.2,10.5,0.238
707,22.7,-0.3338,0.9426,C,34,7,9.17,0.34,112.2,10.51,0.208
707,22.7,-0.3338,0.9426,D,46,15,14.34,0.46,151.8,9.41,0.307
708,22.8,-0.309,0.9511,A,36,8,8.71,0.36,118.8,11.15,0.219
708,22.8,-0.309,0.9511,B,28,6,6.63,0.28,92.4,11.53,0.169
708,22.8,-0.309,0.9511,C,52,19,17.59,0.52,171.6,8.67,0.359
708,22.8,-0.309,0.9511,D,52,19,18.34,0.52,171.6,8.57,0.362
709,22.9,-0.284,0.9588,A,31,10,11.32,0.31,102.3,10.83,0.212
709,22.9,-0.284,0.9588,B,25,8,11.19,0.25,82.5,12.08,0.178
709,22.9,-0.284,0.9588,C,43,17,17.9,0.43,141.9,9.77,0.313
709,22.9,-0.284,0.9588,D,61,31,29.58,0.61,201.3,7.77,0.482
710,23.0,-0.2588,0.9659,A,35,13,14.93,0.35,115.5,10.63,0.253
710,23.0,-0.2588,0.9659,B,47,15,14.72,0.47,155.1,10.26,0.313
710,23.0,-0.2588,0.9659,C,46,16,16.05,0.46,151.8,8.77,0.316
710,23.0,-0.2588,0.9659,D,50,19,19.9,0.5,165.0,8.31,0.358
711,23.1,-0.2334,0.9724,A,59,25,24.03,0.59,194.7,8.43,0.433
711,23.1,-0.2334,0.9724,B,61,26,23.2,0.61,201.3,8.04,0.443
711,23.1,-0.2334,0.9724,C,43,13,15.94,0.43,141.9,8.68,0.292
711,23.1,-0.2334,0.9724,D,56,22,20.96,0.56,184.8,8.93,0.399
712,23.2,-0.2079,0.9781,A,55,24,24.56,0.55,181.5,8.68,0.413
712,23.2,-0.2079,0.9781,B,56,22,19.86,0.56,184.8,9.17,0.395
712,23.2,-0.2079,0.9781,C,42,14,15.43,0.42,138.6,9.31,0.289
712,23.2,-0.2079,0.9781,D,49,19,19.15,0.49,161.7,9.56,0.351
713,23.3,-0.1822,0.9833,A,50,18,18.54,0.5,165.0,8.83,0.35
713,23.3,-0.1822,0.9833,B,68,34,30.39,0.68,224.4,7.02,0.526
713,23.3,-0.1822,0.9833,C,42,12,13.43,0.42,138.6,9.46,0.276
713,23.3,-0.1822,0.9833,D,57,23,23.54,0.57,188.1,7.92,0.415
714,23.4,-0.1564,0.9877,A,51,17,19.24,0.51,168.3,8.67,0.353
714,23.4,-0.1564,0.9877,B,64,28,26.07,0.64,211.2,7.1,0.473
714,23.4,-0.1564,0.9877,C,41,14,16.54,0.41,135.3,9.72,0.289
714,23.4,-0.1564,0.9877,D,54,20,18.32,0.54,178.2,8.95,0.374
715,23.5,-0.1305,0.9914,A,60,28,25.18,0.6,198.0,8.63,0.452
715,23.5,-0.1305,0.9914,B,66,30,27.44,0.66,217.8,7.05,0.493
715,23.5,-0.1305,0.9914,C,46,13,13.36,0.46,151.8,9.18,0.297
715,23.5,-0.1305,0.9914,D,54,20,19.93,0.54,178.2,8.62,0.379
716,23.6,-0.1045,0.9945,A,54,24,21.75,0.54,178.2,9.36,0.399
716,23.6,-0.1045,0.9945,B,64,30,29.76,0.64,211.2,7.0,0.492
716,23.6,-0.1045,0.9945,C,48,18,19.82,0.48,158.4,9.15,0.345
716,23.6,-0.1045,0.9945,D,55,25,25.04,0.55,181.5,8.7,0.418
717,23.7,-0.0785,0.9969,A,48,15,14.8,0.48,158.4,9.58,0.318
717,23.7,-0.0785,0.9969,B,58,25,25.02,0.58,191.4,8.07,0.432
717,23.7,-0.0785,0.9969,C,41,11,12.87,0.41,135.3,10.14,0.266
717,23.7,-0.0785,0.9969,D,54,23,23.78,0.54,178.2,8.72,0.403
718,23.8,-0.0523,0.9986,A,54,22,22.89,0.54,178.2,8.5,0.396
718,23.8,-0.0523,0.9986,B,58,22,20.19,0.58,191.4,7.73,0.405
718,23.8,-0.0523,0.9986,C,40,11,12.71,0.4,132.0,9.57,0.261
718,23.8,-0.0523,0.9986,D,48,21,19.34,0.48,158.4,9.13,0.354
719,23.9,-0.0262,0.9997,A,52,18,20.19,0.52,171.6,9.6,0.364
719,23.9,-0.0262,0.9997,B,55,22,20.0,0.55,181.5,7.72,0.391
719,23.9,-0.0262,0.9997,C,44,13,13.64,0.44,145.2,9.81,0.289
719,23.9,-0.0262,0.9997,D,48,18,19.63,0.48,158.4,9.27,0.344
720,0.0,0.0,1.0,A,37,10,10.01,0.37,122.1,9.38,0.235
720,0.0,0.0,1.0,B,37,10,10.02,0.37,122.1,9.69,0.235
720,0.0,0.0,1.0,C,43,17,17.57,0.43,141.9,9.83,0.312
720,0.0,0.0,1.0,D,52,19,20.63,0.52,171.6,8.56,0.369
721,0.1,0.0262,0.9997,A,18,5,6.49,0.18,59.4,11.61,0.12
721,0.1,0.0262,0.9997,B,32,9,11.33,0.32,105.6,11.07,0.213
721,0.1,0.0262,0.9997,C,42,15,16.22,0.42,138.6,10.54,0.296
721,0.1,0.0262,0.9997,D,51,21,22.38,0.51,168.3,8.24,0.378
722,0.2,0.0523,0.9986,A,26,6,8.16,0.26,85.8,12.01,0.165
722,0.2,0.0523,0.9986,B,32,8,9.66,0.32,105.6,11.09,0.204
722,0.2,0.0523,0.9986,C,41,13,13.06,0.41,135.3,10.02,0.274
722,0.2,0.0523,0.9986,D,55,24,24.76,0.55,181.5,8.91,0.414
723,0.3,0.0785,0.9969,A,31,8,10.01,0.31,102.3,11.27,0.201
723,0.3,0.0785,0.9969,B,44,14,16.15,0.44,145.2,9.33,0.301
723,0.3,0.0785,0.9969,C,49,18,18.36,0.49,161.7,9.46,0.345
723,0.3,0.0785,0.9969,D,51,20,18.56,0.51,168.3,8.71,0.361
724,0.4,0.1045,0.9945,A,34,10,11.39,0.34,112.2,10.96,0.226
724,0.4,0.1045,0.9945,B,40,13,13.84,0.4,132.0,10.07,0.272
724,0.4,0.1045,0.9945,C,42,12,13.43,0.42,138.6,8.92,0.276
724,0.4,0.1045,0.9945,D,57,23,21.28,0.57,188.1,8.45,0.408
725,0.5,0.1305,0.9914,A,34,11,12.07,0.34,112.2,10.33,0.232
725,0.5,0.1305,0.9914,B,36,9,12.32,0.36,118.8,10.01,0.235
725,0.5,0.1305,0.9914,C,44,13,14.18,0.44,145.2,9.38,0.291
725,0.5,0.1305,0.9914,D,53,24,22.8,0.53,174.9,8.16,0.399
726,0.6,0.1564,0.9877,A,32,5,8.98,0.32,105.6,10.05,0.191
726,0.6,0.1564,0.9877,B,37,14,16.48,0.37,122.1,10.42,0.27
726,0.6,0.1564,0.9877,C,42,14,15.3,0.42,138.6,9.68,0.289
726,0.6,0.1564,0.9877,D,51,18,17.44,0.51,168.3,9.27,0.351
727,0.7,0.1822,0.9833,A,29,8,7.84,0.29,95.7,10.75,0.185
727,0.7,0.1822,0.9833,B,35,7,8.39,0.35,115.5,10.67,0.21
727,0.7,0.1822,0.9833,C,43,16,18.26,0.43,141.9,8.44,0.31
727,0.7,0.1822,0.9833,D,52,19,17.51,0.52,171.6,8.88,0.359
728,0.8,0.2079,0.9781,A,29,12,14.36,0.29,95.7,10.96,0.22
728,0.8,0.2079,0.9781,B,40,12,15.13,0.4,132.0,11.28,0.272
728,0.8,0.2079,0.9781,C,48,15,14.81,0.48,158.4,9.37,0.318
728,0.8,0.2079,0.9781,D,50,16,15.47,0.5,165.0,8.37,0.333
729,0.9,0.2334,0.9724,A,21,6,8.73,0.21,69.3,11.75,0.145
729,0.9,0.2334,0.9724,B,33,9,9.63,0.33,108.9,10.69,0.212
729,0.9,0.2334,0.9724,C,51,20,19.16,0.51,168.3,9.25,0.363
729,0.9,0.2334,0.9724,D,41,13,12.34,0.41,135.3,9.38,0.271
730,1.0,0.2588,0.9659,A,27,4,4.71,0.27,89.1,12.04,0.151
730,1.0,0.2588,0.9659,B,32,6,9.49,0.32,105.6,11.0,0.197
730,1.0,0.2588,0.9659,C,50,18,17.92,0.5,165.0,9.03,0.348
730,1.0,0.2588,0.9659,D,54,24,24.92,0.54,178.2,8.55,0.41
731,1.1,0.284,0.9588,A,29,8,10.99,0.29,95.7,11.18,0.195
731,1.1,0.284,0.9588,B,30,7,10.68,0.3,99.0,10.44,0.195
731,1.1,0.284,0.9588,C,46,14,15.27,0.46,151.8,9.23,0.307
731,1.1,0.284,0.9588,D,49,15,16.95,0.49,161.7,9.25,0.33
732,1.2,0.309,0.9511,A,29,4,7.39,0.29,95.7,11.36,0.169
732,1.2,0.309,0.9511,B,37,8,11.68,0.37,122.1,9.36,0.233
732,1.2,0.309,0.9511,C,49,19,19.4,0.49,161.7,9.28,0.352
732,1.2,0.309,0.9511,D,55,20,19.21,0.55,181.5,9.04,0.382
733,1.3,0.3338,0.9426,A,26,8,10.05,0.26,85.8,11.72,0.179
733,1.3,0.3338,0.9426,B,34,7,9.12,0.34,112.2,10.78,0.208
733,1.3,0.3338,0.9426,C,40,10,10.91,0.4,132.0,10.02,0.251
733,1.3,0.3338,0.9426,D,51,22,21.12,0.51,168.3,8.28,0.377
734,1.4,0.3584,0.9336,A,35,11,13.11,0.35,115.5,10.64,0.24
734,1.4,0.3584,0.9336,B,33,6,7.97,0.33,108.9,9.7,0.196
734,1.4,0.3584,0.9336,C,40,14,14.16,0.4,132.0,10.08,0.276
734,1.4,0.3584,0.9336,D,50,14,15.72,0.5,165.0,9.45,0.326
735,1.5,0.3827,0.9239,A,21,9,10.7,0.21,69.3,12.55,0.162
735,1.5,0.3827,0.9239,B,42,12,11.83,0.42,138.6,9.58,0.27
735,1.5,0.3827,0.9239,C,49,18,17.94,0.49,161.7,9.38,0.343
735,1.5,0.3827,0.9239,D,49,19,17.21,0.49,161.7,9.27,0.344
736,1.6,0.4067,0.9135,A,28,7,8.94,0.28,92.4,10.19,0.18
736,1.6,0.4067,0.9135,B,36,10,10.91,0.36,118.8,10.45,0.233
736,1.6,0.4067,0.9135,C,49,19,20.88,0.49,161.7,8.94,0.357
736,1.6,0.4067,0.9135,D,55,20,19.03,0.55,181.5,8.61,0.381
737,1.7,0.4305,0.9026,A,28,6,9.6,0.28,92.4,11.55,0.179
737,1.7,0.4305,0.9026,B,28,4,8.28,0.28,92.4,10.0,0.168
737,1.7,0.4305,0.9026,C,49,15,15.43,0.49,161.7,9.11,0.324
737,1.7,0.4305,0.9026,D,49,19,19.41,0.49,161.7,9.58,0.352
738,1.8,0.454,0.891,A,34,9,11.72,0.34,112.2,10.83,0.224
738,1.8,0.454,0.891,B,39,10,12.96,0.39,128.7,11.15,0.254
738,1.8,0.454,0.891,C,47,15,15.31,0.47,155.1,9.08,0.315
738,1.8,0.454,0.891,D,49,21,22.8,0.49,161.7,9.06,0.37
739,1.9,0.4772,0.8788,A,33,3,5.64,0.33,108.9,11.32,0.178
739,1.9,0.4772,0.8788,B,50,16,18.18,0.5,165.0,9.35,0.342
739,1.9,0.4772,0.8788,C,44,15,15.79,0.44,145.2,9.84,0.303
739,1.9,0.4772,0.8788,D,50,21,19.24,0.5,165.0,8.82,0.363
740,2.0,0.5,0.866,A,35,10,12.77,0.35,115.5,10.36,0.235
740,2.0,0.5,0.866,B,39,11,13.66,0.39,128.7,9.69,0.26
740,2.0,0.5,0.866,C,50,18,19.22,0.5,165.0,9.02,0.352
740,2.0,0.5,0.866,D,43,11,11.78,0.43,141.9,9.56,0.271
741,2.1,0.5225,0.8526,A,27,5,6.0,0.27,89.1,11.98,0.159
741,2.1,0.5225,0.8526,B,37,12,13.75,0.37,122.1,10.37,0.254
741,2.1,0.5225,0.8526,C,49,20,19.8,0.49,161.7,8.89,0.356
741,2.1,0.5225,0.8526,D,53,21,19.83,0.53,174.9,8.97,0.378
742,2.2,0.5446,0.8387,A,33,10,12.75,0.33,108.9,10.67,0.226
742,2.2,0.5446,0.8387,B,36,9,11.25,0.36,118.8,10.62,0.231
742,2.2,0.5446,0.8387,C,54,20,18.58,0.54,178.2,8.37,0.375
742,2.2,0.5446,0.8387,D,49,16,16.18,0.49,161.7,8.75,0.33
743,2.3,0.5664,0.8241,A,26,10,12.6,0.26,85.8,11.03,0.194
743,2.3,0.5664,0.8241,B,39,12,13.53,0.39,128.7,9.99,0.263
743,2.3,0.5664,0.8241,C,37,8,8.99,0.37,122.1,9.89,0.224
743,2.3,0.5664,0.8241,D,47,16,18.55,0.47,155.1,9.57,0.329
744,2.4,0.5878,0.809,A,26,2,4.0,0.26,85.8,11.19,0.137
744,2.4,0.5878,0.809,B,36,8,9.26,0.36,118.8,10.23,0.221
744,2.4,0.5878,0.809,C,44,12,12.29,0.44,145.2,9.25,0.281
744,2.4,0.5878,0.809,D,51,19,18.47,0.51,168.3,8.9,0.358
745,2.5,0.6088,0.7934,A,34,10,9.8,0.34,112.2,10.71,0.221
745,2.5,0.6088,0.7934,B,37,11,13.18,0.37,122.1,10.44,0.249
745,2.5,0.6088,0.7934,C,45,18,20.0,0.45,148.5,9.68,0.332
745,2.5,0.6088,0.7934,D,53,18,16.44,0.53,174.9,9.26,0.356
746,2.6,0.6293,0.7771,A,30,9,9.84,0.3,99.0,11.1,0.199
746,2.6,0.6293,0.7771,B,36,11,12.93,0.36,118.8,10.59,0.244
746,2.6,0.6293,0.7771,C,38,9,8.68,0.38,125.4,10.22,0.231
746,2.6,0.6293,0.7771,D,62,29,25.78,0.62,204.6,7.88,0.466
747,2.7,0.6494,0.7604,A,29,6,6.35,0.29,95.7,11.14,0.173
747,2.7,0.6494,0.7604,B,44,17,17.2,0.44,145.2,9.83,0.315
747,2.7,0.6494,0.7604,C,51,19,19.59,0.51,168.3,9.2,0.361
747,2.7,0.6494,0.7604,D,46,18,18.78,0.46,151.8,9.79,0.333
748,2.8,0.6691,0.7431,A,30,9,11.34,0.3,99.0,10.84,0.204
748,2.8,0.6691,0.7431,B,33,10,9.66,0.33,108.9,11.17,0.216
748,2.8,0.6691,0.7431,C,41,13,16.03,0.41,135.3,10.56,0.283
748,2.8,0.6691,0.7431,D,48,21,20.21,0.48,158.4,8.85,0.357
749,2.9,0.6884,0.7254,A,26,2,3.28,0.26,85.8,11.12,0.135
749,2.9,0.6884,0.7254,B,42,15,15.74,0.42,138.6,9.69,0.294
749,2.9,0.6884,0.7254,C,47,16,18.15,0.47,155.1,9.26,0.328
749,2.9,0.6884,0.7254,D,46,15,15.24,0.46,151.8,9.56,0.31
750,3.0,0.7071,0.7071,A,29,7,9.91,0.29,95.7,10.7,0.188
750,3.0,0.7071,0.7071,B,41,10,13.12,0.41,135.3,9.35,0.263
750,3.0,0.7071,0.7071,C,38,12,14.76,0.38,125.4,10.04,0.262
750,3.0,0.7071,0.7071,D,57,25,26.14,0.57,188.1,8.37,0.431
751,3.1,0.7254,0.6884,A,26,5,5.57,0.26,85.8,11.22,0.153
751,3.1,0.7254,0.6884,B,37,9,10.27,0.37,122.1,10.21,0.232
751,3.1,0.7254,0.6884,C,42,11,13.83,0.42,138.6,9.39,0.274
751,3.1,0.7254,0.6884,D,55,22,21.26,0.55,181.5,8.35,0.395
752,3.2,0.7431,0.6691,A,28,10,10.88,0.28,92.4,11.97,0.197
752,3.2,0.7431,0.6691,B,36,9,10.52,0.36,118.8,10.4,0.229
752,3.2,0.7431,0.6691,C,43,15,17.48,0.43,141.9,10.0,0.304
752,3.2,0.7431,0.6691,D,53,19,18.07,0.53,174.9,8.86,0.365
753,3.3,0.7604,0.6494,A,24,5,7.23,0.24,79.2,11.85,0.15
753,3.3,0.7604,0.6494,B,37,13,15.82,0.37,122.1,10.12,0.265
753,3.3,0.7604,0.6494,C,43,14,14.88,0.43,141.9,9.15,0.292
753,3.3,0.7604,0.6494,D,44,16,16.41,0.44,145.2,9.38,0.309
754,3.4,0.7771,0.6293,A,31,8,8.04,0.31,102.3,11.64,0.194
754,3.4,0.7771,0.6293,B,37,11,11.31,0.37,122.1,9.75,0.243
754,3.4,0.7771,0.6293,C,43,15,15.07,0.43,141.9,9.09,0.296
754,3.4,0.7771,0.6293,D,54,20,19.41,0.54,178.2,7.81,0.378
755,3.5,0.7934,0.6088,A,41,14,15.17,0.41,135.3,9.24,0.284
755,3.5,0.7934,0.6088,B,42,14,16.3,0.42,138.6,9.55,0.292
755,3.5,0.7934,0.6088,C,42,10,11.49,0.42,138.6,10.84,0.262
755,3.5,0.7934,0.6088,D,54,21,22.16,0.54,178.2,8.27,0.39
756,3.6,0.809,0.5878,A,24,5,9.19,0.24,79.2,11.68,0.156
756,3.6,0.809,0.5878,B,39,9,12.42,0.39,128.7,9.92,0.248
756,3.6,0.809,0.5878,C,50,18,17.67,0.5,165.0,8.45,0.347
756,3.6,0.809,0.5878,D,52,19,17.32,0.52,171.6,8.07,0.358
757,3.7,0.8241,0.5664,A,19,2,5.82,0.19,62.7,12.21,0.112
757,3.7,0.8241,0.5664,B,32,9,12.63,0.32,105.6,10.56,0.218
757,3.7,0.8241,0.5664,C,46,18,18.24,0.46,151.8,9.23,0.331
757,3.7,0.8241,0.5664,D,51,21,22.26,0.51,168.3,8.54,0.377
758,3.8,0.8387,0.5446,A,32,11,12.41,0.32,105.6,10.37,0.224
758,3.8,0.8387,0.5446,B,44,15,16.54,0.44,145.2,10.06,0.306
758,3.8,0.8387,0.5446,C,49,18,17.31,0.49,161.7,9.77,0.341
758,3.8,0.8387,0.5446,D,50,20,19.39,0.5,165.0,9.01,0.36
759,3.9,0.8526,0.5225,A,33,8,9.66,0.33,108.9,9.63,0.209
759,3.9,0.8526,0.5225,B,38,13,12.53,0.38,125.4,9.55,0.258
759,3.9,0.8526,0.5225,C,46,16,15.36,0.46,151.8,9.83,0.314
759,3.9,0.8526,0.5225,D,60,25,23.89,0.6,198.0,7.64,0.437
760,4.0,0.866,0.5,A,34,12,13.33,0.34,112.2,10.95,0.239
760,4.0,0.866,0.5,B,41,15,15.09,0.41,135.3,10.16,0.287
760,4.0,0.866,0.5,C,46,17,18.74,0.46,151.8,8.67,0.329
760,4.0,0.866,0.5,D,53,16,17.39,0.53,174.9,9.09,0.352
761,4.1,0.8788,0.4772,A,35,9,11.36,0.35,115.5,9.95,0.227
761,4.1,0.8788,0.4772,B,40,11,12.49,0.4,132.0,10.54,0.26
761,4.1,0.8788,0.4772,C,45,13,12.63,0.45,148.5,10.52,0.29
761,4.1,0.8788,0.4772,D,56,22,23.2,0.56,184.8,7.21,0.406
762,4.2,0.891,0.454,A,31,7,7.63,0.31,102.3,10.61,0.189
762,4.2,0.891,0.454,B,44,14,12.99,0.44,145.2,10.14,0.29
762,4.2,0.891,0.454,C,42,14,16.06,0.42,138.6,9.56,0.292
762,4.2,0.891,0.454,D,48,19,17.91,0.48,158.4,9.0,0.342
763,4.3,0.9026,0.4305,A,32,11,11.12,0.32,105.6,10.4,0.22
763,4.3,0.9026,0.4305,B,36,8,10.38,0.36,118.8,10.14,0.225
763,4.3,0.9026,0.4305,C,56,25,25.91,0.56,184.8,9.98,0.426
763,4.3,0.9026,0.4305,D,55,18,16.52,0.55,181.5,8.43,0.366
764,4.4,0.9135,0.4067,A,27,6,8.3,0.27,89.1,11.42,0.17
764,4.4,0.9135,0.4067,B,29,9,9.03,0.29,95.7,10.27,0.192
764,4.4,0.9135,0.4067,C,40,11,14.01,0.4,132.0,10.12,0.265
764,4.4,0.9135,0.4067,D,58,26,26.83,0.58,191.4,8.26,0.441
765,4.5,0.9239,0.3827,A,32,7,9.12,0.32,105.6,11.17,0.199
765,4.5,0.9239,0.3827,B,37,13,13.76,0.37,122.1,10.48,0.258
765,4.5,0.9239,0.3827,C,45,13,13.88,0.45,148.5,9.03,0.294
765,4.5,0.9239,0.3827,D,54,21,21.0,0.54,178.2,7.93,0.386
766,4.6,0.9336,0.3584,A,37,10,11.57,0.37,122.1,11.03,0.24
766,4.6,0.9336,0.3584,B,41,13,15.59,0.41,135.3,9.7,0.282
766,4.6,0.9336,0.3584,C,46,15,17.45,0.46,151.8,9.12,0.318
766,4.6,0.9336,0.3584,D,44,14,14.96,0.44,145.2,10.15,0.297
767,4.7,0.9426,0.3338,A,33,10,10.56,0.33,108.9,10.67,0.219
767,4.7,0.9426,0.3338,B,37,8,10.9,0.37,122.1,11.34,0.231
767,4.7,0.9426,0.3338,C,47,20,18.35,0.47,155.1,9.27,0.343
767,4.7,0.9426,0.3338,D,58,27,26.65,0.58,191.4,7.53,0.444
768,4.8,0.9511,0.309,A,33,8,8.96,0.33,108.9,10.49,0.206
768,4.8,0.9511,0.309,B,33,5,8.56,0.33,108.9,10.92,0.195
768,4.8,0.9511,0.309,C,46,12,13.2,0.46,151.8,9.66,0.293
768,4.8,0.9511,0.309,D,48,13,13.5,0.48,158.4,8.22,0.307
769,4.9,0.9588,0.284,A,31,7,8.29,0.31,102.3,10.5,0.192
769,4.9,0.9588,0.284,B,32,8,10.57,0.32,105.6,10.22,0.207
769,4.9,0.9588,0.284,C,53,21,20.66,0.53,174.9,9.42,0.381
769,4.9,0.9588,0.284,D,56,26,24.84,0.56,184.8,8.13,0.426
770,5.0,0.9659,0.2588,A,38,10,10.2,0.38,125.4,9.61,0.24
770,5.0,0.9659,0.2588,B,37,8,10.12,0.37,122.1,9.96,0.228
770,5.0,0.9659,0.2588,C,51,20,19.46,0.51,168.3,8.94,0.364
770,5.0,0.9659,0.2588,D,57,26,26.02,0.57,188.1,8.17,0.434
771,5.1,0.9724,0.2334,A,29,8,9.67,0.29,95.7,11.07,0.191
771,5.1,0.9724,0.2334,B,46,17,18.82,0.46,151.8,10.27,0.329
771,5.1,0.9724,0.2334,C,51,15,14.24,0.51,168.3,9.48,0.329
771,5.1,0.9724,0.2334,D,61,27,25.61,0.61,201.3,7.82,0.454
772,5.2,0.9781,0.2079,A,32,6,6.88,0.32,105.6,9.87,0.188
772,5.2,0.9781,0.2079,B,35,11,12.78,0.35,115.5,10.85,0.239
772,5.2,0.9781,0.2079,C,47,17,17.77,0.47,155.1,8.09,0.33
772,5.2,0.9781,0.2079,D,53,20,18.3,0.53,174.9,9.21,0.37
773,5.3,0.9833,0.1822,A,32,12,11.57,0.32,105.6,10.8,0.225
773,5.3,0.9833,0.1822,B,39,9,9.29,0.39,128.7,9.98,0.238
773,5.3,0.9833,0.1822,C,54,22,21.51,0.54,178.2,8.37,0.392
773,5.3,0.9833,0.1822,D,59,25,24.43,0.59,194.7,8.05,0.434
774,5.4,0.9877,0.1564,A,37,14,14.47,0.37,122.1,10.42,0.264
774,5.4,0.9877,0.1564,B,41,15,15.8,0.41,135.3,9.51,0.29
774,5.4,0.9877,0.1564,C,53,21,22.53,0.53,174.9,9.23,0.387
774,5.4,0.9877,0.1564,D,74,40,36.83,0.74,244.2,6.64,0.596
775,5.5,0.9914,0.1305,A,34,7,7.46,0.34,112.2,12.02,0.202
775,5.5,0.9914,0.1305,B,45,14,16.67,0.45,148.5,9.4,0.307
775,5.5,0.9914,0.1305,C,56,23,22.02,0.56,184.8,8.39,0.406
775,5.5,0.9914,0.1305,D,69,34,31.28,0.69,227.7,7.05,0.534
776,5.6,0.9945,0.1045,A,36,9,10.46,0.36,118.8,10.69,0.228
776,5.6,0.9945,0.1045,B,37,11,11.68,0.37,122.1,10.03,0.244
776,5.6,0.9945,0.1045,C,62,29,29.21,0.62,204.6,8.04,0.478
776,5.6,0.9945,0.1045,D,69,35,33.82,0.69,227.7,5.95,0.546
777,5.7,0.9969,0.0785,A,43,13,13.78,0.43,141.9,9.24,0.285
777,5.7,0.9969,0.0785,B,39,9,9.3,0.39,128.7,10.07,0.238
777,5.7,0.9969,0.0785,C,56,21,21.03,0.56,184.8,8.76,0.396
777,5.7,0.9969,0.0785,D,61,25,23.63,0.61,201.3,8.39,0.441
778,5.8,0.9986,0.0523,A,37,14,16.07,0.37,122.1,10.64,0.269
778,5.8,0.9986,0.0523,B,53,17,17.04,0.53,174.9,8.96,0.355
778,5.8,0.9986,0.0523,C,61,29,26.36,0.61,201.3,8.02,0.464
778,5.8,0.9986,0.0523,D,66,31,30.34,0.66,217.8,6.63,0.507
779,5.9,0.9997,0.0262,A,36,10,10.24,0.36,118.8,10.02,0.231
779,5.9,0.9997,0.0262,B,46,16,15.41,0.46,151.8,10.83,0.314
779,5.9,0.9997,0.0262,C,60,27,27.42,0.6,198.0,8.07,0.456
779,5.9,0.9997,0.0262,D,76,41,38.6,0.76,250.8,6.8,0.614
780,6.0,1.0,0.0,A,45,14,13.23,0.45,148.5,9.36,0.296
780,6.0,1.0,0.0,B,53,20,20.62,0.53,174.9,9.08,0.377
780,6.0,1.0,0.0,C,52,19,19.73,0.52,171.6,8.92,0.366
780,6.0,1.0,0.0,D,76,42,38.59,0.76,250.8,7.1,0.618
781,6.1,0.9997,-0.0262,A,42,15,15.89,0.42,138.6,10.48,0.294
781,6.1,0.9997,-0.0262,B,58,22,21.48,0.58,191.4,8.37,0.41
781,6.1,0.9997,-0.0262,C,64,25,25.73,0.64,211.2,7.63,0.461
781,6.1,0.9997,-0.0262,D,76,42,39.68,0.76,250.8,6.99,0.621
782,6.2,0.9986,-0.0523,A,47,14,13.85,0.47,155.1,9.15,0.307
782,6.2,0.9986,-0.0523,B,56,22,22.47,0.56,184.8,8.32,0.404
782,6.2,0.9986,-0.0523,C,68,33,29.61,0.68,224.4,7.55,0.52
782,6.2,0.9986,-0.0523,D,73,38,34.67,0.73,240.9,6.8,0.577
783,6.3,0.9969,-0.0785,A,46,14,15.58,0.46,151.8,8.25,0.308
783,6.3,0.9969,-0.0785,B,56,22,20.1,0.56,184.8,8.19,0.396
783,6.3,0.9969,-0.0785,C,69,35,33.13,0.69,227.7,6.59,0.543
783,6.3,0.9969,-0.0785,D,79,45,40.85,0.79,260.7,7.26,0.649
784,6.4,0.9945,-0.1045,A,48,22,20.91,0.48,158.4,10.17,0.363
784,6.4,0.9945,-0.1045,B,64,29,25.88,0.64,211.2,7.43,0.476
784,6.4,0.9945,-0.1045,C,74,37,35.91,0.74,244.2,7.56,0.582
784,6.4,0.9945,-0.1045,D,78,46,43.08,0.78,257.4,6.02,0.656
785,6.5,0.9914,-0.1305,A,53,19,19.83,0.53,174.9,9.43,0.371
785,6.5,0.9914,-0.1305,B,72,38,35.74,0.72,237.6,6.61,0.576
785,6.5,0.9914,-0.1305,C,74,38,35.86,0.74,244.2,7.26,0.586
785,6.5,0.9914,-0.1305,D,89,58,54.24,0.89,293.7,4.81,0.784
786,6.6,0.9877,-0.1564,A,51,19,17.26,0.51,168.3,8.45,0.354
786,6.6,0.9877,-0.1564,B,62,29,29.58,0.62,204.6,8.29,0.479
786,6.6,0.9877,-0.1564,C,77,47,43.75,0.77,254.1,6.57,0.657
786,6.6,0.9877,-0.1564,D,90,62,56.42,0.9,297.0,4.4,0.81
787,6.7,0.9833,-0.1822,A,58,21,19.88,0.58,191.4,7.91,0.401
787,6.7,0.9833,-0.1822,B,60,21,20.82,0.6,198.0,8.78,0.413
787,6.7,0.9833,-0.1822,C,79,45,39.44,0.79,260.7,6.38,0.644
787,6.7,0.9833,-0.1822,D,91,63,54.98,0.91,300.3,5.28,0.813
788,6.8,0.9781,-0.2079,A,54,23,24.36,0.54,178.2,8.15,0.405
788,6.8,0.9781,-0.2079,B,77,44,38.72,0.77,254.1,5.48,0.63
788,6.8,0.9781,-0.2079,C,87,61,52.89,0.87,287.1,5.03,0.781
788,6.8,0.9781,-0.2079,D,109,84,74.61,1.0,359.7,4.19,0.993
789,6.9,0.9724,-0.2334,A,55,20,18.99,0.55,181.5,9.12,0.381
789,6.9,0.9724,-0.2334,B,73,43,39.64,0.73,240.9,7.12,0.611
789,6.9,0.9724,-0.2334,C,84,53,48.0,0.84,277.2,6.37,0.724
789,6.9,0.9724,-0.2334,D,103,81,70.2,1.0,339.9,4.35,0.968
790,7.0,0.9659,-0.2588,A,62,29,29.08,0.62,204.6,7.88,0.477
790,7.0,0.9659,-0.2588,B,74,42,37.09,0.74,244.2,6.75,0.604
790,7.0,0.9659,-0.2588,C,91,61,56.31,0.91,300.3,5.55,0.811
790,7.0,0.9659,-0.2588,D,106,86,75.95,1.0,349.8,4.27,1.0
791,7.1,0.9588,-0.284,A,63,27,25.45,0.63,207.9,6.97,0.463
791,7.1,0.9588,-0.284,B,89,57,53.27,0.89,293.7,6.53,0.778
791,7.1,0.9588,-0.284,C,94,68,62.03,0.94,310.2,5.15,0.868
791,7.1,0.9588,-0.284,D,109,84,75.43,1.0,359.7,4.2,0.995
792,7.2,0.9511,-0.309,A,69,35,33.88,0.69,227.7,7.42,0.546
792,7.2,0.9511,-0.309,B,80,50,46.83,0.8,264.0,6.69,0.691
792,7.2,0.9511,-0.309,C,94,74,66.45,0.94,310.2,4.3,0.903
792,7.2,0.9511,-0.309,D,113,87,75.27,1.0,372.9,4.46,1.0
793,7.3,0.9426,-0.3338,A,74,39,35.65,0.74,244.2,5.41,0.588
793,7.3,0.9426,-0.3338,B,83,49,46.51,0.83,273.9,6.49,0.7
793,7.3,0.9426,-0.3338,C,101,82,72.85,1.0,333.3,4.6,0.98
793,7.3,0.9426,-0.3338,D,124,99,89.14,1.0,409.2,4.46,1.0
794,7.4,0.9336,-0.3584,A,74,39,36.94,0.74,244.2,6.14,0.593
794,7.4,0.9336,-0.3584,B,92,66,57.97,0.92,303.6,5.02,0.838
794,7.4,0.9336,-0.3584,C,98,79,72.11,0.98,323.4,4.0,0.958
794,7.4,0.9336,-0.3584,D,121,99,85.45,1.0,399.3,4.0,1.0
795,7.5,0.9239,-0.3827,A,74,40,38.4,0.74,244.2,6.26,0.601
795,7.5,0.9239,-0.3827,B,91,65,58.59,0.91,300.3,4.64,0.832
795,7.5,0.9239,-0.3827,C,110,89,76.85,1.0,363.0,4.04,1.0
795,7.5,0.9239,-0.3827,D,126,104,90.07,1.0,415.8,4.54,1.0
796,7.6,0.9135,-0.4067,A,72,39,34.38,0.72,237.6,6.95,0.575
796,7.6,0.9135,-0.4067,B,93,68,62.14,0.93,306.9,5.79,0.864
796,7.6,0.9135,-0.4067,C,105,83,74.37,1.0,346.5,4.0,0.988
796,7.6,0.9135,-0.4067,D,123,97,85.71,1.0,405.9,4.73,1.0
797,7.7,0.9026,-0.4305,A,76,40,35.05,0.76,250.8,7.61,0.599
797,7.7,0.9026,-0.4305,B,91,63,57.61,0.91,300.3,5.4,0.822
797,7.7,0.9026,-0.4305,C,113,90,79.09,1.0,372.9,4.52,1.0
797,7.7,0.9026,-0.4305,D,127,101,88.46,1.0,419.1,4.16,1.0
798,7.8,0.891,-0.454,A,76,40,37.72,0.76,250.8,6.21,0.608
798,7.8,0.891,-0.454,B,92,67,60.83,0.92,303.6,5.16,0.851
798,7.8,0.891,-0.454,C,109,88,79.36,1.0,359.7,4.0,1.0
798,7.8,0.891,-0.454,D,133,105,93.84,1.0,438.9,4.0,1.0
799,7.9,0.8788,-0.4772,A,76,42,37.87,0.76,250.8,5.54,0.615
799,7.9,0.8788,-0.4772,B,88,59,53.89,0.88,290.4,6.03,0.782
799,7.9,0.8788,-0.4772,C,107,86,77.48,1.0,353.1,4.59,1.0
799,7.9,0.8788,-0.4772,D,126,98,85.54,1.0,415.8,4.0,1.0
800,8.0,0.866,-0.5,A,76,46,43.63,0.76,250.8,7.05,0.648
800,8.0,0.866,-0.5,B,88,58,51.9,0.88,290.4,5.56,0.772
800,8.0,0.866,-0.5,C,102,81,71.14,1.0,336.6,4.0,0.971
800,8.0,0.866,-0.5,D,134,107,94.21,1.0,442.2,4.25,1.0
801,8.1,0.8526,-0.5225,A,71,37,35.91,0.71,234.3,7.38,0.569
801,8.1,0.8526,-0.5225,B,86,56,51.5,0.86,283.8,5.67,0.755
801,8.1,0.8526,-0.5225,C,109,87,78.14,1.0,359.7,4.19,1.0
801,8.1,0.8526,-0.5225,D,125,98,85.66,1.0,412.5,5.31,1.0
802,8.2,0.8387,-0.5446,A,65,30,28.25,0.65,214.5,8.02,0.492
802,8.2,0.8387,-0.5446,B,84,50,45.41,0.84,277.2,5.72,0.704
802,8.2,0.8387,-0.5446,C,113,94,81.58,1.0,372.9,4.0,1.0
802,8.2,0.8387,-0.5446,D,135,109,96.2,1.0,445.5,4.0,1.0
803,8.3,0.8241,-0.5664,A,74,42,39.66,0.74,244.2,6.96,0.612
803,8.3,0.8241,-0.5664,B,98,76,65.93,0.98,323.4,4.0,0.927
803,8.3,0.8241,-0.5664,C,111,92,83.01,1.0,366.3,4.37,1.0
803,8.3,0.8241,-0.5664,D,123,99,88.04,1.0,405.9,4.0,1.0
804,8.4,0.809,-0.5878,A,76,44,41.81,0.76,250.8,6.38,0.635
804,8.4,0.809,-0.5878,B,88,59,51.91,0.88,290.4,6.32,0.776
804,8.4,0.809,-0.5878,C,99,80,70.56,0.99,326.7,4.07,0.961
804,8.4,0.809,-0.5878,D,132,103,92.3,1.0,435.6,4.87,1.0
805,8.5,0.7934,-0.6088,A,75,42,39.76,0.75,247.5,6.39,0.617
805,8.5,0.7934,-0.6088,B,78,44,41.51,0.78,257.4,5.86,0.643
805,8.5,0.7934,-0.6088,C,108,87,76.81,1.0,356.4,4.0,1.0
805,8.5,0.7934,-0.6088,D,114,91,78.87,1.0,376.2,4.76,1.0
806,8.6,0.7771,-0.6293,A,72,40,37.11,0.72,237.6,6.45,0.588
806,8.6,0.7771,-0.6293,B,87,59,51.52,0.87,287.1,5.55,0.77
806,8.6,0.7771,-0.6293,C,106,84,73.54,1.0,349.8,4.4,0.989
806,8.6,0.7771,-0.6293,D,131,101,88.05,1.0,432.3,5.04,1.0
807,8.7,0.7604,-0.6494,A,71,39,36.72,0.71,234.3,6.96,0.578
807,8.7,0.7604,-0.6494,B,91,63,54.8,0.91,300.3,4.89,0.813
807,8.7,0.7604,-0.6494,C,107,84,76.07,1.0,353.1,4.19,0.998
807,8.7,0.7604,-0.6494,D,123,99,86.0,1.0,405.9,4.0,1.0
808,8.8,0.7431,-0.6691,A,62,26,25.16,0.62,204.6,7.41,0.454
808,8.8,0.7431,-0.6691,B,80,50,45.78,0.8,264.0,6.04,0.688
808,8.8,0.7431,-0.6691,C,98,76,66.27,0.98,323.4,4.0,0.928
808,8.8,0.7431,-0.6691,D,126,103,91.56,1.0,415.8,4.47,1.0
809,8.9,0.7254,-0.6884,A,63,30,27.33,0.63,207.9,7.27,0.48
809,8.9,0.7254,-0.6884,B,81,47,42.54,0.81,267.3,5.67,0.671
809,8.9,0.7254,-0.6884,C,101,84,75.23,1.0,333.3,4.0,0.995
809,8.9,0.7254,-0.6884,D,114,89,80.02,1.0,376.2,4.0,1.0
810,9.0,0.7071,-0.7071,A,58,25,23.62,0.58,191.4,8.29,0.427
810,9.0,0.7071,-0.7071,B,79,45,40.09,0.79,260.7,6.61,0.647
810,9.0,0.7071,-0.7071,C,96,74,66.62,0.96,316.8,5.59,0.913
810,9.0,0.7071,-0.7071,D,116,90,78.91,1.0,382.8,4.63,1.0
811,9.1,0.6884,-0.7254,A,58,26,25.29,0.58,191.4,7.29,0.436
811,9.1,0.6884,-0.7254,B,67,33,31.97,0.67,221.1,7.59,0.524
811,9.1,0.6884,-0.7254,C,81,48,44.23,0.81,267.3,5.92,0.68
811,9.1,0.6884,-0.7254,D,100,80,71.71,1.0,330.0,4.15,0.969
812,9.2,0.6691,-0.7431,A,56,22,21.96,0.56,184.8,8.31,0.402
812,9.2,0.6691,-0.7431,B,79,48,42.95,0.79,260.7,6.12,0.667
812,9.2,0.6691,-0.7431,C,88,60,52.78,0.88,290.4,5.71,0.782
812,9.2,0.6691,-0.7431,D,97,76,66.61,0.97,320.1,4.0,0.925
813,9.3,0.6494,-0.7604,A,56,22,20.68,0.56,184.8,7.7,0.398
813,9.3,0.6494,-0.7604,B,65,30,28.01,0.65,214.5,7.07,0.491
813,9.3,0.6494,-0.7604,C,87,59,53.33,0.87,287.1,5.47,0.776
813,9.3,0.6494,-0.7604,D,95,71,64.09,0.95,313.5,4.37,0.89
814,9.4,0.6293,-0.7771,A,55,21,22.49,0.55,181.5,8.24,0.396
814,9.4,0.6293,-0.7771,B,70,37,33.73,0.7,231.0,7.16,0.557
814,9.4,0.6293,-0.7771,C,83,53,49.77,0.83,273.9,5.67,0.725
814,9.4,0.6293,-0.7771,D,91,64,55.73,0.91,300.3,6.02,0.819
815,9.5,0.6088,-0.7934,A,52,16,18.01,0.52,171.6,9.26,0.35
815,9.5,0.6088,-0.7934,B,70,32,28.68,0.7,231.0,7.06,0.523
815,9.5,0.6088,-0.7934,C,75,41,36.69,0.75,247.5,5.63,0.603
815,9.5,0.6088,-0.7934,D,82,51,46.55,0.82,270.6,5.65,0.703
816,9.6,0.5878,-0.809,A,55,20,19.61,0.55,181.5,8.52,0.383
816,9.6,0.5878,-0.809,B,58,23,21.42,0.58,191.4,9.0,0.413
816,9.6,0.5878,-0.809,C,77,45,42.94,0.77,254.1,6.46,0.647
816,9.6,0.5878,-0.809,D,75,39,37.15,0.75,247.5,6.22,0.598
817,9.7,0.5664,-0.8241,A,43,10,11.11,0.43,141.9,9.93,0.266
817,9.7,0.5664,-0.8241,B,60,25,25.37,0.6,198.0,9.08,0.442
817,9.7,0.5664,-0.8241,C,68,34,30.28,0.68,224.4,7.25,0.526
817,9.7,0.5664,-0.8241,D,80,47,42.49,0.8,264.0,6.57,0.666
818,9.8,0.5446,-0.8387,A,39,13,12.52,0.39,128.7,10.31,0.263
818,9.8,0.5446,-0.8387,B,48,18,18.76,0.48,158.4,8.65,0.342
818,9.8,0.5446,-0.8387,C,60,27,25.43,0.6,198.0,7.96,0.449
818,9.8,0.5446,-0.8387,D,78,46,42.67,0.78,257.4,6.42,0.654
819,9.9,0.5225,-0.8526,A,44,13,13.06,0.44,145.2,10.41,0.287
819,9.9,0.5225,-0.8526,B,48,14,14.24,0.48,158.4,9.02,0.312
819,9.9,0.5225,-0.8526,C,66,31,30.54,0.66,217.8,6.77,0.507
819,9.9,0.5225,-0.8526,D,75,40,35.84,0.75,247.5,6.78,0.597
820,10.0,0.5,-0.866,A,45,14,13.43,0.45,148.5,9.5,0.296
820,10.0,0.5,-0.866,B,47,17,17.26,0.47,155.1,8.48,0.329
820,10.0,0.5,-0.866,C,58,24,21.96,0.58,191.4,8.04,0.418
820,10.0,0.5,-0.866,D,71,37,35.31,0.71,234.3,6.7,0.567
821,10.1,0.4772,-0.8788,A,46,13,14.9,0.46,151.8,9.57,0.302
821,10.1,0.4772,-0.8788,B,52,18,17.39,0.52,171.6,8.9,0.355
821,10.1,0.4772,-0.8788,C,62,24,22.43,0.62,204.6,7.94,0.438
821,10.1,0.4772,-0.8788,D,69,34,30.41,0.69,227.7,6.26,0.531
822,10.2,0.454,-0.891,A,40,15,17.36,0.4,132.0,10.35,0.29
822,10.2,0.454,-0.891,B,48,17,19.19,0.48,158.4,9.68,0.339
822,10.2,0.454,-0.891,C,53,17,15.63,0.53,174.9,9.53,0.35
822,10.2,0.454,-0.891,D,71,36,33.38,0.71,234.3,7.19,0.557
823,10.3,0.4305,-0.9026,A,40,10,10.13,0.4,132.0,9.9,0.249
823,10.3,0.4305,-0.9026,B,48,18,18.13,0.48,158.4,8.99,0.339
823,10.3,0.4305,-0.9026,C,56,22,20.04,0.56,184.8,8.46,0.396
823,10.3,0.4305,-0.9026,D,67,33,29.36,0.67,221.1,6.57,0.515
824,10.4,0.4067,-0.9135,A,35,11,11.65,0.35,115.5,10.53,0.235
824,10.4,0.4067,-0.9135,B,44,10,13.13,0.44,145.2,10.58,0.277
824,10.4,0.4067,-0.9135,C,54,20,19.26,0.54,178.2,8.92,0.377
824,10.4,0.4067,-0.9135,D,60,27,25.35,0.6,198.0,7.55,0.449
825,10.5,0.3827,-0.9239,A,38,11,10.5,0.38,125.4,10.77,0.244
825,10.5,0.3827,-0.9239,B,44,11,11.94,0.44,145.2,9.92,0.276
825,10.5,0.3827,-0.9239,C,56,23,20.71,0.56,184.8,8.33,0.402
825,10.5,0.3827,-0.9239,D,59,23,21.44,0.59,194.7,7.71,0.417
826,10.6,0.3584,-0.9336,A,33,8,11.54,0.33,108.9,10.5,0.215
826,10.6,0.3584,-0.9336,B,41,14,13.32,0.41,135.3,10.23,0.278
826,10.6,0.3584,-0.9336,C,50,20,19.05,0.5,165.0,9.65,0.359
826,10.6,0.3584,-0.9336,D,62,28,28.51,0.62,204.6,7.98,0.472
827,10.7,0.3338,-0.9426,A,32,5,5.31,0.32,105.6,10.57,0.179
827,10.7,0.3338,-0.9426,B,46,15,15.06,0.46,151.8,9.35,0.31
827,10.7,0.3338,-0.9426,C,49,17,16.93,0.49,161.7,8.85,0.336
827,10.7,0.3338,-0.9426,D,56,22,20.8,0.56,184.8,8.95,0.398
828,10.8,0.309,-0.9511,A,28,7,7.99,0.28,92.4,10.38,0.177
828,10.8,0.309,-0.9511,B,42,13,15.14,0.42,138.6,10.81,0.285
828,10.8,0.309,-0.9511,C,44,12,11.8,0.44,145.2,9.9,0.279
828,10.8,0.309,-0.9511,D,61,33,29.29,0.61,201.3,7.35,0.488
829,10.9,0.284,-0.9588,A,39,12,13.5,0.39,128.7,10.52,0.262
829,10.9,0.284,-0.9588,B,35,11,12.3,0.35,115.5,9.42,0.237
829,10.9,0.284,-0.9588,C,55,20,21.54,0.55,181.5,9.49,0.389
829,10.9,0.284,-0.9588,D,57,23,23.89,0.57,188.1,8.92,0.417
830,11.0,0.2588,-0.9659,A,30,7,9.58,0.3,99.0,11.16,0.191
830,11.0,0.2588,-0.9659,B,50,20,20.13,0.5,165.0,8.6,0.362
830,11.0,0.2588,-0.9659,C,41,16,18.46,0.41,135.3,10.24,0.302
830,11.0,0.2588,-0.9659,D,56,23,23.42,0.56,184.8,8.37,0.411
831,11.1,0.2334,-0.9724,A,58,25,22.27,0.58,191.4,8.17,0.423
831,11.1,0.2334,-0.9724,B,57,23,22.07,0.57,188.1,7.98,0.411
831,11.1,0.2334,-0.9724,C,47,15,15.32,0.47,155.1,9.46,0.315
831,11.1,0.2334,-0.9724,D,55,22,22.49,0.55,181.5,8.79,0.399
832,11.2,0.2079,-0.9781,A,55,20,21.24,0.55,181.5,9.49,0.388
832,11.2,0.2079,-0.9781,B,64,28,28.3,0.64,211.2,8.09,0.48
832,11.2,0.2079,-0.9781,C,40,12,14.66,0.4,132.0,10.75,0.271
832,11.2,0.2079,-0.9781,D,52,15,16.99,0.52,171.6,9.27,0.343
833,11.3,0.1822,-0.9833,A,48,20,18.44,0.48,158.4,9.04,0.347
833,11.3,0.1822,-0.9833,B,68,35,31.36,0.68,224.4,7.38,0.533
833,11.3,0.1822,-0.9833,C,53,21,21.88,0.53,174.9,9.88,0.385
833,11.3,0.1822,-0.9833,D,56,24,24.45,0.56,184.8,8.68,0.417
834,11.4,0.1564,-0.9877,A,54,21,20.3,0.54,178.2,8.57,0.384
834,11.4,0.1564,-0.9877,B,63,28,25.61,0.63,207.9,7.87,0.467
834,11.4,0.1564,-0.9877,C,48,14,16.76,0.48,158.4,8.94,0.321
834,11.4,0.1564,-0.9877,D,50,18,17.29,0.5,165.0,8.65,0.346
835,11.5,0.1305,-0.9914,A,58,25,24.54,0.58,191.4,8.42,0.43
835,11.5,0.1305,-0.9914,B,67,32,30.58,0.67,221.1,7.44,0.515
835,11.5,0.1305,-0.9914,C,42,16,18.12,0.42,138.6,9.8,0.305
835,11.5,0.1305,-0.9914,D,55,21,22.26,0.55,181.5,7.35,0.395
836,11.6,0.1045,-0.9945,A,53,21,21.02,0.53,174.9,8.57,0.382
836,11.6,0.1045,-0.9945,B,54,20,18.92,0.54,178.2,8.08,0.376
836,11.6,0.1045,-0.9945,C,45,16,15.79,0.45,148.5,9.82,0.311
836,11.6,0.1045,-0.9945,D,51,17,16.96,0.51,168.3,9.3,0.346
837,11.7,0.0785,-0.9969,A,70,37,36.0,0.7,231.0,7.46,0.565
837,11.7,0.0785,-0.9969,B,62,31,31.07,0.62,204.6,7.67,0.491
837,11.7,0.0785,-0.9969,C,45,12,12.93,0.45,148.5,9.76,0.288
837,11.7,0.0785,-0.9969,D,54,21,19.62,0.54,178.2,8.14,0.382
838,11.8,0.0523,-0.9986,A,51,19,20.29,0.51,168.3,8.42,0.364
838,11.8,0.0523,-0.9986,B,69,38,34.49,0.69,227.7,8.05,0.558
838,11.8,0.0523,-0.9986,C,38,15,14.96,0.38,125.4,10.16,0.273
838,11.8,0.0523,-0.9986,D,52,20,20.41,0.52,171.6,8.13,0.372
839,11.9,0.0262,-0.9997,A,48,20,19.68,0.48,158.4,9.17,0.352
839,11.9,0.0262,-0.9997,B,68,33,31.65,0.68,224.4,7.4,0.527
839,11.9,0.0262,-0.9997,C,46,15,17.16,0.46,151.8,9.7,0.317
839,11.9,0.0262,-0.9997,D,45,19,17.78,0.45,148.5,8.68,0.328
840,12.0,0.0,-1.0,A,22,4,4.96,0.22,72.6,11.17,0.13
840,12.0,0.0,-1.0,B,42,14,15.48,0.42,138.6,10.12,0.29
840,12.0,0.0,-1.0,C,42,13,15.78,0.42,138.6,10.71,0.287
840,12.0,0.0,-1.0,D,54,21,21.91,0.54,178.2,8.37,0.39
841,12.1,-0.0262,-0.9997,A,33,10,10.41,0.33,108.9,11.18,0.218
841,12.1,-0.0262,-0.9997,B,32,9,9.06,0.32,105.6,10.74,0.206
841,12.1,-0.0262,-0.9997,C,32,8,9.1,0.32,105.6,10.32,0.202
841,12.1,-0.0262,-0.9997,D,54,22,21.14,0.54,178.2,8.79,0.39
842,12.2,-0.0523,-0.9986,A,31,4,4.58,0.31,102.3,10.7,0.169
842,12.2,-0.0523,-0.9986,B,39,14,15.12,0.39,128.7,9.59,0.275
842,12.2,-0.0523,-0.9986,C,52,19,19.15,0.52,171.6,8.03,0.364
842,12.2,-0.0523,-0.9986,D,56,23,22.31,0.56,184.8,7.74,0.407
843,12.3,-0.0785,-0.9969,A,37,9,11.41,0.37,122.1,10.22,0.236
843,12.3,-0.0785,-0.9969,B,36,8,8.74,0.36,118.8,10.29,0.219
843,12.3,-0.0785,-0.9969,C,43,14,12.98,0.43,141.9,9.47,0.286
843,12.3,-0.0785,-0.9969,D,60,23,23.68,0.6,198.0,8.25,0.429
844,12.4,-0.1045,-0.9945,A,30,9,11.38,0.3,99.0,10.4,0.204
844,12.4,-0.1045,-0.9945,B,30,8,10.32,0.3,99.0,11.04,0.197
844,12.4,-0.1045,-0.9945,C,42,14,13.75,0.42,138.6,9.15,0.284
844,12.4,-0.1045,-0.9945,D,53,17,18.62,0.53,174.9,9.19,0.36
845,12.5,-0.1305,-0.9914,A,29,10,10.22,0.29,95.7,10.87,0.2
845,12.5,-0.1305,-0.9914,B,38,12,14.58,0.38,125.4,9.93,0.262
845,12.5,-0.1305,-0.9914,C,41,10,10.44,0.41,135.3,9.9,0.254
845,12.5,-0.1305,-0.9914,D,56,21,21.37,0.56,184.8,9.33,0.397
846,12.6,-0.1564,-0.9877,A,22,3,6.09,0.22,72.6,10.93,0.13
846,12.6,-0.1564,-0.9877,B,40,11,12.01,0.4,132.0,9.49,0.259
846,12.6,-0.1564,-0.9877,C,48,17,15.59,0.48,158.4,8.85,0.327
846,12.6,-0.1564,-0.9877,D,49,12,14.12,0.49,161.7,9.16,0.31
847,12.7,-0.1822,-0.9833,A,32,5,8.79,0.32,105.6,10.89,0.191
847,12.7,-0.1822,-0.9833,B,38,10,9.53,0.38,125.4,9.88,0.238
847,12.7,-0.1822,-0.9833,C,46,16,15.35,0.46,151.8,10.07,0.314
847,12.7,-0.1822,-0.9833,D,55,22,23.58,0.55,181.5,8.84,0.403
848,12.8,-0.2079,-0.9781,A,24,3,5.72,0.24,79.2,12.0,0.138
848,12.8,-0.2079,-0.9781,B,41,11,12.44,0.41,135.3,10.52,0.264
848,12.8,-0.2079,-0.9781,C,40,12,11.52,0.4,132.0,10.0,0.26
848,12.8,-0.2079,-0.9781,D,55,18,19.67,0.55,181.5,9.04,0.376
849,12.9,-0.2334,-0.9724,A,24,4,7.83,0.24,79.2,11.51,0.148
849,12.9,-0.2334,-0.9724,B,37,14,13.92,0.37,122.1,9.71,0.262
849,12.9,-0.2334,-0.9724,C,42,13,14.4,0.42,138.6,9.55,0.283
849,12.9,-0.2334,-0.9724,D,59,23,21.36,0.59,194.7,8.07,0.417
850,13.0,-0.2588,-0.9659,A,29,5,7.37,0.29,95.7,11.38,0.173
850,13.0,-0.2588,-0.9659,B,48,19,17.97,0.48,158.4,9.24,0.342
850,13.0,-0.2588,-0.9659,C,45,14,14.28,0.45,148.5,9.98,0.299
850,13.0,-0.2588,-0.9659,D,45,14,14.83,0.45,148.5,8.9,0.301
851,13.1,-0.284,-0.9588,A,32,8,7.98,0.32,105.6,10.82,0.199
851,13.1,-0.284,-0.9588,B,40,11,12.17,0.4,132.0,10.68,0.259
851,13.1,-0.284,-0.9588,C,41,11,12.33,0.41,135.3,9.75,0.264
851,13.1,-0.284,-0.9588,D,55,24,24.51,0.55,181.5,9.02,0.413
852,13.2,-0.309,-0.9511,A,21,7,10.82,0.21,69.3,12.58,0.155
852,13.2,-0.309,-0.9511,B,40,15,14.78,0.4,132.0,9.4,0.282
852,13.2,-0.309,-0.9511,C,48,15,15.84,0.48,158.4,8.65,0.321
852,13.2,-0.309,-0.9511,D,56,20,20.39,0.56,184.8,9.5,0.39
853,13.3,-0.3338,-0.9426,A,34,7,10.17,0.34,112.2,10.14,0.211
853,13.3,-0.3338,-0.9426,B,33,11,13.17,0.33,108.9,11.2,0.231
853,13.3,-0.3338,-0.9426,C,41,16,16.18,0.41,135.3,9.56,0.294
853,13.3,-0.3338,-0.9426,D,50,17,19.2,0.5,165.0,9.16,0.349
854,13.4,-0.3584,-0.9336,A,31,8,11.43,0.31,102.3,11.43,0.206
854,13.4,-0.3584,-0.9336,B,36,9,11.35,0.36,118.8,10.79,0.231
854,13.4,-0.3584,-0.9336,C,47,14,13.8,0.47,155.1,9.3,0.306
854,13.4,-0.3584,-0.9336,D,49,19,18.1,0.49,161.7,8.74,0.347
855,13.5,-0.3827,-0.9239,A,33,5,6.39,0.33,108.9,11.26,0.187
855,13.5,-0.3827,-0.9239,B,35,8,9.97,0.35,115.5,9.57,0.219
855,13.5,-0.3827,-0.9239,C,51,18,16.46,0.51,168.3,7.94,0.347
855,13.5,-0.3827,-0.9239,D,47,17,17.49,0.47,155.1,9.36,0.329
856,13.6,-0.4067,-0.9135,A,23,3,3.94,0.23,75.9,10.7,0.127
856,13.6,-0.4067,-0.9135,B,34,8,11.35,0.34,112.2,10.23,0.219
856,13.6,-0.4067,-0.9135,C,50,16,17.05,0.5,165.0,8.27,0.338
856,13.6,-0.4067,-0.9135,D,51,21,20.25,0.51,168.3,8.05,0.371
857,13.7,-0.4305,-0.9026,A,28,6,9.62,0.28,92.4,12.18,0.179
857,13.7,-0.4305,-0.9026,B,33,11,12.54,0.33,108.9,10.66,0.229
857,13.7,-0.4305,-0.9026,C,49,17,18.33,0.49,161.7,9.39,0.341
857,13.7,-0.4305,-0.9026,D,55,26,25.63,0.55,181.5,9.43,0.424
858,13.8,-0.454,-0.891,A,38,10,9.93,0.38,125.4,9.46,0.239
858,13.8,-0.454,-0.891,B,42,13,14.7,0.42,138.6,9.22,0.283
858,13.8,-0.454,-0.891,C,39,15,16.2,0.39,128.7,10.88,0.282
858,13.8,-0.454,-0.891,D,52,24,23.47,0.52,171.6,9.14,0.396
859,13.9,-0.4772,-0.8788,A,26,6,6.74,0.26,85.8,10.82,0.16
859,13.9,-0.4772,-0.8788,B,36,13,14.19,0.36,118.8,9.68,0.255
859,13.9,-0.4772,-0.8788,C,48,19,17.15,0.48,158.4,9.61,0.34
859,13.9,-0.4772,-0.8788,D,57,25,25.88,0.57,188.1,8.35,0.43
860,14.0,-0.5,-0.866,A,41,14,16.89,0.41,135.3,9.38,0.29
860,14.0,-0.5,-0.866,B,33,8,11.73,0.33,108.9,10.82,0.216
860,14.0,-0.5,-0.866,C,49,18,16.49,0.49,161.7,10.08,0.338
860,14.0,-0.5,-0.866,D,54,25,25.52,0.54,178.2,8.89,0.416
861,14.1,-0.5225,-0.8526,A,35,9,9.3,0.35,115.5,9.81,0.22
861,14.1,-0.5225,-0.8526,B,32,9,10.4,0.32,105.6,11.32,0.21
861,14.1,-0.5225,-0.8526,C,44,15,14.47,0.44,145.2,10.34,0.299
861,14.1,-0.5225,-0.8526,D,60,25,25.14,0.6,198.0,8.74,0.441
862,14.2,-0.5446,-0.8387,A,31,8,8.66,0.31,102.3,11.95,0.196
862,14.2,-0.5446,-0.8387,B,44,10,11.6,0.44,145.2,9.77,0.272
862,14.2,-0.5446,-0.8387,C,38,13,12.78,0.38,125.4,10.02,0.259
862,14.2,-0.5446,-0.8387,D,54,21,22.11,0.54,178.2,8.93,0.39
863,14.3,-0.5664,-0.8241,A,35,9,10.58,0.35,115.5,10.33,0.224
863,14.3,-0.5664,-0.8241,B,51,20,19.09,0.51,168.3,9.74,0.363
863,14.3,-0.5664,-0.8241,C,48,15,15.71,0.48,158.4,9.11,0.321
863,14.3,-0.5664,-0.8241,D,51,21,19.15,0.51,168.3,8.95,0.367
864,14.4,-0.5878,-0.809,A,36,9,11.24,0.36,118.8,10.78,0.231
864,14.4,-0.5878,-0.809,B,37,9,12.56,0.37,122.1,8.28,0.24
864,14.4,-0.5878,-0.809,C,47,17,16.01,0.47,155.1,9.28,0.324
864,14.4,-0.5878,-0.809,D,54,27,23.97,0.54,178.2,8.88,0.417
865,14.5,-0.6088,-0.7934,A,29,8,11.28,0.29,95.7,10.44,0.196
865,14.5,-0.6088,-0.7934,B,43,15,17.35,0.43,141.9,9.18,0.304
865,14.5,-0.6088,-0.7934,C,44,17,17.8,0.44,145.2,9.93,0.317
865,14.5,-0.6088,-0.7934,D,62,31,28.72,0.62,204.6,7.24,0.483
866,14.6,-0.6293,-0.7771,A,32,8,11.52,0.32,105.6,10.41,0.21
866,14.6,-0.6293,-0.7771,B,41,12,12.18,0.41,135.3,10.18,0.267
866,14.6,-0.6293,-0.7771,C,52,16,16.78,0.52,171.6,9.74,0.346
866,14.6,-0.6293,-0.7771,D,57,25,22.95,0.57,188.1,8.0,0.421
867,14.7,-0.6494,-0.7604,A,36,12,13.93,0.36,118.8,11.42,0.25
867,14.7,-0.6494,-0.7604,B,40,15,14.06,0.4,132.0,10.25,0.279
867,14.7,-0.6494,-0.7604,C,47,21,21.82,0.47,155.1,9.27,0.358
867,14.7,-0.6494,-0.7604,D,48,16,15.53,0.48,158.4,9.35,0.324
868,14.8,-0.6691,-0.7431,A,31,4,5.66,0.31,102.3,11.58,0.172
868,14.8,-0.6691,-0.7431,B,35,11,13.61,0.35,115.5,10.92,0.241
868,14.8,-0.6691,-0.7431,C,51,22,22.01,0.51,168.3,9.4,0.38
868,14.8,-0.6691,-0.7431,D,60,26,25.28,0.6,198.0,8.48,0.445
869,14.9,-0.6884,-0.7254,A,35,12,13.27,0.35,115.5,10.51,0.244
869,14.9,-0.6884,-0.7254,B,43,14,15.0,0.43,141.9,9.77,0.292
869,14.9,-0.6884,-0.7254,C,49,18,19.53,0.49,161.7,8.51,0.349
869,14.9,-0.6884,-0.7254,D,62,32,30.74,0.62,204.6,7.71,0.493
870,15.0,-0.7071,-0.7071,A,39,11,12.43,0.39,128.7,9.73,0.255
870,15.0,-0.7071,-0.7071,B,44,17,16.31,0.44,145.2,9.67,0.312
870,15.0,-0.7071,-0.7071,C,45,15,16.79,0.45,148.5,10.07,0.311
870,15.0,-0.7071,-0.7071,D,62,28,27.7,0.62,204.6,8.24,0.469
871,15.1,-0.7254,-0.6884,A,26,8,10.39,0.26,85.8,11.27,0.18
871,15.1,-0.7254,-0.6884,B,48,15,15.49,0.48,158.4,8.43,0.32
871,15.1,-0.7254,-0.6884,C,54,19,19.13,0.54,178.2,7.74,0.373
871,15.1,-0.7254,-0.6884,D,68,35,34.57,0.68,224.4,7.41,0.544
872,15.2,-0.7431,-0.6691,A,34,9,12.53,0.34,112.2,10.08,0.226
872,15.2,-0.7431,-0.6691,B,51,19,19.95,0.51,168.3,9.38,0.362
872,15.2,-0.7431,-0.6691,C,57,24,24.93,0.57,188.1,8.31,0.424
872,15.2,-0.7431,-0.6691,D,66,32,30.95,0.66,217.8,7.22,0.512
873,15.3,-0.7604,-0.6494,A,36,12,13.54,0.36,118.8,10.4,0.249
873,15.3,-0.7604,-0.6494,B,44,13,14.16,0.44,145.2,9.88,0.291
873,15.3,-0.7604,-0.6494,C,55,21,20.89,0.55,181.5,8.62,0.391
873,15.3,-0.7604,-0.6494,D,63,33,29.17,0.63,207.9,8.36,0.496
874,15.4,-0.7771,-0.6293,A,44,15,16.64,0.44,145.2,9.73,0.306
874,15.4,-0.7771,-0.6293,B,44,14,16.32,0.44,145.2,9.64,0.301
874,15.4,-0.7771,-0.6293,C,61,28,27.33,0.61,201.3,8.46,0.464
874,15.4,-0.7771,-0.6293,D,71,34,31.4,0.71,234.3,7.57,0.543
875,15.5,-0.7934,-0.6088,A,41,13,14.87,0.41,135.3,9.68,0.28
875,15.5,-0.7934,-0.6088,B,42,11,12.08,0.42,138.6,9.35,0.268
875,15.5,-0.7934,-0.6088,C,67,30,29.75,0.67,221.1,6.88,0.506
875,15.5,-0.7934,-0.6088,D,67,35,34.35,0.67,221.1,7.97,0.539
876,15.6,-0.809,-0.5878,A,52,20,18.37,0.52,171.6,8.09,0.365
876,15.6,-0.809,-0.5878,B,50,18,19.55,0.5,165.0,8.18,0.353
876,15.6,-0.809,-0.5878,C,65,33,31.21,0.65,214.5,7.77,0.512
876,15.6,-0.809,-0.5878,D,72,35,31.67,0.72,237.6,7.08,0.552
877,15.7,-0.8241,-0.5664,A,45,20,18.03,0.45,148.5,9.77,0.333
877,15.7,-0.8241,-0.5664,B,58,23,22.0,0.58,191.4,8.35,0.415
877,15.7,-0.8241,-0.5664,C,61,26,24.9,0.61,201.3,8.64,0.448
877,15.7,-0.8241,-0.5664,D,70,35,31.0,0.7,231.0,7.24,0.541
878,15.8,-0.8387,-0.5446,A,45,16,18.37,0.45,148.5,8.04,0.32
878,15.8,-0.8387,-0.5446,B,52,20,21.29,0.52,171.6,8.77,0.375
878,15.8,-0.8387,-0.5446,C,62,29,28.59,0.62,204.6,7.59,0.476
878,15.8,-0.8387,-0.5446,D,85,54,50.08,0.85,280.5,5.57,0.738
879,15.9,-0.8526,-0.5225,A,39,14,13.56,0.39,128.7,9.29,0.27
879,15.9,-0.8526,-0.5225,B,56,24,23.46,0.56,184.8,8.26,0.414
879,15.9,-0.8526,-0.5225,C,68,29,26.4,0.68,224.4,7.45,0.495
879,15.9,-0.8526,-0.5225,D,81,49,46.54,0.81,267.3,5.67,0.691
880,16.0,-0.866,-0.5,A,48,18,16.95,0.48,158.4,9.33,0.336
880,16.0,-0.866,-0.5,B,59,25,25.31,0.59,194.7,8.54,0.437
880,16.0,-0.866,-0.5,C,76,45,42.56,0.76,250.8,6.67,0.641
880,16.0,-0.866,-0.5,D,93,69,61.54,0.93,306.9,4.42,0.865
881,16.1,-0.8788,-0.4772,A,54,20,20.79,0.54,178.2,8.01,0.382
881,16.1,-0.8788,-0.4772,B,66,34,31.32,0.66,217.8,7.77,0.52
881,16.1,-0.8788,-0.4772,C,70,34,33.46,0.7,231.0,8.35,0.546
881,16.1,-0.8788,-0.4772,D,81,48,43.07,0.81,267.3,5.62,0.676
882,16.2,-0.891,-0.454,A,61,28,27.61,0.61,201.3,8.09,0.465
882,16.2,-0.891,-0.454,B,63,30,28.3,0.63,207.9,7.92,0.483
882,16.2,-0.891,-0.454,C,69,32,31.93,0.69,227.7,7.36,0.529
882,16.2,-0.891,-0.454,D,92,66,57.56,0.92,303.6,5.58,0.837
883,16.3,-0.9026,-0.4305,A,51,18,19.13,0.51,168.3,8.47,0.356
883,16.3,-0.9026,-0.4305,B,72,37,32.54,0.72,237.6,5.95,0.562
883,16.3,-0.9026,-0.4305,C,78,47,44.37,0.78,257.4,6.59,0.663
883,16.3,-0.9026,-0.4305,D,99,78,69.08,0.99,326.7,4.0,0.949
884,16.4,-0.9135,-0.4067,A,60,25,24.18,0.6,198.0,8.2,0.438
884,16.4,-0.9135,-0.4067,B,82,47,43.82,0.82,270.6,5.97,0.68
884,16.4,-0.9135,-0.4067,C,85,53,48.33,0.85,280.5,5.65,0.729
884,16.4,-0.9135,-0.4067,D,102,82,71.07,1.0,336.6,4.0,0.974
885,16.5,-0.9239,-0.3827,A,54,21,20.73,0.54,178.2,8.71,0.386
885,16.5,-0.9239,-0.3827,B,74,42,36.83,0.74,244.2,6.85,0.603
885,16.5,-0.9239,-0.3827,C,88,62,55.88,0.88,290.4,5.13,0.799
885,16.5,-0.9239,-0.3827,D,106,89,77.94,1.0,349.8,4.66,1.0
886,16.6,-0.9336,-0.3584,A,53,21,19.42,0.53,174.9,9.42,0.377
886,16.6,-0.9336,-0.3584,B,72,38,35.87,0.72,237.6,7.3,0.577
886,16.6,-0.9336,-0.3584,C,97,75,67.93,0.97,320.1,4.56,0.925
886,16.6,-0.9336,-0.3584,D,98,76,66.8,0.98,323.4,4.39,0.93
887,16.7,-0.9426,-0.3338,A,59,27,25.29,0.59,194.7,8.34,0.444
887,16.7,-0.9426,-0.3338,B,82,49,45.66,0.82,270.6,5.8,0.693
887,16.7,-0.9426,-0.3338,C,96,73,65.97,0.96,316.8,4.82,0.907
887,16.7,-0.9426,-0.3338,D,113,88,79.41,1.0,372.9,5.12,1.0
888,16.8,-0.9511,-0.309,A,59,28,25.13,0.59,194.7,8.34,0.447
888,16.8,-0.9511,-0.309,B,72,36,33.71,0.72,237.6,6.52,0.562
888,16.8,-0.9511,-0.309,C,99,77,68.39,0.99,326.7,4.0,0.943
888,16.8,-0.9511,-0.309,D,114,89,79.88,1.0,376.2,4.0,1.0
889,16.9,-0.9588,-0.284,A,63,30,28.96,0.63,207.9,7.8,0.485
889,16.9,-0.9588,-0.284,B,86,58,53.18,0.86,283.8,5.84,0.767
889,16.9,-0.9588,-0.284,C,108,88,79.2,1.0,356.4,4.76,1.0
889,16.9,-0.9588,-0.284,D,121,95,82.34,1.0,399.3,4.0,1.0
890,17.0,-0.9659,-0.2588,A,55,23,24.54,0.55,181.5,9.19,0.41
890,17.0,-0.9659,-0.2588,B,88,61,55.31,0.88,290.4,5.09,0.794
890,17.0,-0.9659,-0.2588,C,98,78,69.49,0.98,323.4,4.95,0.946
890,17.0,-0.9659,-0.2588,D,128,102,91.59,1.0,422.4,4.18,1.0
891,17.1,-0.9724,-0.2334,A,68,35,32.46,0.68,224.4,6.99,0.537
891,17.1,-0.9724,-0.2334,B,96,74,67.23,0.96,316.8,4.17,0.915
891,17.1,-0.9724,-0.2334,C,106,85,75.1,1.0,349.8,4.0,0.998
891,17.1,-0.9724,-0.2334,D,120,95,85.72,1.0,396.0,4.0,1.0
892,17.2,-0.9781,-0.2079,A,75,40,36.41,0.75,247.5,6.01,0.599
892,17.2,-0.9781,-0.2079,B,90,60,54.13,0.9,297.0,5.03,0.795
892,17.2,-0.9781,-0.2079,C,109,86,76.37,1.0,359.7,4.0,1.0
892,17.2,-0.9781,-0.2079,D,134,105,92.35,1.0,442.2,4.04,1.0
893,17.3,-0.9833,-0.1822,A,60,29,28.61,0.6,198.0,8.31,0.467
893,17.3,-0.9833,-0.1822,B,95,71,61.67,0.95,313.5,4.15,0.882
893,17.3,-0.9833,-0.1822,C,107,88,76.33,1.0,353.1,4.32,1.0
893,17.3,-0.9833,-0.1822,D,134,106,93.25,1.0,442.2,4.12,1.0
894,17.4,-0.9877,-0.1564,A,76,44,42.29,0.76,250.8,6.6,0.637
894,17.4,-0.9877,-0.1564,B,89,61,53.21,0.89,293.7,5.95,0.791
894,17.4,-0.9877,-0.1564,C,121,99,88.06,1.0,399.3,4.55,1.0
894,17.4,-0.9877,-0.1564,D,135,105,91.87,1.0,445.5,4.49,1.0
895,17.5,-0.9914,-0.1305,A,77,42,37.95,0.77,254.1,6.42,0.62
895,17.5,-0.9914,-0.1305,B,89,62,57.56,0.89,293.7,5.5,0.809
895,17.5,-0.9914,-0.1305,C,117,91,80.06,1.0,386.1,4.54,1.0
895,17.5,-0.9914,-0.1305,D,126,102,89.26,1.0,415.8,4.56,1.0
896,17.6,-0.9945,-0.1045,A,75,44,41.99,0.75,247.5,6.31,0.631
896,17.6,-0.9945,-0.1045,B,93,63,56.25,0.93,306.9,5.11,0.826
896,17.6,-0.9945,-0.1045,C,122,97,85.54,1.0,402.6,4.0,1.0
896,17.6,-0.9945,-0.1045,D,133,107,94.93,1.0,438.9,4.0,1.0
897,17.7,-0.9969,-0.0785,A,77,43,39.07,0.77,254.1,5.77,0.627
897,17.7,-0.9969,-0.0785,B,91,63,56.56,0.91,300.3,5.57,0.819
897,17.7,-0.9969,-0.0785,C,112,90,80.37,1.0,369.6,4.0,1.0
897,17.7,-0.9969,-0.0785,D,146,115,102.28,1.0,481.8,4.52,1.0
898,17.8,-0.9986,-0.0523,A,88,61,56.35,0.88,290.4,5.52,0.797
898,17.8,-0.9986,-0.0523,B,104,82,72.89,1.0,343.2,4.94,0.98
898,17.8,-0.9986,-0.0523,C,121,95,81.75,1.0,399.3,4.48,1.0
898,17.8,-0.9986,-0.0523,D,131,107,93.97,1.0,432.3,4.4,1.0
899,17.9,-0.9997,-0.0262,A,87,58,52.29,0.87,287.1,5.85,0.769
899,17.9,-0.9997,-0.0262,B,100,76,65.61,1.0,330.0,4.0,0.935
899,17.9,-0.9997,-0.0262,C,118,94,82.92,1.0,389.4,4.28,1.0
899,17.9,-0.9997,-0.0262,D,145,117,101.53,1.0,478.5,4.0,1.0
900,18.0,-1.0,-0.0,A,83,55,48.43,0.83,273.9,5.41,0.727
900,18.0,-1.0,-0.0,B,97,76,66.63,0.97,320.1,4.78,0.925
900,18.0,-1.0,-0.0,C,128,101,88.61,1.0,422.4,4.65,1.0
900,18.0,-1.0,-0.0,D,146,117,103.33,1.0,481.8,4.0,1.0
901,18.1,-0.9997,0.0262,A,75,42,37.77,0.75,247.5,5.83,0.61
901,18.1,-0.9997,0.0262,B,96,74,66.45,0.96,316.8,4.25,0.913
901,18.1,-0.9997,0.0262,C,113,91,82.02,1.0,372.9,4.44,1.0
901,18.1,-0.9997,0.0262,D,137,108,94.1,1.0,452.1,4.0,1.0
902,18.2,-0.9986,0.0523,A,83,51,45.79,0.83,273.9,6.08,0.705
902,18.2,-0.9986,0.0523,B,99,79,71.17,0.99,326.7,4.0,0.959
902,18.2,-0.9986,0.0523,C,119,92,80.6,1.0,392.7,4.46,1.0
902,18.2,-0.9986,0.0523,D,145,119,103.09,1.0,478.5,4.1,1.0
903,18.3,-0.9969,0.0785,A,81,50,47.01,0.81,267.3,5.79,0.696
903,18.3,-0.9969,0.0785,B,104,83,74.1,1.0,343.2,4.24,0.988
903,18.3,-0.9969,0.0785,C,122,99,85.41,1.0,402.6,4.54,1.0
903,18.3,-0.9969,0.0785,D,141,110,96.46,1.0,465.3,4.66,1.0
904,18.4,-0.9945,0.1045,A,77,42,37.68,0.77,254.1,5.9,0.619
904,18.4,-0.9945,0.1045,B,95,71,62.94,0.95,313.5,5.06,0.886
904,18.4,-0.9945,0.1045,C,127,102,91.39,1.0,419.1,4.0,1.0
904,18.4,-0.9945,0.1045,D,132,105,90.34,1.0,435.6,4.28,1.0
905,18.5,-0.9914,0.1305,A,75,41,36.18,0.75,247.5,5.33,0.602
905,18.5,-0.9914,0.1305,B,93,65,59.99,0.93,306.9,5.87,0.846
905,18.5,-0.9914,0.1305,C,124,99,88.74,1.0,409.2,4.0,1.0
905,18.5,-0.9914,0.1305,D,132,101,88.54,1.0,435.6,4.24,1.0
906,18.6,-0.9877,0.1564,A,71,37,33.72,0.71,234.3,7.31,0.561
906,18.6,-0.9877,0.1564,B,94,67,59.5,0.94,310.2,4.67,0.856
906,18.6,-0.9877,0.1564,C,111,87,77.42,1.0,366.3,4.13,1.0
906,18.6,-0.9877,0.1564,D,129,100,86.08,1.0,425.7,5.1,1.0
907,18.7,-0.9833,0.1822,A,71,39,36.05,0.71,234.3,6.19,0.576
907,18.7,-0.9833,0.1822,B,87,57,53.01,0.87,287.1,5.37,0.768
907,18.7,-0.9833,0.1822,C,107,86,76.46,1.0,353.1,4.33,1.0
907,18.7,-0.9833,0.1822,D,132,104,91.5,1.0,435.6,4.0,1.0
908,18.8,-0.9781,0.2079,A,73,35,32.67,0.73,240.9,6.55,0.56
908,18.8,-0.9781,0.2079,B,101,81,70.16,1.0,333.3,4.06,0.967
908,18.8,-0.9781,0.2079,C,116,94,82.92,1.0,382.8,4.0,1.0
908,18.8,-0.9781,0.2079,D,129,101,89.03,1.0,425.7,4.08,1.0
909,18.9,-0.9724,0.2334,A,72,38,36.26,0.72,237.6,7.26,0.578
909,18.9,-0.9724,0.2334,B,88,64,57.78,0.88,290.4,4.86,0.813
909,18.9,-0.9724,0.2334,C,111,88,76.54,1.0,366.3,5.02,1.0
909,18.9,-0.9724,0.2334,D,125,104,90.98,1.0,412.5,4.23,1.0
910,19.0,-0.9659,0.2588,A,72,38,37.02,0.72,237.6,7.03,0.58
910,19.0,-0.9659,0.2588,B,76,43,41.52,0.76,250.8,7.23,0.631
910,19.0,-0.9659,0.2588,C,111,88,78.97,1.0,366.3,4.74,1.0
910,19.0,-0.9659,0.2588,D,120,91,78.78,1.0,396.0,4.75,1.0
911,19.1,-0.9588,0.284,A,73,38,36.99,0.73,240.9,6.41,0.585
911,19.1,-0.9588,0.284,B,77,45,43.09,0.77,254.1,5.97,0.648
911,19.1,-0.9588,0.284,C,106,87,77.16,1.0,349.8,4.28,1.0
911,19.1,-0.9588,0.284,D,115,95,85.35,1.0,379.5,4.69,1.0
912,19.2,-0.9511,0.309,A,67,34,33.61,0.67,221.1,7.38,0.533
912,19.2,-0.9511,0.309,B,81,49,45.8,0.81,267.3,5.52,0.689
912,19.2,-0.9511,0.309,C,97,74,65.9,0.97,320.1,4.05,0.915
912,19.2,-0.9511,0.309,D,112,87,76.01,1.0,369.6,4.74,1.0
913,19.3,-0.9426,0.3338,A,66,35,32.2,0.66,217.8,6.8,0.527
913,19.3,-0.9426,0.3338,B,82,49,43.29,0.82,270.6,6.26,0.685
913,19.3,-0.9426,0.3338,C,97,76,66.33,0.97,320.1,4.11,0.924
913,19.3,-0.9426,0.3338,D,114,89,78.68,1.0,376.2,4.34,1.0
914,19.4,-0.9336,0.3584,A,60,25,22.55,0.6,198.0,6.77,0.433
914,19.4,-0.9336,0.3584,B,72,37,33.9,0.72,237.6,6.85,0.566
914,19.4,-0.9336,0.3584,C,87,60,54.86,0.87,287.1,4.87,0.784
914,19.4,-0.9336,0.3584,D,97,75,65.19,0.97,320.1,4.5,0.916
915,19.5,-0.9239,0.3827,A,58,23,24.35,0.58,191.4,8.24,0.423
915,19.5,-0.9239,0.3827,B,74,44,40.62,0.74,244.2,6.45,0.622
915,19.5,-0.9239,0.3827,C,91,64,58.39,0.91,300.3,4.0,0.828
915,19.5,-0.9239,0.3827,D,101,79,69.98,1.0,333.3,5.22,0.96
916,19.6,-0.9135,0.4067,A,62,28,25.91,0.62,204.6,6.79,0.463
916,19.6,-0.9135,0.4067,B,71,35,34.73,0.71,234.3,7.63,0.558
916,19.6,-0.9135,0.4067,C,79,45,41.52,0.79,260.7,6.0,0.651
916,19.6,-0.9135,0.4067,D,100,79,71.83,1.0,330.0,4.24,0.966
917,19.7,-0.9026,0.4305,A,40,11,14.24,0.4,132.0,10.0,0.266
917,19.7,-0.9026,0.4305,B,62,31,29.63,0.62,204.6,9.34,0.486
917,19.7,-0.9026,0.4305,C,78,46,42.38,0.78,257.4,7.21,0.653
917,19.7,-0.9026,0.4305,D,98,76,66.72,0.98,323.4,4.0,0.929
918,19.8,-0.891,0.454,A,59,25,25.07,0.59,194.7,8.26,0.437
918,19.8,-0.891,0.454,B,60,27,27.05,0.6,198.0,8.44,0.455
918,19.8,-0.891,0.454,C,73,37,36.07,0.73,240.9,6.51,0.578
918,19.8,-0.891,0.454,D,90,60,55.19,0.9,297.0,5.27,0.799
919,19.9,-0.8788,0.4772,A,54,22,22.84,0.54,178.2,8.5,0.396
919,19.9,-0.8788,0.4772,B,58,23,24.44,0.58,191.4,8.96,0.423
919,19.9,-0.8788,0.4772,C,77,42,40.16,0.77,254.1,5.49,0.627
919,19.9,-0.8788,0.4772,D,89,58,51.61,0.89,293.7,4.6,0.776
920,20.0,-0.866,0.5,A,51,16,18.2,0.51,168.3,8.45,0.346
920,20.0,-0.866,0.5,B,57,24,25.12,0.57,188.1,8.69,0.424
920,20.0,-0.866,0.5,C,71,36,33.77,0.71,234.3,6.78,0.558
920,20.0,-0.866,0.5,D,95,68,60.72,0.95,313.5,4.84,0.868
921,20.1,-0.8526,0.5225,A,42,17,18.17,0.42,138.6,8.81,0.309
921,20.1,-0.8526,0.5225,B,55,20,18.09,0.55,181.5,7.7,0.378
921,20.1,-0.8526,0.5225,C,74,41,37.27,0.74,244.2,6.39,0.601
921,20.1,-0.8526,0.5225,D,79,49,43.83,0.79,260.7,5.83,0.673
922,20.2,-0.8387,0.5446,A,36,13,12.52,0.36,118.8,10.99,0.249
922,20.2,-0.8387,0.5446,B,52,18,16.95,0.52,171.6,8.96,0.354
922,20.2,-0.8387,0.5446,C,72,39,35.55,0.72,237.6,6.29,0.579
922,20.2,-0.8387,0.5446,D,80,47,44.21,0.8,264.0,6.81,0.672
923,20.3,-0.8241,0.5664,A,47,17,16.59,0.47,155.1,9.71,0.326
923,20.3,-0.8241,0.5664,B,56,22,21.97,0.56,184.8,8.52,0.402
923,20.3,-0.8241,0.5664,C,63,28,25.74,0.63,207.9,7.46,0.467
923,20.3,-0.8241,0.5664,D,74,37,33.56,0.74,244.2,7.03,0.574
924,20.4,-0.809,0.5878,A,41,15,15.32,0.41,135.3,10.13,0.288
924,20.4,-0.809,0.5878,B,53,20,20.44,0.53,174.9,8.52,0.377
924,20.4,-0.809,0.5878,C,67,31,31.24,0.67,221.1,6.65,0.514
924,20.4,-0.809,0.5878,D,72,36,32.67,0.72,237.6,7.38,0.559
925,20.5,-0.7934,0.6088,A,39,11,12.78,0.39,128.7,10.05,0.257
925,20.5,-0.7934,0.6088,B,45,17,16.37,0.45,148.5,9.69,0.317
925,20.5,-0.7934,0.6088,C,58,25,24.96,0.58,191.4,7.76,0.432
925,20.5,-0.7934,0.6088,D,70,34,30.61,0.7,231.0,7.43,0.536
926,20.6,-0.7771,0.6293,A,45,12,12.14,0.45,148.5,8.24,0.285
926,20.6,-0.7771,0.6293,B,44,17,18.31,0.44,145.2,9.43,0.319
926,20.6,-0.7771,0.6293,C,58,25,26.21,0.58,191.4,8.15,0.436
926,20.6,-0.7771,0.6293,D,61,24,24.77,0.61,201.3,7.28,0.441
927,20.7,-0.7604,0.6494,A,34,14,13.26,0.34,112.2,10.58,0.246
927,20.7,-0.7604,0.6494,B,47,15,15.94,0.47,155.1,10.13,0.317
927,20.7,-0.7604,0.6494,C,53,19,20.32,0.53,174.9,8.8,0.373
927,20.7,-0.7604,0.6494,D,58,23,24.38,0.58,191.4,8.19,0.423
928,20.8,-0.7431,0.6691,A,39,15,14.7,0.39,128.7,10.06,0.277
928,20.8,-0.7431,0.6691,B,38,8,11.03,0.38,125.4,9.86,0.236
928,20.8,-0.7431,0.6691,C,65,30,27.26,0.65,214.5,6.58,0.488
928,20.8,-0.7431,0.6691,D,66,34,32.98,0.66,217.8,7.54,0.526
929,20.9,-0.7254,0.6884,A,42,11,14.12,0.42,138.6,9.29,0.275
929,20.9,-0.7254,0.6884,B,46,14,16.39,0.46,151.8,9.57,0.311
929,20.9,-0.7254,0.6884,C,43,14,13.13,0.43,141.9,10.1,0.286
929,20.9,-0.7254,0.6884,D,62,28,28.52,0.62,204.6,7.65,0.472
930,21.0,-0.7071,0.7071,A,29,3,5.86,0.29,95.7,10.43,0.161
930,21.0,-0.7071,0.7071,B,43,14,16.58,0.43,141.9,9.59,0.298
930,21.0,-0.7071,0.7071,C,52,19,18.63,0.52,171.6,8.52,0.363
930,21.0,-0.7071,0.7071,D,65,31,29.99,0.65,214.5,7.9,0.501
931,21.1,-0.6884,0.7254,A,40,11,11.02,0.4,132.0,9.93,0.255
931,21.1,-0.6884,0.7254,B,40,13,14.12,0.4,132.0,10.29,0.273
931,21.1,-0.6884,0.7254,C,47,17,18.81,0.47,155.1,9.63,0.334
931,21.1,-0.6884,0.7254,D,65,32,31.72,0.65,214.5,7.55,0.51
932,21.2,-0.6691,0.7431,A,28,10,11.97,0.28,92.4,10.21,0.201
932,21.2,-0.6691,0.7431,B,48,15,16.05,0.48,158.4,8.39,0.322
932,21.2,-0.6691,0.7431,C,43,13,15.09,0.43,141.9,9.33,0.289
932,21.2,-0.6691,0.7431,D,59,27,26.97,0.59,194.7,8.0,0.45
933,21.3,-0.6494,0.7604,A,35,9,8.96,0.35,115.5,10.47,0.219
933,21.3,-0.6494,0.7604,B,40,13,15.24,0.4,132.0,8.93,0.276
933,21.3,-0.6494,0.7604,C,48,19,18.87,0.48,158.4,8.93,0.345
933,21.3,-0.6494,0.7604,D,59,26,23.89,0.59,194.7,9.0,0.436
934,21.4,-0.6293,0.7771,A,26,6,7.85,0.26,85.8,11.26,0.164
934,21.4,-0.6293,0.7771,B,47,17,16.2,0.47,155.1,8.95,0.325
934,21.4,-0.6293,0.7771,C,48,20,19.81,0.48,158.4,9.45,0.352
934,21.4,-0.6293,0.7771,D,60,29,28.14,0.6,198.0,8.22,0.465
935,21.5,-0.6088,0.7934,A,35,12,13.97,0.35,115.5,10.72,0.246
935,21.5,-0.6088,0.7934,B,45,14,15.77,0.45,148.5,8.29,0.304
935,21.5,-0.6088,0.7934,C,46,17,16.82,0.46,151.8,9.48,0.323
935,21.5,-0.6088,0.7934,D,59,26,27.06,0.59,194.7,7.64,0.447
936,21.6,-0.5878,0.809,A,34,11,11.18,0.34,112.2,10.61,0.229
936,21.6,-0.5878,0.809,B,44,14,13.15,0.44,145.2,9.97,0.291
936,21.6,-0.5878,0.809,C,40,12,14.06,0.4,132.0,10.03,0.269
936,21.6,-0.5878,0.809,D,56,22,22.79,0.56,184.8,8.93,0.405
937,21.7,-0.5664,0.8241,A,33,10,11.53,0.33,108.9,11.41,0.222
937,21.7,-0.5664,0.8241,B,43,15,17.55,0.43,141.9,9.4,0.305
937,21.7,-0.5664,0.8241,C,55,21,21.8,0.55,181.5,8.83,0.394
937,21.7,-0.5664,0.8241,D,64,29,25.89,0.64,211.2,8.17,0.476
938,21.8,-0.5446,0.8387,A,33,11,13.75,0.33,108.9,10.91,0.233
938,21.8,-0.5446,0.8387,B,41,11,13.02,0.41,135.3,10.1,0.266
938,21.8,-0.5446,0.8387,C,46,17,17.1,0.46,151.8,9.0,0.324
938,21.8,-0.5446,0.8387,D,54,19,19.82,0.54,178.2,8.96,0.376
939,21.9,-0.5225,0.8526,A,34,10,12.82,0.34,112.2,10.74,0.231
939,21.9,-0.5225,0.8526,B,43,13,14.76,0.43,141.9,9.63,0.288
939,21.9,-0.5225,0.8526,C,44,10,12.23,0.44,145.2,8.52,0.274
939,21.9,-0.5225,0.8526,D,50,17,15.89,0.5,165.0,8.36,0.337
940,22.0,-0.5,0.866,A,31,9,9.16,0.31,102.3,11.2,0.202
940,22.0,-0.5,0.866,B,29,6,9.9,0.29,95.7,11.08,0.185
940,22.0,-0.5,0.866,C,47,15,14.3,0.47,155.1,9.25,0.312
940,22.0,-0.5,0.866,D,52,18,17.55,0.52,171.6,8.96,0.356
941,22.1,-0.4772,0.8788,A,25,5,7.27,0.25,82.5,10.63,0.154
941,22.1,-0.4772,0.8788,B,39,11,14.01,0.39,128.7,9.66,0.261
941,22.1,-0.4772,0.8788,C,49,19,20.64,0.49,161.7,8.32,0.356
941,22.1,-0.4772,0.8788,D,59,26,27.08,0.59,194.7,7.67,0.447
942,22.2,-0.454,0.891,A,38,11,12.33,0.38,125.4,9.22,0.251
942,22.2,-0.454,0.891,B,31,3,6.55,0.31,102.3,10.91,0.172
942,22.2,-0.454,0.891,C,47,16,15.97,0.47,155.1,9.87,0.321
942,22.2,-0.454,0.891,D,49,17,16.94,0.49,161.7,9.06,0.336
943,22.3,-0.4305,0.9026,A,26,8,10.32,0.26,85.8,11.98,0.179
943,22.3,-0.4305,0.9026,B,41,12,11.87,0.41,135.3,10.35,0.266
943,22.3,-0.4305,0.9026,C,42,10,12.36,0.42,138.6,10.14,0.265
943,22.3,-0.4305,0.9026,D,58,26,26.23,0.58,191.4,8.54,0.439
944,22.4,-0.4067,0.9135,A,27,10,13.43,0.27,89.1,10.57,0.201
944,22.4,-0.4067,0.9135,B,39,14,16.6,0.39,128.7,9.54,0.28
944,22.4,-0.4067,0.9135,C,42,10,12.14,0.42,138.6,10.2,0.264
944,22.4,-0.4067,0.9135,D,51,17,15.9,0.51,168.3,8.47,0.342
945,22.5,-0.3827,0.9239,A,36,8,8.7,0.36,118.8,10.6,0.219
945,22.5,-0.3827,0.9239,B,31,11,13.38,0.31,102.3,11.04,0.223
945,22.5,-0.3827,0.9239,C,42,17,19.01,0.42,138.6,10.16,0.312
945,22.5,-0.3827,0.9239,D,44,15,16.89,0.44,145.2,10.47,0.307
946,22.6,-0.3584,0.9336,A,26,5,5.47,0.26,85.8,12.24,0.153
946,22.6,-0.3584,0.9336,B,40,14,13.11,0.4,132.0,9.21,0.273
946,22.6,-0.3584,0.9336,C,46,14,14.37,0.46,151.8,9.89,0.304
946,22.6,-0.3584,0.9336,D,55,21,20.8,0.55,181.5,8.68,0.39
947,22.7,-0.3338,0.9426,A,34,11,13.49,0.34,112.2,10.24,0.236
947,22.7,-0.3338,0.9426,B,35,13,13.33,0.35,115.5,10.76,0.247
947,22.7,-0.3338,0.9426,C,46,14,14.1,0.46,151.8,9.28,0.303
947,22.7,-0.3338,0.9426,D,51,20,19.43,0.51,168.3,8.09,0.364
948,22.8,-0.309,0.9511,A,34,7,7.34,0.34,112.2,10.07,0.202
948,22.8,-0.309,0.9511,B,38,10,9.77,0.38,125.4,9.94,0.239
948,22.8,-0.309,0.9511,C,43,18,19.62,0.43,141.9,10.23,0.322
948,22.8,-0.309,0.9511,D,49,16,15.81,0.49,161.7,8.29,0.329
949,22.9,-0.284,0.9588,A,36,11,12.98,0.36,118.8,9.94,0.244
949,22.9,-0.284,0.9588,B,37,9,10.31,0.37,122.1,10.49,0.232
949,22.9,-0.284,0.9588,C,50,19,19.89,0.5,165.0,8.58,0.358
949,22.9,-0.284,0.9588,D,54,20,20.88,0.54,178.2,8.57,0.383
950,23.0,-0.2588,0.9659,A,29,5,8.68,0.29,95.7,10.76,0.177
950,23.0,-0.2588,0.9659,B,37,6,7.94,0.37,122.1,9.88,0.214
950,23.0,-0.2588,0.9659,C,47,18,16.54,0.47,155.1,9.68,0.33
950,23.0,-0.2588,0.9659,D,58,23,24.03,0.58,191.4,8.03,0.422
951,23.1,-0.2334,0.9724,A,63,27,25.97,0.63,207.9,7.68,0.465
951,23.1,-0.2334,0.9724,B,70,34,33.34,0.7,231.0,6.38,0.545
951,23.1,-0.2334,0.9724,C,38,11,14.09,0.38,125.4,9.95,0.256
951,23.1,-0.2334,0.9724,D,49,19,18.11,0.49,161.7,9.47,0.347
952,23.2,-0.2079,0.9781,A,51,17,17.84,0.51,168.3,9.46,0.348
952,23.2,-0.2079,0.9781,B,65,26,24.83,0.65,214.5,7.57,0.466
952,23.2,-0.2079,0.9781,C,47,16,17.67,0.47,155.1,9.06,0.326
952,23.2,-0.2079,0.9781,D,46,20,19.87,0.46,151.8,9.84,0.343
953,23.3,-0.1822,0.9833,A,57,25,24.27,0.57,188.1,8.56,0.425
953,23.3,-0.1822,0.9833,B,65,29,29.21,0.65,214.5,7.11,0.491
953,23.3,-0.1822,0.9833,C,45,14,13.48,0.45,148.5,8.9,0.296
953,23.3,-0.1822,0.9833,D,52,17,15.87,0.52,171.6,9.49,0.346
954,23.4,-0.1564,0.9877,A,50,17,19.22,0.5,165.0,8.45,0.349
954,23.4,-0.1564,0.9877,B,56,23,23.39,0.56,184.8,8.94,0.41
954,23.4,-0.1564,0.9877,C,47,16,15.43,0.47,155.1,10.19,0.319
954,23.4,-0.1564,0.9877,D,56,22,20.57,0.56,184.8,8.52,0.398
955,23.5,-0.1305,0.9914,A,55,23,22.06,0.55,181.5,8.61,0.402
955,23.5,-0.1305,0.9914,B,69,33,32.88,0.69,227.7,7.43,0.536
955,23.5,-0.1305,0.9914,C,44,11,10.81,0.44,145.2,8.79,0.273
955,23.5,-0.1305,0.9914,D,58,26,23.14,0.58,191.4,8.01,0.429
956,23.6,-0.1045,0.9945,A,56,25,26.19,0.56,184.8,8.13,0.427
956,23.6,-0.1045,0.9945,B,63,28,27.27,0.63,207.9,8.25,0.472
956,23.6,-0.1045,0.9945,C,47,16,18.4,0.47,155.1,9.27,0.329
956,23.6,-0.1045,0.9945,D,53,21,22.7,0.53,174.9,9.15,0.388
957,23.7,-0.0785,0.9969,A,51,19,19.54,0.51,168.3,8.4,0.361
957,23.7,-0.0785,0.9969,B,65,33,30.55,0.65,214.5,6.75,0.51
957,23.7,-0.0785,0.9969,C,40,11,14.11,0.4,132.0,10.38,0.266
957,23.7,-0.0785,0.9969,D,56,21,21.96,0.56,184.8,9.54,0.399
958,23.8,-0.0523,0.9986,A,49,17,19.36,0.49,161.7,9.52,0.345
958,23.8,-0.0523,0.9986,B,58,23,22.32,0.58,191.4,7.81,0.416
958,23.8,-0.0523,0.9986,C,44,12,11.83,0.44,145.2,10.57,0.279
958,23.8,-0.0523,0.9986,D,55,21,21.5,0.55,181.5,8.22,0.393
959,23.9,-0.0262,0.9997,A,54,14,13.41,0.54,178.2,8.87,0.337
959,23.9,-0.0262,0.9997,B,67,32,31.44,0.67,221.1,6.89,0.518
959,23.9,-0.0262,0.9997,C,40,12,12.69,0.4,132.0,10.05,0.264
959,23.9,-0.0262,0.9997,D,45,14,14.63,0.45,148.5,10.1,0.3
960,0.0,0.0,1.0,A,30,9,10.91,0.3,99.0,11.3,0.203
960,0.0,0.0,1.0,B,30,4,8.36,0.3,99.0,11.66,0.177
960,0.0,0.0,1.0,C,46,17,17.6,0.46,151.8,8.74,0.325
960,0.0,0.0,1.0,D,51,21,20.66,0.51,168.3,8.56,0.372
961,0.1,0.0262,0.9997,A,39,12,13.27,0.39,128.7,10.28,0.262
961,0.1,0.0262,0.9997,B,33,12,12.82,0.33,108.9,10.29,0.233
961,0.1,0.0262,0.9997,C,50,19,19.34,0.5,165.0,8.59,0.356
961,0.1,0.0262,0.9997,D,52,22,21.55,0.52,171.6,7.7,0.383
962,0.2,0.0523,0.9986,A,28,9,11.52,0.28,92.4,10.47,0.196
962,0.2,0.0523,0.9986,B,35,9,9.98,0.35,115.5,10.38,0.222
962,0.2,0.0523,0.9986,C,47,16,15.85,0.47,155.1,9.22,0.32
962,0.2,0.0523,0.9986,D,53,20,20.69,0.53,174.9,8.04,0.377
963,0.3,0.0785,0.9969,A,21,3,6.4,0.21,69.3,11.22,0.126
963,0.3,0.0785,0.9969,B,37,10,12.42,0.37,122.1,10.59,0.243
963,0.3,0.0785,0.9969,C,55,22,21.04,0.55,181.5,8.33,0.395
963,0.3,0.0785,0.9969,D,61,29,25.85,0.61,201.3,7.85,0.462
964,0.4,0.1045,0.9945,A,15,7,8.4,0.15,49.5,13.27,0.12
964,0.4,0.1045,0.9945,B,41,11,11.84,0.41,135.3,10.05,0.262
964,0.4,0.1045,0.9945,C,48,18,18.91,0.48,158.4,8.62,0.342
964,0.4,0.1045,0.9945,D,52,18,19.2,0.52,171.6,8.63,0.361
965,0.5,0.1305,0.9914,A,32,7,9.72,0.32,105.6,10.22,0.201
965,0.5,0.1305,0.9914,B,36,8,10.6,0.36,118.8,9.8,0.225
965,0.5,0.1305,0.9914,C,41,14,15.78,0.41,135.3,10.49,0.286
965,0.5,0.1305,0.9914,D,56,22,20.65,0.56,184.8,8.25,0.398
966,0.6,0.1564,0.9877,A,35,9,11.6,0.35,115.5,10.02,0.228
966,0.6,0.1564,0.9877,B,31,6,8.67,0.31,102.3,10.92,0.189
966,0.6,0.1564,0.9877,C,49,15,17.09,0.49,161.7,9.52,0.33
966,0.6,0.1564,0.9877,D,52,20,19.62,0.52,171.6,8.18,0.369
967,0.7,0.1822,0.9833,A,32,11,12.33,0.32,105.6,10.66,0.224
967,0.7,0.1822,0.9833,B,40,13,14.55,0.4,132.0,9.33,0.274
967,0.7,0.1822,0.9833,C,42,8,11.64,0.42,138.6,9.53,0.256
967,0.7,0.1822,0.9833,D,53,21,20.07,0.53,174.9,8.84,0.379
968,0.8,0.2079,0.9781,A,33,11,11.53,0.33,108.9,11.73,0.225
968,0.8,0.2079,0.9781,B,41,15,17.08,0.41,135.3,9.86,0.294
968,0.8,0.2079,0.9781,C,46,16,16.55,0.46,151.8,9.97,0.318
968,0.8,0.2079,0.9781,D,50,15,15.78,0.5,165.0,8.99,0.33
969,0.9,0.2334,0.9724,A,31,6,7.44,0.31,102.3,11.21,0.185
969,0.9,0.2334,0.9724,B,40,14,15.94,0.4,132.0,10.19,0.282
969,0.9,0.2334,0.9724,C,47,16,15.37,0.47,155.1,9.25,0.319
969,0.9,0.2334,0.9724,D,55,20,20.16,0.55,181.5,8.58,0.385
970,1.0,0.2588,0.9659,A,35,9,9.52,0.35,115.5,10.74,0.221
970,1.0,0.2588,0.9659,B,37,11,13.54,0.37,122.1,10.46,0.25
970,1.0,0.2588,0.9659,C,47,15,16.22,0.47,155.1,9.47,0.318
970,1.0,0.2588,0.9659,D,49,17,16.88,0.49,161.7,8.55,0.336
971,1.1,0.284,0.9588,A,38,12,13.94,0.38,125.4,8.72,0.259
971,1.1,0.284,0.9588,B,43,16,15.92,0.43,141.9,9.56,0.303
971,1.1,0.284,0.9588,C,48,15,15.19,0.48,158.4,8.99,0.319
971,1.1,0.284,0.9588,D,56,22,21.24,0.56,184.8,8.47,0.4
972,1.2,0.309,0.9511,A,34,8,11.67,0.34,112.2,11.22,0.22
972,1.2,0.309,0.9511,B,36,11,10.42,0.36,118.8,11.29,0.235
972,1.2,0.309,0.9511,C,46,15,17.45,0.46,151.8,9.35,0.318
972,1.2,0.309,0.9511,D,51,21,22.3,0.51,168.3,8.93,0.377
973,1.3,0.3338,0.9426,A,33,9,10.65,0.33,108.9,10.62,0.216
973,1.3,0.3338,0.9426,B,41,13,13.6,0.41,135.3,9.78,0.275
973,1.3,0.3338,0.9426,C,35,10,12.15,0.35,115.5,9.94,0.233
973,1.3,0.3338,0.9426,D,50,15,14.28,0.5,165.0,9.26,0.325
974,1.4,0.3584,0.9336,A,26,7,7.84,0.26,85.8,11.66,0.168
974,1.4,0.3584,0.9336,B,30,7,8.28,0.3,99.0,10.2,0.187
974,1.4,0.3584,0.9336,C,46,16,17.1,0.46,151.8,10.04,0.32
974,1.4,0.3584,0.9336,D,47,17,18.59,0.47,155.1,9.87,0.333
975,1.5,0.3827,0.9239,A,32,11,11.6,0.32,105.6,10.37,0.221
975,1.5,0.3827,0.9239,B,40,13,15.34,0.4,132.0,10.29,0.277
975,1.5,0.3827,0.9239,C,38,11,10.75,0.38,125.4,10.44,0.245
975,1.5,0.3827,0.9239,D,53,18,20.04,0.53,174.9,8.93,0.368
976,1.6,0.4067,0.9135,A,29,8,10.18,0.29,95.7,11.43,0.192
976,1.6,0.4067,0.9135,B,41,16,18.16,0.41,135.3,10.26,0.301
976,1.6,0.4067,0.9135,C,50,18,18.01,0.5,165.0,8.25,0.348
976,1.6,0.4067,0.9135,D,50,19,20.99,0.5,165.0,9.61,0.361
977,1.7,0.4305,0.9026,A,29,7,8.92,0.29,95.7,10.96,0.185
977,1.7,0.4305,0.9026,B,35,9,9.07,0.35,115.5,10.26,0.219
977,1.7,0.4305,0.9026,C,49,17,18.16,0.49,161.7,9.87,0.341
977,1.7,0.4305,0.9026,D,56,24,23.54,0.56,184.8,8.59,0.414
978,1.8,0.454,0.891,A,32,8,9.97,0.32,105.6,11.05,0.205
978,1.8,0.454,0.891,B,36,14,16.38,0.36,118.8,10.81,0.266
978,1.8,0.454,0.891,C,47,19,21.08,0.47,155.1,8.23,0.348
978,1.8,0.454,0.891,D,48,16,18.5,0.48,158.4,9.44,0.334
979,1.9,0.4772,0.8788,A,26,2,3.8,0.26,85.8,11.03,0.137
979,1.9,0.4772,0.8788,B,38,12,11.95,0.38,125.4,9.87,0.253
979,1.9,0.4772,0.8788,C,48,15,14.12,0.48,158.4,9.02,0.316
979,1.9,0.4772,0.8788,D,52,22,20.06,0.52,171.6,8.32,0.378
980,2.0,0.5,0.866,A,27,6,6.12,0.27,89.1,12.13,0.163
980,2.0,0.5,0.866,B,31,10,12.37,0.31,102.3,10.63,0.216
980,2.0,0.5,0.866,C,50,16,18.36,0.5,165.0,8.88,0.342
980,2.0,0.5,0.866,D,49,17,17.62,0.49,161.7,7.51,0.339
981,2.1,0.5225,0.8526,A,34,7,9.53,0.34,112.2,10.1,0.209
981,2.1,0.5225,0.8526,B,38,7,8.91,0.38,125.4,10.01,0.225
981,2.1,0.5225,0.8526,C,44,16,14.66,0.44,145.2,10.25,0.303
981,2.1,0.5225,0.8526,D,51,19,18.15,0.51,168.3,9.68,0.356
982,2.2,0.5446,0.8387,A,40,9,12.65,0.4,132.0,10.68,0.254
982,2.2,0.5446,0.8387,B,42,9,11.9,0.42,138.6,9.73,0.26
982,2.2,0.5446,0.8387,C,45,15,15.58,0.45,148.5,9.61,0.307
982,2.2,0.5446,0.8387,D,50,21,20.83,0.5,165.0,8.63,0.368
983,2.3,0.5664,0.8241,A,30,7,8.6,0.3,99.0,10.96,0.188
983,2.3,0.5664,0.8241,B,41,11,13.39,0.41,135.3,10.25,0.268
983,2.3,0.5664,0.8241,C,47,17,15.59,0.47,155.1,10.27,0.323
983,2.3,0.5664,0.8241,D,49,17,19.22,0.49,161.7,8.7,0.344
984,2.4,0.5878,0.809,A,31,8,8.03,0.31,102.3,11.17,0.194
984,2.4,0.5878,0.809,B,44,15,14.27,0.44,145.2,9.61,0.298
984,2.4,0.5878,0.809,C,46,17,16.49,0.46,151.8,9.33,0.321
984,2.4,0.5878,0.809,D,56,22,23.1,0.56,184.8,9.04,0.406
985,2.5,0.6088,0.7934,A,25,6,8.7,0.25,82.5,11.27,0.162
985,2.5,0.6088,0.7934,B,31,8,9.73,0.31,102.3,10.14,0.2
985,2.5,0.6088,0.7934,C,37,11,13.09,0.37,122.1,9.81,0.249
985,2.5,0.6088,0.7934,D,58,25,25.1,0.58,191.4,8.67,0.432
986,2.6,0.6293,0.7771,A,30,8,8.29,0.3,99.0,11.71,0.191
986,2.6,0.6293,0.7771,B,32,10,10.06,0.32,105.6,10.96,0.213
986,2.6,0.6293,0.7771,C,41,12,12.76,0.41,135.3,10.49,0.269
986,2.6,0.6293,0.7771,D,52,18,19.51,0.52,171.6,8.11,0.362
987,2.7,0.6494,0.7604,A,24,4,4.66,0.24,79.2,11.6,0.138
987,2.7,0.6494,0.7604,B,36,14,15.63,0.36,118.8,10.17,0.263
987,2.7,0.6494,0.7604,C,48,19,18.66,0.48,158.4,9.0,0.345
987,2.7,0.6494,0.7604,D,45,15,17.49,0.45,148.5,9.96,0.313
988,2.8,0.6691,0.7431,A,35,7,7.77,0.35,115.5,10.0,0.208
988,2.8,0.6691,0.7431,B,38,13,13.39,0.38,125.4,10.24,0.261
988,2.8,0.6691,0.7431,C,40,9,11.47,0.4,132.0,10.38,0.25
988,2.8,0.6691,0.7431,D,53,18,18.34,0.53,174.9,8.46,0.363
989,2.9,0.6884,0.7254,A,24,5,6.06,0.24,79.2,10.73,0.146
989,2.9,0.6884,0.7254,B,30,6,6.12,0.3,99.0,10.74,0.176
989,2.9,0.6884,0.7254,C,45,15,16.44,0.45,148.5,9.62,0.31
989,2.9,0.6884,0.7254,D,55,21,19.6,0.55,181.5,8.5,0.386
990,3.0,0.7071,0.7071,A,25,5,5.92,0.25,82.5,10.46,0.15
990,3.0,0.7071,0.7071,B,34,4,6.98,0.34,112.2,10.01,0.19
990,3.0,0.7071,0.7071,C,52,20,18.86,0.52,171.6,8.42,0.367
990,3.0,0.7071,0.7071,D,53,21,21.85,0.53,174.9,8.83,0.385
991,3.1,0.7254,0.6884,A,28,6,8.41,0.28,92.4,11.58,0.175
991,3.1,0.7254,0.6884,B,31,6,8.72,0.31,102.3,10.99,0.19
991,3.1,0.7254,0.6884,C,37,13,13.89,0.37,122.1,9.83,0.258
991,3.1,0.7254,0.6884,D,46,16,16.13,0.46,151.8,10.59,0.317
992,3.2,0.7431,0.6691,A,19,5,6.69,0.19,62.7,11.16,0.125
992,3.2,0.7431,0.6691,B,36,11,13.72,0.36,118.8,9.74,0.246
992,3.2,0.7431,0.6691,C,46,18,20.02,0.46,151.8,9.58,0.337
992,3.2,0.7431,0.6691,D,52,17,18.0,0.52,171.6,8.43,0.354
993,3.3,0.7604,0.6494,A,36,7,8.17,0.36,118.8,9.65,0.214
993,3.3,0.7604,0.6494,B,40,14,15.14,0.4,132.0,10.57,0.279
993,3.3,0.7604,0.6494,C,44,14,14.06,0.44,145.2,9.63,0.294
993,3.3,0.7604,0.6494,D,56,21,19.93,0.56,184.8,8.6,0.392
994,3.4,0.7771,0.6293,A,25,4,4.92,0.25,82.5,11.78,0.143
994,3.4,0.7771,0.6293,B,31,12,11.69,0.31,102.3,9.97,0.22
994,3.4,0.7771,0.6293,C,47,17,15.54,0.47,155.1,8.99,0.323
994,3.4,0.7771,0.6293,D,51,20,21.61,0.51,168.3,9.34,0.372
995,3.5,0.7934,0.6088,A,28,4,5.14,0.28,92.4,11.36,0.157
995,3.5,0.7934,0.6088,B,27,7,9.12,0.27,89.1,11.17,0.176
995,3.5,0.7934,0.6088,C,42,15,17.36,0.42,138.6,10.12,0.299
995,3.5,0.7934,0.6088,D,55,19,19.86,0.55,181.5,8.69,0.38
996,3.6,0.809,0.5878,A,22,5,7.98,0.22,72.6,11.98,0.143
996,3.6,0.809,0.5878,B,28,9,8.82,0.28,92.4,10.97,0.187
996,3.6,0.809,0.5878,C,51,18,20.11,0.51,168.3,8.9,0.36
996,3.6,0.809,0.5878,D,53,22,20.7,0.53,174.9,9.38,0.384
997,3.7,0.8241,0.5664,A,25,6,9.59,0.25,82.5,12.1,0.165
997,3.7,0.8241,0.5664,B,30,7,10.92,0.3,99.0,10.72,0.196
997,3.7,0.8241,0.5664,C,41,12,13.21,0.41,135.3,9.24,0.271
997,3.7,0.8241,0.5664,D,52,18,17.05,0.52,171.6,9.5,0.354
998,3.8,0.8387,0.5446,A,33,5,8.16,0.33,108.9,12.03,0.193
998,3.8,0.8387,0.5446,B,29,8,7.87,0.29,95.7,11.31,0.185
998,3.8,0.8387,0.5446,C,55,23,24.53,0.55,181.5,9.16,0.41
998,3.8,0.8387,0.5446,D,54,18,18.15,0.54,178.2,8.2,0.367
999,3.9,0.8526,0.5225,A,28,5,8.68,0.28,92.4,11.03,0.172
999,3.9,0.8526,0.5225,B,33,10,12.57,0.33,108.9,11.29,0.225
999,3.9,0.8526,0.5225,C,46,16,14.78,0.46,151.8,9.14,0.312
999,3.9,0.8526,0.5225,D,46,17,17.69,0.46,151.8,9.36,0.325
1000,4.0,0.866,0.5,A,29,6,7.77,0.29,95.7,11.11,0.177
1000,4.0,0.866,0.5,B,39,14,15.98,0.39,128.7,10.53,0.278
1000,4.0,0.866,0.5,C,39,13,15.55,0.39,128.7,10.55,0.273
1000,4.0,0.866,0.5,D,56,23,22.87,0.56,184.8,7.84,0.409
1001,4.1,0.8788,0.4772,A,34,8,10.85,0.34,112.2,11.02,0.217
1001,4.1,0.8788,0.4772,B,33,5,5.89,0.33,108.9,10.93,0.186
1001,4.1,0.8788,0.4772,C,46,17,18.75,0.46,151.8,8.67,0.329
1001,4.1,0.8788,0.4772,D,54,19,21.04,0.54,178.2,7.86,0.38
1002,4.2,0.891,0.454,A,32,8,9.38,0.32,105.6,10.38,0.203
1002,4.2,0.891,0.454,B,38,10,12.94,0.38,125.4,10.06,0.249
1002,4.2,0.891,0.454,C,49,18,19.05,0.49,161.7,9.12,0.347
1002,4.2,0.891,0.454,D,55,24,23.34,0.55,181.5,9.48,0.409
1003,4.3,0.9026,0.4305,A,32,10,12.71,0.32,105.6,10.47,0.221
1003,4.3,0.9026,0.4305,B,40,10,11.83,0.4,132.0,10.28,0.254
1003,4.3,0.9026,0.4305,C,44,13,15.34,0.44,145.2,9.85,0.295
1003,4.3,0.9026,0.4305,D,56,22,20.05,0.56,184.8,8.78,0.396
1004,4.4,0.9135,0.4067,A,34,11,11.71,0.34,112.2,10.8,0.231
1004,4.4,0.9135,0.4067,B,37,10,12.47,0.37,122.1,10.27,0.243
1004,4.4,0.9135,0.4067,C,51,17,18.28,0.51,168.3,9.68,0.35
1004,4.4,0.9135,0.4067,D,54,18,19.24,0.54,178.2,8.95,0.37
1005,4.5,0.9239,0.3827,A,29,7,10.56,0.29,95.7,11.6,0.19
1005,4.5,0.9239,0.3827,B,39,11,12.38,0.39,128.7,10.59,0.255
1005,4.5,0.9239,0.3827,C,40,8,11.38,0.4,132.0,9.8,0.246
1005,4.5,0.9239,0.3827,D,55,24,24.48,0.55,181.5,8.76,0.413
1006,4.6,0.9336,0.3584,A,25,3,6.45,0.25,82.5,12.85,0.144
1006,4.6,0.9336,0.3584,B,38,13,13.14,0.38,125.4,10.55,0.26
1006,4.6,0.9336,0.3584,C,44,13,14.08,0.44,145.2,10.02,0.29
1006,4.6,0.9336,0.3584,D,45,15,15.22,0.45,148.5,9.17,0.306
1007,4.7,0.9426,0.3338,A,20,6,7.24,0.2,66.0,12.2,0.135
1007,4.7,0.9426,0.3338,B,39,14,13.4,0.39,128.7,10.14,0.269
1007,4.7,0.9426,0.3338,C,32,7,6.98,0.32,105.6,9.74,0.192
1007,4.7,0.9426,0.3338,D,50,19,17.49,0.5,165.0,9.11,0.35
1008,4.8,0.9511,0.309,A,28,3,5.37,0.28,92.4,11.01,0.154
1008,4.8,0.9511,0.309,B,46,16,16.92,0.46,151.8,9.92,0.319
1008,4.8,0.9511,0.309,C,45,14,13.84,0.45,148.5,9.88,0.298
1008,4.8,0.9511,0.309,D,54,18,17.36,0.54,178.2,8.68,0.364
1009,4.9,0.9588,0.284,A,38,8,9.56,0.38,125.4,10.79,0.231
1009,4.9,0.9588,0.284,B,30,7,7.05,0.3,99.0,10.91,0.183
1009,4.9,0.9588,0.284,C,46,15,15.1,0.46,151.8,9.78,0.31
1009,4.9,0.9588,0.284,D,59,27,25.08,0.59,194.7,8.31,0.444
1010,5.0,0.9659,0.2588,A,31,10,11.1,0.31,102.3,10.44,0.212
1010,5.0,0.9659,0.2588,B,39,9,8.95,0.39,128.7,9.53,0.237
1010,5.0,0.9659,0.2588,C,51,18,17.66,0.51,168.3,9.09,0.351
1010,5.0,0.9659,0.2588,D,52,20,18.96,0.52,171.6,8.16,0.367
1011,5.1,0.9724,0.2334,A,30,9,10.26,0.3,99.0,11.18,0.201
1011,5.1,0.9724,0.2334,B,39,11,12.98,0.39,128.7,10.49,0.257
1011,5.1,0.9724,0.2334,C,48,14,15.43,0.48,158.4,8.43,0.316
1011,5.1,0.9724,0.2334,D,51,20,19.08,0.51,168.3,9.8,0.363
1012,5.2,0.9781,0.2079,A,38,13,15.43,0.38,125.4,10.55,0.268
1012,5.2,0.9781,0.2079,B,42,12,12.65,0.42,138.6,10.66,0.273
1012,5.2,0.9781,0.2079,C,53,22,22.13,0.53,174.9,8.94,0.389
1012,5.2,0.9781,0.2079,D,57,26,23.96,0.57,188.1,8.47,0.427
1013,5.3,0.9833,0.1822,A,37,10,9.7,0.37,122.1,8.82,0.234
1013,5.3,0.9833,0.1822,B,51,17,16.33,0.51,168.3,9.41,0.343
1013,5.3,0.9833,0.1822,C,51,20,18.42,0.51,168.3,9.15,0.361
1013,5.3,0.9833,0.1822,D,53,22,22.72,0.53,174.9,8.63,0.391
1014,5.4,0.9877,0.1564,A,34,9,12.17,0.34,112.2,10.95,0.225
1014,5.4,0.9877,0.1564,B,42,17,15.73,0.42,138.6,9.78,0.301
1014,5.4,0.9877,0.1564,C,48,19,18.56,0.48,158.4,8.94,0.344
1014,5.4,0.9877,0.1564,D,56,22,22.6,0.56,184.8,8.85,0.404
1015,5.5,0.9914,0.1305,A,36,9,10.58,0.36,118.8,11.14,0.229
1015,5.5,0.9914,0.1305,B,43,14,13.2,0.43,141.9,9.03,0.286
1015,5.5,0.9914,0.1305,C,48,15,16.63,0.48,158.4,10.05,0.324
1015,5.5,0.9914,0.1305,D,62,26,26.04,0.62,204.6,7.87,0.457
1016,5.6,0.9945,0.1045,A,43,15,16.76,0.43,141.9,9.56,0.302
1016,5.6,0.9945,0.1045,B,44,14,14.79,0.44,145.2,9.36,0.296
1016,5.6,0.9945,0.1045,C,59,27,24.77,0.59,194.7,8.18,0.443
1016,5.6,0.9945,0.1045,D,60,27,25.48,0.6,198.0,7.91,0.449
1017,5.7,0.9969,0.0785,A,41,16,14.81,0.41,135.3,10.58,0.29
1017,5.7,0.9969,0.0785,B,43,15,14.91,0.43,141.9,9.12,0.296
1017,5.7,0.9969,0.0785,C,59,26,26.2,0.59,194.7,7.24,0.444
1017,5.7,0.9969,0.0785,D,66,30,27.66,0.66,217.8,7.72,0.494
1018,5.8,0.9986,0.0523,A,41,11,13.09,0.41,135.3,9.4,0.267
1018,5.8,0.9986,0.0523,B,56,17,17.81,0.56,184.8,8.55,0.371
1018,5.8,0.9986,0.0523,C,57,23,22.17,0.57,188.1,7.97,0.411
1018,5.8,0.9986,0.0523,D,64,30,28.43,0.64,211.2,8.15,0.488
1019,5.9,0.9997,0.0262,A,41,13,12.5,0.41,135.3,10.05,0.272
1019,5.9,0.9997,0.0262,B,55,21,20.78,0.55,181.5,8.14,0.39
1019,5.9,0.9997,0.0262,C,55,23,22.69,0.55,181.5,8.27,0.404
1019,5.9,0.9997,0.0262,D,79,47,41.25,0.79,260.7,6.19,0.658
1020,6.0,1.0,0.0,A,49,20,19.91,0.49,161.7,9.09,0.357
1020,6.0,1.0,0.0,B,52,22,22.09,0.52,171.6,9.45,0.385
1020,6.0,1.0,0.0,C,61,24,24.18,0.61,201.3,7.77,0.439
1020,6.0,1.0,0.0,D,73,40,38.69,0.73,240.9,6.07,0.597
1021,6.1,0.9997,-0.0262,A,43,12,13.02,0.43,141.9,10.29,0.279
1021,6.1,0.9997,-0.0262,B,52,18,16.56,0.52,171.6,8.74,0.352
1021,6.1,0.9997,-0.0262,C,64,28,27.67,0.64,211.2,7.95,0.478
1021,6.1,0.9997,-0.0262,D,70,33,31.45,0.7,231.0,7.5,0.535
1022,6.2,0.9986,-0.0523,A,43,18,17.65,0.43,141.9,9.82,0.315
1022,6.2,0.9986,-0.0523,B,56,19,19.01,0.56,184.8,7.79,0.382
1022,6.2,0.9986,-0.0523,C,68,32,29.51,0.68,224.4,7.23,0.516
1022,6.2,0.9986,-0.0523,D,74,41,36.96,0.74,244.2,5.97,0.6
1023,6.3,0.9969,-0.0785,A,34,9,9.73,0.34,112.2,10.22,0.217
1023,6.3,0.9969,-0.0785,B,60,26,24.97,0.6,198.0,9.1,0.444
1023,6.3,0.9969,-0.0785,C,57,23,22.12,0.57,188.1,10.03,0.411
1023,6.3,0.9969,-0.0785,D,82,53,47.56,0.82,270.6,6.42,0.713
1024,6.4,0.9945,-0.1045,A,41,10,11.65,0.41,135.3,10.39,0.258
1024,6.4,0.9945,-0.1045,B,60,27,26.79,0.6,198.0,8.2,0.454
1024,6.4,0.9945,-0.1045,C,74,41,39.7,0.74,244.2,6.83,0.609
1024,6.4,0.9945,-0.1045,D,86,53,48.14,0.86,283.8,5.33,0.733
1025,6.5,0.9914,-0.1305,A,45,17,18.31,0.45,148.5,9.01,0.323
1025,6.5,0.9914,-0.1305,B,58,21,19.25,0.58,191.4,7.43,0.399
1025,6.5,0.9914,-0.1305,C,73,42,40.22,0.73,240.9,5.59,0.61
1025,6.5,0.9914,-0.1305,D,91,60,54.49,0.91,300.3,5.15,0.801
1026,6.6,0.9877,-0.1564,A,54,19,18.25,0.54,178.2,8.65,0.37
1026,6.6,0.9877,-0.1564,B,65,27,24.24,0.65,214.5,8.47,0.468
1026,6.6,0.9877,-0.1564,C,81,51,44.81,0.81,267.3,5.54,0.692
1026,6.6,0.9877,-0.1564,D,110,88,79.03,1.0,363.0,4.0,1.0
1027,6.7,0.9833,-0.1822,A,52,21,22.3,0.52,171.6,9.05,0.382
1027,6.7,0.9833,-0.1822,B,68,33,31.44,0.68,224.4,6.88,0.526
1027,6.7,0.9833,-0.1822,C,87,56,51.11,0.87,287.1,5.45,0.758
1027,6.7,0.9833,-0.1822,D,96,69,63.63,0.96,316.8,4.53,0.886
1028,6.8,0.9781,-0.2079,A,56,24,23.56,0.56,184.8,8.97,0.415
1028,6.8,0.9781,-0.2079,B,69,34,33.12,0.69,227.7,7.47,0.54
1028,6.8,0.9781,-0.2079,C,75,41,39.6,0.75,247.5,5.03,0.613
1028,6.8,0.9781,-0.2079,D,105,81,71.15,1.0,346.5,4.59,0.971
1029,6.9,0.9724,-0.2334,A,60,27,27.26,0.6,198.0,8.21,0.455
1029,6.9,0.9724,-0.2334,B,67,33,30.6,0.67,221.1,6.75,0.519
1029,6.9,0.9724,-0.2334,C,90,63,57.65,0.9,297.0,5.35,0.818
1029,6.9,0.9724,-0.2334,D,108,84,73.36,1.0,356.4,4.0,0.989
1030,7.0,0.9659,-0.2588,A,62,26,24.19,0.62,204.6,8.35,0.451
1030,7.0,0.9659,-0.2588,B,81,47,43.13,0.81,267.3,6.69,0.673
1030,7.0,0.9659,-0.2588,C,98,79,70.97,0.98,323.4,4.24,0.954
1030,7.0,0.9659,-0.2588,D,105,80,69.69,1.0,346.5,4.0,0.962
1031,7.1,0.9588,-0.284,A,62,26,25.07,0.62,204.6,8.25,0.454
1031,7.1,0.9588,-0.284,B,84,54,49.02,0.84,277.2,5.13,0.73
1031,7.1,0.9588,-0.284,C,101,81,70.47,1.0,333.3,4.0,0.968
1031,7.1,0.9588,-0.284,D,116,94,82.17,1.0,382.8,4.27,1.0
1032,7.2,0.9511,-0.309,A,65,30,27.02,0.65,214.5,6.65,0.488
1032,7.2,0.9511,-0.309,B,79,48,44.94,0.79,260.7,6.4,0.673
1032,7.2,0.9511,-0.309,C,95,71,64.19,0.95,313.5,4.3,0.89
1032,7.2,0.9511,-0.309,D,115,91,79.22,1.0,379.5,4.64,1.0
1033,7.3,0.9426,-0.3338,A,62,25,24.57,0.62,204.6,7.77,0.448
1033,7.3,0.9426,-0.3338,B,85,56,49.65,0.85,280.5,5.68,0.744
1033,7.3,0.9426,-0.3338,C,106,83,72.51,1.0,349.8,4.57,0.982
1033,7.3,0.9426,-0.3338,D,122,99,88.4,1.0,402.6,4.0,1.0
1034,7.4,0.9336,-0.3584,A,65,30,26.87,0.65,214.5,7.74,0.487
1034,7.4,0.9336,-0.3584,B,87,57,51.6,0.87,287.1,6.06,0.763
1034,7.4,0.9336,-0.3584,C,101,79,70.08,1.0,333.3,4.97,0.96
1034,7.4,0.9336,-0.3584,D,110,88,78.22,1.0,363.0,4.43,1.0
1035,7.5,0.9239,-0.3827,A,73,40,36.66,0.73,240.9,8.54,0.591
1035,7.5,0.9239,-0.3827,B,90,63,58.16,0.9,297.0,4.65,0.819
1035,7.5,0.9239,-0.3827,C,103,84,74.9,1.0,339.9,4.0,0.994
1035,7.5,0.9239,-0.3827,D,130,104,92.88,1.0,429.0,4.83,1.0
1036,7.6,0.9135,-0.4067,A,74,41,35.93,0.74,244.2,6.54,0.596
1036,7.6,0.9135,-0.4067,B,89,63,56.42,0.89,293.7,5.16,0.809
1036,7.6,0.9135,-0.4067,C,107,87,76.31,1.0,353.1,4.08,1.0
1036,7.6,0.9135,-0.4067,D,131,103,92.35,1.0,432.3,4.53,1.0
1037,7.7,0.9026,-0.4305,A,80,48,42.16,0.8,264.0,6.58,0.669
1037,7.7,0.9026,-0.4305,B,92,64,56.09,0.92,303.6,4.03,0.825
1037,7.7,0.9026,-0.4305,C,106,85,74.64,1.0,349.8,4.05,0.996
1037,7.7,0.9026,-0.4305,D,138,111,96.27,1.0,455.4,4.0,1.0
1038,7.8,0.891,-0.454,A,72,38,33.84,0.72,237.6,6.32,0.57
1038,7.8,0.891,-0.454,B,87,58,54.19,0.87,287.1,5.65,0.775
1038,7.8,0.891,-0.454,C,105,85,74.56,1.0,346.5,4.0,0.996
1038,7.8,0.891,-0.454,D,124,99,86.69,1.0,409.2,5.17,1.0
1039,7.9,0.8788,-0.4772,A,73,39,37.29,0.73,240.9,6.95,0.589
1039,7.9,0.8788,-0.4772,B,90,61,56.1,0.9,297.0,5.04,0.806
1039,7.9,0.8788,-0.4772,C,105,84,75.98,1.0,346.5,4.58,0.997
1039,7.9,0.8788,-0.4772,D,135,107,95.38,1.0,445.5,4.09,1.0
1040,8.0,0.866,-0.5,A,70,34,31.96,0.7,231.0,7.28,0.541
1040,8.0,0.866,-0.5,B,100,83,75.41,1.0,330.0,4.0,0.992
1040,8.0,0.866,-0.5,C,110,87,78.6,1.0,363.0,4.0,1.0
1040,8.0,0.866,-0.5,D,139,114,100.99,1.0,458.7,4.4,1.0
1041,8.1,0.8526,-0.5225,A,74,42,37.87,0.74,244.2,6.14,0.606
1041,8.1,0.8526,-0.5225,B,101,77,67.06,1.0,333.3,5.07,0.943
1041,8.1,0.8526,-0.5225,C,120,95,84.95,1.0,396.0,4.0,1.0
1041,8.1,0.8526,-0.5225,D,130,106,92.75,1.0,429.0,4.0,1.0
1042,8.2,0.8387,-0.5446,A,74,44,39.36,0.74,244.2,5.96,0.618
1042,8.2,0.8387,-0.5446,B,93,67,59.95,0.93,306.9,4.46,0.853
1042,8.2,0.8387,-0.5446,C,116,94,83.81,1.0,382.8,5.04,1.0
1042,8.2,0.8387,-0.5446,D,124,95,84.14,1.0,409.2,5.03,1.0
1043,8.3,0.8241,-0.5664,A,68,31,29.86,0.68,224.4,7.51,0.514
1043,8.3,0.8241,-0.5664,B,96,74,67.22,0.96,316.8,4.52,0.915
1043,8.3,0.8241,-0.5664,C,119,95,84.02,1.0,392.7,4.0,1.0
1043,8.3,0.8241,-0.5664,D,133,104,90.83,1.0,438.9,4.13,1.0
1044,8.4,0.809,-0.5878,A,73,39,38.0,0.73,240.9,7.85,0.592
1044,8.4,0.809,-0.5878,B,95,72,62.48,0.95,313.5,4.18,0.888
1044,8.4,0.809,-0.5878,C,113,87,76.19,1.0,372.9,4.0,1.0
1044,8.4,0.809,-0.5878,D,126,100,86.71,1.0,415.8,4.06,1.0
1045,8.5,0.7934,-0.6088,A,68,36,34.82,0.68,224.4,7.26,0.548
1045,8.5,0.7934,-0.6088,B,83,54,49.3,0.83,273.9,6.48,0.727
1045,8.5,0.7934,-0.6088,C,111,88,76.11,1.0,366.3,4.0,1.0
1045,8.5,0.7934,-0.6088,D,128,102,90.15,1.0,422.4,4.0,1.0
1046,8.6,0.7771,-0.6293,A,66,29,28.1,0.66,217.8,7.54,0.492
1046,8.6,0.7771,-0.6293,B,89,59,52.24,0.89,293.7,5.85,0.781
1046,8.6,0.7771,-0.6293,C,111,88,77.63,1.0,366.3,4.0,1.0
1046,8.6,0.7771,-0.6293,D,117,94,84.79,1.0,386.1,4.29,1.0
1047,8.7,0.7604,-0.6494,A,61,27,24.72,0.61,201.3,8.32,0.451
1047,8.7,0.7604,-0.6494,B,80,51,47.01,0.8,264.0,6.72,0.695
1047,8.7,0.7604,-0.6494,C,107,84,74.53,1.0,353.1,4.23,0.992
1047,8.7,0.7604,-0.6494,D,118,93,80.64,1.0,389.4,4.0,1.0
1048,8.8,0.7431,-0.6691,A,64,31,30.48,0.64,211.2,8.14,0.498
1048,8.8,0.7431,-0.6691,B,90,61,53.04,0.9,297.0,4.82,0.795
1048,8.8,0.7431,-0.6691,C,96,70,63.83,0.96,316.8,5.21,0.89
1048,8.8,0.7431,-0.6691,D,113,93,83.96,1.0,372.9,4.01,1.0
1049,8.9,0.7254,-0.6884,A,66,31,29.84,0.66,217.8,7.72,0.505
1049,8.9,0.7254,-0.6884,B,85,52,45.48,0.85,280.5,5.42,0.716
1049,8.9,0.7254,-0.6884,C,97,74,66.85,0.97,320.1,4.94,0.918
1049,8.9,0.7254,-0.6884,D,110,86,74.16,1.0,363.0,4.63,0.998
1050,9.0,0.7071,-0.7071,A,59,27,25.09,0.59,194.7,8.4,0.444
1050,9.0,0.7071,-0.7071,B,83,52,46.13,0.83,273.9,5.01,0.709
1050,9.0,0.7071,-0.7071,C,91,66,60.43,0.91,300.3,5.61,0.842
1050,9.0,0.7071,-0.7071,D,107,84,74.86,1.0,353.1,4.0,0.994
1051,9.1,0.6884,-0.7254,A,61,32,31.56,0.61,201.3,7.99,0.492
1051,9.1,0.6884,-0.7254,B,80,48,43.22,0.8,264.0,5.65,0.672
1051,9.1,0.6884,-0.7254,C,81,48,43.42,0.81,267.3,6.19,0.677
1051,9.1,0.6884,-0.7254,D,110,86,75.44,1.0,363.0,4.0,1.0
1052,9.2,0.6691,-0.7431,A,59,25,24.81,0.59,194.7,7.79,0.436
1052,9.2,0.6691,-0.7431,B,69,34,33.24,0.69,227.7,6.4,0.54
1052,9.2,0.6691,-0.7431,C,89,62,55.77,0.89,293.7,5.1,0.803
1052,9.2,0.6691,-0.7431,D,104,84,74.56,1.0,343.2,4.0,0.993
1053,9.3,0.6494,-0.7604,A,53,22,22.32,0.53,174.9,8.79,0.39
1053,9.3,0.6494,-0.7604,B,67,31,28.21,0.67,221.1,8.08,0.504
1053,9.3,0.6494,-0.7604,C,89,61,54.14,0.89,293.7,4.81,0.794
1053,9.3,0.6494,-0.7604,D,93,67,57.96,0.93,306.9,5.08,0.846
1054,9.4,0.6293,-0.7771,A,56,25,22.76,0.56,184.8,8.46,0.415
1054,9.4,0.6293,-0.7771,B,67,28,28.39,0.67,221.1,7.38,0.494
1054,9.4,0.6293,-0.7771,C,76,41,36.34,0.76,250.8,6.76,0.607
1054,9.4,0.6293,-0.7771,D,99,75,67.35,0.99,326.7,4.52,0.933
1055,9.5,0.6088,-0.7934,A,48,19,20.36,0.48,158.4,9.83,0.35
1055,9.5,0.6088,-0.7934,B,60,26,26.98,0.6,198.0,7.8,0.451
1055,9.5,0.6088,-0.7934,C,73,39,37.64,0.73,240.9,5.8,0.59
1055,9.5,0.6088,-0.7934,D,94,65,57.65,0.94,310.2,4.87,0.843
1056,9.6,0.5878,-0.809,A,52,16,18.32,0.52,171.6,8.76,0.351
1056,9.6,0.5878,-0.809,B,66,31,28.36,0.66,217.8,8.08,0.5
1056,9.6,0.5878,-0.809,C,75,40,38.74,0.75,247.5,6.52,0.607
1056,9.6,0.5878,-0.809,D,86,54,48.56,0.86,283.8,5.39,0.738
1057,9.7,0.5664,-0.8241,A,45,18,18.03,0.45,148.5,10.55,0.326
1057,9.7,0.5664,-0.8241,B,65,30,29.79,0.65,214.5,7.97,0.497
1057,9.7,0.5664,-0.8241,C,62,29,26.83,0.62,204.6,8.52,0.47
1057,9.7,0.5664,-0.8241,D,75,41,38.15,0.75,247.5,6.57,0.608
1058,9.8,0.5446,-0.8387,A,48,16,14.75,0.48,158.4,8.72,0.321
1058,9.8,0.5446,-0.8387,B,55,24,23.89,0.55,181.5,8.39,0.411
1058,9.8,0.5446,-0.8387,C,64,32,31.98,0.64,211.2,7.35,0.507
1058,9.8,0.5446,-0.8387,D,86,58,52.61,0.86,283.8,5.45,0.765
1059,9.9,0.5225,-0.8526,A,40,15,14.64,0.4,132.0,10.36,0.281
1059,9.9,0.5225,-0.8526,B,61,31,28.18,0.61,201.3,7.97,0.477
1059,9.9,0.5225,-0.8526,C,63,30,28.12,0.63,207.9,7.95,0.482
1059,9.9,0.5225,-0.8526,D,81,51,46.49,0.81,267.3,6.05,0.698
1060,10.0,0.5,-0.866,A,39,12,11.48,0.39,128.7,9.67,0.256
1060,10.0,0.5,-0.866,B,41,13,14.49,0.41,135.3,10.44,0.278
1060,10.0,0.5,-0.866,C,66,30,27.16,0.66,217.8,7.01,0.493
1060,10.0,0.5,-0.866,D,68,31,30.06,0.68,224.4,7.61,0.515
1061,10.1,0.4772,-0.8788,A,44,14,16.34,0.44,145.2,9.64,0.301
1061,10.1,0.4772,-0.8788,B,51,21,21.34,0.51,168.3,9.67,0.374
1061,10.1,0.4772,-0.8788,C,61,24,22.94,0.61,201.3,8.5,0.435
1061,10.1,0.4772,-0.8788,D,58,23,20.8,0.58,191.4,7.8,0.411
1062,10.2,0.454,-0.891,A,41,12,13.13,0.41,135.3,9.74,0.27
1062,10.2,0.454,-0.891,B,44,14,13.11,0.44,145.2,9.48,0.291
1062,10.2,0.454,-0.891,C,64,29,27.99,0.64,211.2,7.03,0.483
1062,10.2,0.454,-0.891,D,70,38,33.65,0.7,231.0,6.86,0.56
1063,10.3,0.4305,-0.9026,A,37,13,15.4,0.37,122.1,9.72,0.263
1063,10.3,0.4305,-0.9026,B,41,14,13.82,0.41,135.3,10.24,0.28
1063,10.3,0.4305,-0.9026,C,57,22,22.59,0.57,188.1,8.29,0.409
1063,10.3,0.4305,-0.9026,D,68,34,31.06,0.68,224.4,7.11,0.529
1064,10.4,0.4067,-0.9135,A,34,4,4.66,0.34,112.2,9.22,0.183
1064,10.4,0.4067,-0.9135,B,43,16,15.34,0.43,141.9,10.37,0.301
1064,10.4,0.4067,-0.9135,C,51,17,16.17,0.51,168.3,9.5,0.343
1064,10.4,0.4067,-0.9135,D,71,33,32.69,0.71,234.3,6.58,0.544
1065,10.5,0.3827,-0.9239,A,35,11,11.51,0.35,115.5,10.24,0.234
1065,10.5,0.3827,-0.9239,B,46,17,15.95,0.46,151.8,9.69,0.32
1065,10.5,0.3827,-0.9239,C,53,22,20.68,0.53,174.9,7.88,0.384
1065,10.5,0.3827,-0.9239,D,70,35,33.41,0.7,231.0,6.4,0.549
1066,10.6,0.3584,-0.9336,A,33,8,7.87,0.33,108.9,11.04,0.203
1066,10.6,0.3584,-0.9336,B,49,18,19.41,0.49,161.7,8.95,0.348
1066,10.6,0.3584,-0.9336,C,48,22,19.88,0.48,158.4,8.2,0.359
1066,10.6,0.3584,-0.9336,D,67,31,30.08,0.67,221.1,8.07,0.51
1067,10.7,0.3338,-0.9426,A,40,13,14.49,0.4,132.0,10.89,0.274
1067,10.7,0.3338,-0.9426,B,45,12,12.46,0.45,148.5,8.81,0.286
1067,10.7,0.3338,-0.9426,C,47,17,15.5,0.47,155.1,9.62,0.323
1067,10.7,0.3338,-0.9426,D,60,28,27.49,0.6,198.0,8.31,0.46
1068,10.8,0.309,-0.9511,A,41,13,15.35,0.41,135.3,9.56,0.281
1068,10.8,0.309,-0.9511,B,36,10,13.04,0.36,118.8,9.63,0.24
1068,10.8,0.309,-0.9511,C,44,11,13.79,0.44,145.2,11.07,0.282
1068,10.8,0.309,-0.9511,D,64,29,28.38,0.64,211.2,8.23,0.484
1069,10.9,0.284,-0.9588,A,32,3,7.41,0.32,105.6,10.81,0.179
1069,10.9,0.284,-0.9588,B,40,10,12.31,0.4,132.0,10.79,0.256
1069,10.9,0.284,-0.9588,C,51,21,20.31,0.51,168.3,9.38,0.371
1069,10.9,0.284,-0.9588,D,57,21,19.33,0.57,188.1,9.17,0.394
1070,11.0,0.2588,-0.9659,A,27,1,3.84,0.27,89.1,11.38,0.138
1070,11.0,0.2588,-0.9659,B,44,13,12.17,0.44,145.2,10.39,0.284
1070,11.0,0.2588,-0.9659,C,50,20,21.38,0.5,165.0,8.51,0.366
1070,11.0,0.2588,-0.9659,D,57,24,22.8,0.57,188.1,8.3,0.417
1071,11.1,0.2334,-0.9724,A,51,16,14.81,0.51,168.3,8.83,0.335
1071,11.1,0.2334,-0.9724,B,63,30,29.08,0.63,207.9,8.51,0.485
1071,11.1,0.2334,-0.9724,C,42,12,14.08,0.42,138.6,9.63,0.278
1071,11.1,0.2334,-0.9724,D,56,19,17.82,0.56,184.8,8.4,0.378
1072,11.2,0.2079,-0.9781,A,57,27,24.81,0.57,188.1,9.45,0.434
1072,11.2,0.2079,-0.9781,B,61,25,23.85,0.61,201.3,7.85,0.442
1072,11.2,0.2079,-0.9781,C,40,14,16.29,0.4,132.0,9.8,0.283
1072,11.2,0.2079,-0.9781,D,50,18,16.46,0.5,165.0,8.53,0.343
1073,11.3,0.1822,-0.9833,A,53,17,17.36,0.53,174.9,7.86,0.356
1073,11.3,0.1822,-0.9833,B,65,33,30.31,0.65,214.5,9.18,0.509
1073,11.3,0.1822,-0.9833,C,47,19,18.48,0.47,155.1,8.59,0.34
1073,11.3,0.1822,-0.9833,D,50,20,19.32,0.5,165.0,9.17,0.359
1074,11.4,0.1564,-0.9877,A,59,25,25.28,0.59,194.7,8.9,0.437
1074,11.4,0.1564,-0.9877,B,52,20,19.02,0.52,171.6,9.29,0.367
1074,11.4,0.1564,-0.9877,C,49,12,11.59,0.49,161.7,8.88,0.301
1074,11.4,0.1564,-0.9877,D,55,24,23.27,0.55,181.5,8.34,0.409
1075,11.5,0.1305,-0.9914,A,53,22,23.53,0.53,174.9,8.91,0.394
1075,11.5,0.1305,-0.9914,B,65,32,30.22,0.65,214.5,7.57,0.505
1075,11.5,0.1305,-0.9914,C,34,6,7.44,0.34,112.2,9.38,0.199
1075,11.5,0.1305,-0.9914,D,61,28,27.2,0.61,201.3,7.79,0.463
1076,11.6,0.1045,-0.9945,A,51,18,17.91,0.51,168.3,9.41,0.352
1076,11.6,0.1045,-0.9945,B,62,24,24.37,0.62,204.6,8.11,0.444
1076,11.6,0.1045,-0.9945,C,40,12,13.51,0.4,132.0,9.1,0.267
1076,11.6,0.1045,-0.9945,D,59,25,25.26,0.59,194.7,7.71,0.437
1077,11.7,0.0785,-0.9969,A,49,16,18.33,0.49,161.7,9.36,0.338
1077,11.7,0.0785,-0.9969,B,68,34,30.36,0.68,224.4,6.85,0.526
1077,11.7,0.0785,-0.9969,C,42,9,11.5,0.42,138.6,10.2,0.259
1077,11.7,0.0785,-0.9969,D,58,24,24.52,0.58,191.4,7.69,0.427
1078,11.8,0.0523,-0.9986,A,57,23,20.76,0.57,188.1,8.61,0.406
1078,11.8,0.0523,-0.9986,B,68,36,34.73,0.68,224.4,6.8,0.548
1078,11.8,0.0523,-0.9986,C,44,16,17.34,0.44,145.2,9.9,0.312
1078,11.8,0.0523,-0.9986,D,64,30,27.21,0.64,211.2,6.77,0.484
1079,11.9,0.0262,-0.9997,A,56,24,23.31,0.56,184.8,8.34,0.414
1079,11.9,0.0262,-0.9997,B,68,32,30.96,0.68,224.4,7.1,0.521
1079,11.9,0.0262,-0.9997,C,36,10,11.37,0.36,118.8,11.57,0.235
1079,11.9,0.0262,-0.9997,D,54,22,23.67,0.54,178.2,7.83,0.399
1080,12.0,0.0,-1.0,A,30,10,13.46,0.3,99.0,10.48,0.215
1080,12.0,0.0,-1.0,B,40,9,10.03,0.4,132.0,9.51,0.245
1080,12.0,0.0,-1.0,C,47,19,17.3,0.47,155.1,9.13,0.336
1080,12.0,0.0,-1.0,D,55,22,20.6,0.55,181.5,7.78,0.393
1081,12.1,-0.0262,-0.9997,A,33,6,6.26,0.33,108.9,10.83,0.19
1081,12.1,-0.0262,-0.9997,B,27,8,10.55,0.27,89.1,11.21,0.185
1081,12.1,-0.0262,-0.9997,C,43,10,11.22,0.43,141.9,10.77,0.266
1081,12.1,-0.0262,-0.9997,D,53,19,19.53,0.53,174.9,8.78,0.37
1082,12.2,-0.0523,-0.9986,A,29,8,11.56,0.29,95.7,10.65,0.197
1082,12.2,-0.0523,-0.9986,B,32,11,12.36,0.32,105.6,11.09,0.224
1082,12.2,-0.0523,-0.9986,C,44,16,17.93,0.44,145.2,9.11,0.314
1082,12.2,-0.0523,-0.9986,D,55,21,19.83,0.55,181.5,8.66,0.387
1083,12.3,-0.0785,-0.9969,A,30,4,7.72,0.3,99.0,11.04,0.175
1083,12.3,-0.0785,-0.9969,B,32,10,13.24,0.32,105.6,10.98,0.223
1083,12.3,-0.0785,-0.9969,C,47,18,18.03,0.47,155.1,9.48,0.335
1083,12.3,-0.0785,-0.9969,D,49,17,17.91,0.49,161.7,8.93,0.34
1084,12.4,-0.1045,-0.9945,A,35,12,13.43,0.35,115.5,9.96,0.244
1084,12.4,-0.1045,-0.9945,B,41,14,16.45,0.41,135.3,9.78,0.288
1084,12.4,-0.1045,-0.9945,C,42,13,12.24,0.42,138.6,10.22,0.275
1084,12.4,-0.1045,-0.9945,D,46,19,20.02,0.46,151.8,9.98,0.34
1085,12.5,-0.1305,-0.9914,A,25,5,5.55,0.25,82.5,12.01,0.149
1085,12.5,-0.1305,-0.9914,B,39,13,14.71,0.39,128.7,10.38,0.27
1085,12.5,-0.1305,-0.9914,C,41,15,17.72,0.41,135.3,9.63,0.296
1085,12.5,-0.1305,-0.9914,D,49,18,20.18,0.49,161.7,10.26,0.351
1086,12.6,-0.1564,-0.9877,A,31,8,9.07,0.31,102.3,11.32,0.198
1086,12.6,-0.1564,-0.9877,B,35,11,11.7,0.35,115.5,10.49,0.235
1086,12.6,-0.1564,-0.9877,C,44,18,18.81,0.44,145.2,9.87,0.324
1086,12.6,-0.1564,-0.9877,D,52,17,19.09,0.52,171.6,9.24,0.357
1087,12.7,-0.1822,-0.9833,A,26,3,3.96,0.26,85.8,11.21,0.141
1087,12.7,-0.1822,-0.9833,B,40,13,15.27,0.4,132.0,9.91,0.276
1087,12.7,-0.1822,-0.9833,C,46,14,16.55,0.46,151.8,10.4,0.311
1087,12.7,-0.1822,-0.9833,D,55,26,23.24,0.55,181.5,8.5,0.416
1088,12.8,-0.2079,-0.9781,A,24,5,8.54,0.24,79.2,11.31,0.154
1088,12.8,-0.2079,-0.9781,B,29,10,11.42,0.29,95.7,10.87,0.204
1088,12.8,-0.2079,-0.9781,C,46,13,15.84,0.46,151.8,9.62,0.305
1088,12.8,-0.2079,-0.9781,D,48,19,17.44,0.48,158.4,9.03,0.341
1089,12.9,-0.2334,-0.9724,A,27,5,7.76,0.27,89.1,10.88,0.165
1089,12.9,-0.2334,-0.9724,B,39,11,13.2,0.39,128.7,10.32,0.258
1089,12.9,-0.2334,-0.9724,C,38,11,13.73,0.38,125.4,9.99,0.255
1089,12.9,-0.2334,-0.9724,D,58,21,21.61,0.58,191.4,8.52,0.407
1090,13.0,-0.2588,-0.9659,A,33,8,8.67,0.33,108.9,10.69,0.205
1090,13.0,-0.2588,-0.9659,B,31,9,9.62,0.31,102.3,10.51,0.203
1090,13.0,-0.2588,-0.9659,C,48,20,21.94,0.48,158.4,8.92,0.359
1090,13.0,-0.2588,-0.9659,D,58,24,22.27,0.58,191.4,8.03,0.419
1091,13.1,-0.284,-0.9588,A,23,10,11.8,0.23,75.9,11.92,0.178
1091,13.1,-0.284,-0.9588,B,37,13,13.33,0.37,122.1,10.37,0.256
1091,13.1,-0.284,-0.9588,C,39,7,8.06,0.39,128.7,10.78,0.227
1091,13.1,-0.284,-0.9588,D,45,19,18.56,0.45,148.5,10.05,0.331
1092,13.2,-0.309,-0.9511,A,34,6,6.63,0.34,112.2,10.55,0.196
1092,13.2,-0.309,-0.9511,B,37,10,11.25,0.37,122.1,10.37,0.239
1092,13.2,-0.309,-0.9511,C,47,16,15.92,0.47,155.1,9.26,0.321
1092,13.2,-0.309,-0.9511,D,57,26,23.88,0.57,188.1,8.94,0.427
1093,13.3,-0.3338,-0.9426,A,29,4,8.05,0.29,95.7,11.05,0.171
1093,13.3,-0.3338,-0.9426,B,34,12,11.43,0.34,112.2,11.1,0.233
1093,13.3,-0.3338,-0.9426,C,53,17,15.71,0.53,174.9,8.92,0.35
1093,13.3,-0.3338,-0.9426,D,48,14,15.04,0.48,158.4,9.26,0.315
1094,13.4,-0.3584,-0.9336,A,27,7,6.98,0.27,89.1,11.13,0.169
1094,13.4,-0.3584,-0.9336,B,32,7,9.45,0.32,105.6,11.21,0.2
1094,13.4,-0.3584,-0.9336,C,38,10,11.56,0.38,125.4,10.44,0.245
1094,13.4,-0.3584,-0.9336,D,54,20,21.17,0.54,178.2,9.1,0.384
1095,13.5,-0.3827,-0.9239,A,33,7,10.74,0.33,108.9,10.66,0.209
1095,13.5,-0.3827,-0.9239,B,36,13,12.75,0.36,118.8,10.87,0.25
1095,13.5,-0.3827,-0.9239,C,45,16,15.26,0.45,148.5,10.45,0.309
1095,13.5,-0.3827,-0.9239,D,59,23,23.65,0.59,194.7,8.95,0.425
1096,13.6,-0.4067,-0.9135,A,32,9,11.4,0.32,105.6,10.23,0.213
1096,13.6,-0.4067,-0.9135,B,41,18,19.1,0.41,135.3,10.58,0.311
1096,13.6,-0.4067,-0.9135,C,42,14,15.39,0.42,138.6,9.56,0.289
1096,13.6,-0.4067,-0.9135,D,44,15,16.09,0.44,145.2,9.44,0.304
1097,13.7,-0.4305,-0.9026,A,30,9,9.15,0.3,99.0,10.61,0.197
1097,13.7,-0.4305,-0.9026,B,45,13,15.41,0.45,148.5,9.27,0.299
1097,13.7,-0.4305,-0.9026,C,45,14,14.13,0.45,148.5,9.52,0.299
1097,13.7,-0.4305,-0.9026,D,47,16,16.04,0.47,155.1,9.53,0.321
1098,13.8,-0.454,-0.891,A,42,11,13.58,0.42,138.6,9.94,0.273
1098,13.8,-0.454,-0.891,B,37,12,11.55,0.37,122.1,10.75,0.247
1098,13.8,-0.454,-0.891,C,46,15,17.2,0.46,151.8,8.72,0.317
1098,13.8,-0.454,-0.891,D,55,22,22.59,0.55,181.5,8.26,0.4
1099,13.9,-0.4772,-0.8788,A,37,7,9.77,0.37,122.1,10.5,0.224
1099,13.9,-0.4772,-0.8788,B,43,14,16.84,0.43,141.9,9.35,0.299
1099,13.9,-0.4772,-0.8788,C,50,16,18.0,0.5,165.0,8.45,0.341
1099,13.9,-0.4772,-0.8788,D,57,23,21.07,0.57,188.1,8.64,0.407
1100,14.0,-0.5,-0.866,A,32,7,8.7,0.32,105.6,10.89,0.198
1100,14.0,-0.5,-0.866,B,36,11,11.16,0.36,118.8,10.81,0.238
1100,14.0,-0.5,-0.866,C,42,10,12.84,0.42,138.6,9.79,0.267
1100,14.0,-0.5,-0.866,D,44,13,12.7,0.44,145.2,9.37,0.286
1101,14.1,-0.5225,-0.8526,A,31,6,7.09,0.31,102.3,10.74,0.184
1101,14.1,-0.5225,-0.8526,B,35,10,13.42,0.35,115.5,9.59,0.237
1101,14.1,-0.5225,-0.8526,C,45,13,15.78,0.45,148.5,9.37,0.301
1101,14.1,-0.5225,-0.8526,D,58,23,23.4,0.58,191.4,8.37,0.42
1102,14.2,-0.5446,-0.8387,A,31,9,10.64,0.31,102.3,11.11,0.206
1102,14.2,-0.5446,-0.8387,B,34,13,12.15,0.34,112.2,11.1,0.239
1102,14.2,-0.5446,-0.8387,C,56,25,23.08,0.56,184.8,8.1,0.416
1102,14.2,-0.5446,-0.8387,D,50,20,21.38,0.5,165.0,9.79,0.366
1103,14.3,-0.5664,-0.8241,A,33,8,10.77,0.33,108.9,10.26,0.212
1103,14.3,-0.5664,-0.8241,B,38,9,9.41,0.38,125.4,9.58,0.234
1103,14.3,-0.5664,-0.8241,C,44,16,15.92,0.44,145.2,8.85,0.307
1103,14.3,-0.5664,-0.8241,D,46,16,17.86,0.46,151.8,8.1,0.323
1104,14.4,-0.5878,-0.809,A,34,10,9.9,0.34,112.2,10.43,0.221
1104,14.4,-0.5878,-0.809,B,40,13,15.55,0.4,132.0,10.64,0.277
1104,14.4,-0.5878,-0.809,C,54,22,20.63,0.54,178.2,8.89,0.389
1104,14.4,-0.5878,-0.809,D,53,18,17.56,0.53,174.9,8.54,0.36
1105,14.5,-0.6088,-0.7934,A,33,9,11.44,0.33,108.9,10.92,0.218
1105,14.5,-0.6088,-0.7934,B,40,12,14.82,0.4,132.0,10.46,0.271
1105,14.5,-0.6088,-0.7934,C,42,12,12.13,0.42,138.6,9.81,0.271
1105,14.5,-0.6088,-0.7934,D,66,34,29.99,0.66,217.8,8.02,0.516
1106,14.6,-0.6293,-0.7771,A,32,7,7.71,0.32,105.6,11.18,0.194
1106,14.6,-0.6293,-0.7771,B,50,15,16.31,0.5,165.0,9.39,0.332
1106,14.6,-0.6293,-0.7771,C,50,21,19.62,0.5,165.0,9.24,0.364
1106,14.6,-0.6293,-0.7771,D,58,23,21.15,0.58,191.4,7.84,0.412
1107,14.7,-0.6494,-0.7604,A,30,11,10.6,0.3,99.0,11.05,0.209
1107,14.7,-0.6494,-0.7604,B,46,13,13.21,0.46,151.8,8.76,0.297
1107,14.7,-0.6494,-0.7604,C,40,11,12.54,0.4,132.0,10.35,0.26
1107,14.7,-0.6494,-0.7604,D,63,29,29.01,0.63,207.9,6.83,0.482
1108,14.8,-0.6691,-0.7431,A,43,15,14.6,0.43,141.9,10.09,0.295
1108,14.8,-0.6691,-0.7431,B,48,16,16.86,0.48,158.4,9.3,0.328
1108,14.8,-0.6691,-0.7431,C,41,15,17.13,0.41,135.3,9.9,0.294
1108,14.8,-0.6691,-0.7431,D,58,26,23.27,0.58,191.4,7.83,0.43
1109,14.9,-0.6884,-0.7254,A,36,11,13.68,0.36,118.8,10.57,0.246
1109,14.9,-0.6884,-0.7254,B,38,12,14.12,0.38,125.4,11.07,0.26
1109,14.9,-0.6884,-0.7254,C,52,18,17.47,0.52,171.6,8.94,0.355
1109,14.9,-0.6884,-0.7254,D,60,27,25.25,0.6,198.0,7.91,0.449
1110,15.0,-0.7071,-0.7071,A,39,13,12.12,0.39,128.7,10.81,0.261
1110,15.0,-0.7071,-0.7071,B,45,15,16.18,0.45,148.5,8.79,0.309
1110,15.0,-0.7071,-0.7071,C,54,20,19.2,0.54,178.2,8.78,0.377
1110,15.0,-0.7071,-0.7071,D,55,23,24.07,0.55,181.5,8.45,0.408
1111,15.1,-0.7254,-0.6884,A,26,6,7.4,0.26,85.8,11.52,0.163
1111,15.1,-0.7254,-0.6884,B,37,9,9.41,0.37,122.1,10.77,0.229
1111,15.1,-0.7254,-0.6884,C,50,18,19.11,0.5,165.0,8.67,0.352
1111,15.1,-0.7254,-0.6884,D,79,47,41.31,0.79,260.7,6.06,0.658
1112,15.2,-0.7431,-0.6691,A,35,12,14.72,0.35,115.5,10.22,0.249
1112,15.2,-0.7431,-0.6691,B,47,17,15.58,0.47,155.1,9.78,0.323
1112,15.2,-0.7431,-0.6691,C,57,21,21.5,0.57,188.1,8.77,0.402
1112,15.2,-0.7431,-0.6691,D,69,37,34.75,0.69,227.7,7.53,0.556
1113,15.3,-0.7604,-0.6494,A,39,11,10.42,0.39,128.7,10.78,0.249
1113,15.3,-0.7604,-0.6494,B,43,13,12.31,0.43,141.9,9.67,0.28
1113,15.3,-0.7604,-0.6494,C,58,24,23.61,0.58,191.4,7.24,0.424
1113,15.3,-0.7604,-0.6494,D,66,31,28.14,0.66,217.8,6.61,0.499
1114,15.4,-0.7771,-0.6293,A,40,11,13.93,0.4,132.0,10.08,0.265
1114,15.4,-0.7771,-0.6293,B,51,19,20.27,0.51,168.3,8.56,0.364
1114,15.4,-0.7771,-0.6293,C,62,30,27.55,0.62,204.6,7.71,0.476
1114,15.4,-0.7771,-0.6293,D,71,37,32.46,0.71,234.3,6.9,0.557
1115,15.5,-0.7934,-0.6088,A,38,13,15.59,0.38,125.4,10.73,0.268
1115,15.5,-0.7934,-0.6088,B,56,21,22.17,0.56,184.8,8.36,0.399
1115,15.5,-0.7934,-0.6088,C,58,22,22.1,0.58,191.4,7.54,0.412
1115,15.5,-0.7934,-0.6088,D,70,36,31.92,0.7,231.0,6.61,0.547
1116,15.6,-0.809,-0.5878,A,46,16,14.79,0.46,151.8,9.19,0.312
1116,15.6,-0.809,-0.5878,B,58,23,24.23,0.58,191.4,8.06,0.422
1116,15.6,-0.809,-0.5878,C,60,26,24.96,0.6,198.0,8.34,0.444
1116,15.6,-0.809,-0.5878,D,76,45,39.73,0.76,250.8,6.48,0.632
1117,15.7,-0.8241,-0.5664,A,47,17,17.63,0.47,155.1,9.64,0.33
1117,15.7,-0.8241,-0.5664,B,62,29,26.68,0.62,204.6,6.89,0.469
1117,15.7,-0.8241,-0.5664,C,57,22,20.19,0.57,188.1,8.78,0.401
1117,15.7,-0.8241,-0.5664,D,73,42,37.4,0.73,240.9,6.45,0.6
1118,15.8,-0.8387,-0.5446,A,40,12,11.75,0.4,132.0,10.72,0.261
1118,15.8,-0.8387,-0.5446,B,63,28,28.25,0.63,207.9,7.02,0.476
1118,15.8,-0.8387,-0.5446,C,65,31,31.27,0.65,214.5,7.25,0.505
1118,15.8,-0.8387,-0.5446,D,89,64,55.76,0.89,293.7,4.36,0.81
1119,15.9,-0.8526,-0.5225,A,47,17,16.19,0.47,155.1,8.78,0.325
1119,15.9,-0.8526,-0.5225,B,59,25,24.84,0.59,194.7,8.13,0.436
1119,15.9,-0.8526,-0.5225,C,64,30,28.91,0.64,211.2,7.73,0.489
1119,15.9,-0.8526,-0.5225,D,78,49,46.23,0.78,257.4,6.65,0.677
1120,16.0,-0.866,-0.5,A,46,16,14.8,0.46,151.8,9.39,0.312
1120,16.0,-0.866,-0.5,B,66,30,28.09,0.66,217.8,7.95,0.496
1120,16.0,-0.866,-0.5,C,74,41,36.2,0.74,244.2,6.86,0.597
1120,16.0,-0.866,-0.5,D,86,54,47.09,0.86,283.8,4.84,0.733
1121,16.1,-0.8788,-0.4772,A,50,17,15.83,0.5,165.0,9.23,0.337
1121,16.1,-0.8788,-0.4772,B,61,31,28.1,0.61,201.3,8.47,0.477
1121,16.1,-0.8788,-0.4772,C,76,43,39.64,0.76,250.8,6.96,0.625
1121,16.1,-0.8788,-0.4772,D,92,65,56.52,0.92,303.6,4.68,0.83
1122,16.2,-0.891,-0.454,A,50,19,21.03,0.5,165.0,8.31,0.362
1122,16.2,-0.891,-0.454,B,67,29,29.59,0.67,221.1,7.36,0.502
1122,16.2,-0.891,-0.454,C,78,45,39.58,0.78,257.4,6.88,0.64
1122,16.2,-0.891,-0.454,D,97,75,65.1,0.97,320.1,4.07,0.916
1123,16.3,-0.9026,-0.4305,A,53,20,21.87,0.53,174.9,8.4,0.381
1123,16.3,-0.9026,-0.4305,B,70,34,32.97,0.7,231.0,6.85,0.544
1123,16.3,-0.9026,-0.4305,C,82,51,45.2,0.82,270.6,5.73,0.698
1123,16.3,-0.9026,-0.4305,D,85,58,52.52,0.85,280.5,6.13,0.761
1124,16.4,-0.9135,-0.4067,A,59,24,21.73,0.59,194.7,8.91,0.422
1124,16.4,-0.9135,-0.4067,B,69,35,34.03,0.69,227.7,7.02,0.546
1124,16.4,-0.9135,-0.4067,C,82,48,42.73,0.82,270.6,5.96,0.679
1124,16.4,-0.9135,-0.4067,D,100,80,71.96,1.0,330.0,4.07,0.97
1125,16.5,-0.9239,-0.3827,A,54,18,17.1,0.54,178.2,8.64,0.363
1125,16.5,-0.9239,-0.3827,B,75,41,39.29,0.75,247.5,6.97,0.612
1125,16.5,-0.9239,-0.3827,C,86,57,52.55,0.86,283.8,5.72,0.762
1125,16.5,-0.9239,-0.3827,D,103,81,73.31,1.0,339.9,4.0,0.978
1126,16.6,-0.9336,-0.3584,A,58,27,27.33,0.58,191.4,7.91,0.447
1126,16.6,-0.9336,-0.3584,B,71,31,29.43,0.71,234.3,6.78,0.526
1126,16.6,-0.9336,-0.3584,C,82,51,45.05,0.82,270.6,5.65,0.698
1126,16.6,-0.9336,-0.3584,D,112,94,84.54,1.0,369.6,4.21,1.0
1127,16.7,-0.9426,-0.3338,A,62,28,28.15,0.62,204.6,7.85,0.471
1127,16.7,-0.9426,-0.3338,B,79,46,41.94,0.79,260.7,6.44,0.656
1127,16.7,-0.9426,-0.3338,C,99,75,65.67,0.99,326.7,4.0,0.927
1127,16.7,-0.9426,-0.3338,D,102,78,71.24,1.0,336.6,4.39,0.96
1128,16.8,-0.9511,-0.309,A,62,24,21.81,0.62,204.6,8.65,0.436
1128,16.8,-0.9511,-0.309,B,82,49,42.72,0.82,270.6,5.33,0.683
1128,16.8,-0.9511,-0.309,C,99,79,68.4,0.99,326.7,4.48,0.95
1128,16.8,-0.9511,-0.309,D,112,90,78.92,1.0,369.6,4.0,1.0
1129,16.9,-0.9588,-0.284,A,68,34,33.89,0.68,224.4,7.03,0.538
1129,16.9,-0.9588,-0.284,B,89,56,52.54,0.89,293.7,5.19,0.772
1129,16.9,-0.9588,-0.284,C,98,79,68.2,0.98,323.4,4.54,0.945
1129,16.9,-0.9588,-0.284,D,117,90,77.59,1.0,386.1,4.21,1.0
1130,17.0,-0.9659,-0.2588,A,71,36,35.59,0.71,234.3,8.02,0.564
1130,17.0,-0.9659,-0.2588,B,92,69,61.33,0.92,303.6,5.11,0.86
1130,17.0,-0.9659,-0.2588,C,99,78,68.36,0.99,326.7,4.01,0.946
1130,17.0,-0.9659,-0.2588,D,120,96,84.26,1.0,396.0,4.38,1.0
1131,17.1,-0.9724,-0.2334,A,64,33,30.91,0.64,211.2,7.24,0.507
1131,17.1,-0.9724,-0.2334,B,86,55,47.88,0.86,283.8,4.95,0.739
1131,17.1,-0.9724,-0.2334,C,111,92,79.59,1.0,366.3,4.0,1.0
1131,17.1,-0.9724,-0.2334,D,129,102,88.99,1.0,425.7,4.0,1.0
1132,17.2,-0.9781,-0.2079,A,82,51,47.35,0.82,270.6,5.52,0.705
1132,17.2,-0.9781,-0.2079,B,85,53,50.05,0.85,280.5,4.92,0.735
1132,17.2,-0.9781,-0.2079,C,105,87,76.51,1.0,346.5,4.0,1.0
1132,17.2,-0.9781,-0.2079,D,125,99,86.33,1.0,412.5,4.8,1.0
1133,17.3,-0.9833,-0.1822,A,76,43,39.23,0.76,250.8,6.27,0.623
1133,17.3,-0.9833,-0.1822,B,93,66,57.22,0.93,306.9,4.86,0.84
1133,17.3,-0.9833,-0.1822,C,104,84,75.37,1.0,343.2,4.22,0.995
1133,17.3,-0.9833,-0.1822,D,137,110,96.94,1.0,452.1,4.0,1.0
1134,17.4,-0.9877,-0.1564,A,79,46,42.18,0.79,260.7,6.21,0.657
1134,17.4,-0.9877,-0.1564,B,95,70,61.23,0.95,313.5,4.14,0.877
1134,17.4,-0.9877,-0.1564,C,120,97,85.32,1.0,396.0,4.13,1.0
1134,17.4,-0.9877,-0.1564,D,128,102,90.86,1.0,422.4,4.0,1.0
1135,17.5,-0.9914,-0.1305,A,88,61,56.54,0.88,290.4,4.83,0.798
1135,17.5,-0.9914,-0.1305,B,97,78,70.1,0.97,320.1,4.06,0.943
1135,17.5,-0.9914,-0.1305,C,114,91,82.16,1.0,376.2,4.37,1.0
1135,17.5,-0.9914,-0.1305,D,138,109,93.82,1.0,455.4,4.24,1.0
1136,17.6,-0.9945,-0.1045,A,71,37,35.89,0.71,234.3,7.9,0.569
1136,17.6,-0.9945,-0.1045,B,95,68,59.77,0.95,313.5,5.21,0.865
1136,17.6,-0.9945,-0.1045,C,122,96,84.95,1.0,402.6,4.53,1.0
1136,17.6,-0.9945,-0.1045,D,133,106,92.86,1.0,438.9,4.02,1.0
1137,17.7,-0.9969,-0.0785,A,80,48,44.8,0.8,264.0,5.53,0.677
1137,17.7,-0.9969,-0.0785,B,97,74,64.2,0.97,320.1,5.14,0.91
1137,17.7,-0.9969,-0.0785,C,113,92,79.4,1.0,372.9,4.14,1.0
1137,17.7,-0.9969,-0.0785,D,142,115,102.29,1.0,468.6,4.0,1.0
1138,17.8,-0.9986,-0.0523,A,76,44,40.36,0.76,250.8,6.6,0.631
1138,17.8,-0.9986,-0.0523,B,97,75,66.14,0.97,320.1,4.78,0.919
1138,17.8,-0.9986,-0.0523,C,119,96,85.08,1.0,392.7,4.52,1.0
1138,17.8,-0.9986,-0.0523,D,147,118,104.93,1.0,485.1,4.68,1.0
1139,17.9,-0.9997,-0.0262,A,74,41,39.5,0.74,244.2,7.27,0.608
1139,17.9,-0.9997,-0.0262,B,104,80,71.52,1.0,343.2,4.0,0.968
1139,17.9,-0.9997,-0.0262,C,126,100,89.67,1.0,415.8,4.0,1.0
1139,17.9,-0.9997,-0.0262,D,143,115,102.7,1.0,471.9,4.21,1.0
1140,18.0,-1.0,-0.0,A,83,52,46.0,0.83,273.9,5.68,0.709
1140,18.0,-1.0,-0.0,B,98,79,70.57,0.98,323.4,4.0,0.953
1140,18.0,-1.0,-0.0,C,122,97,87.11,1.0,402.6,4.0,1.0
1140,18.0,-1.0,-0.0,D,130,106,92.63,1.0,429.0,4.79,1.0
1141,18.1,-0.9997,0.0262,A,71,35,31.69,0.71,234.3,7.94,0.548
1141,18.1,-0.9997,0.0262,B,97,76,67.1,0.97,320.1,4.82,0.926
1141,18.1,-0.9997,0.0262,C,126,100,88.52,1.0,415.8,5.25,1.0
1141,18.1,-0.9997,0.0262,D,138,110,97.7,1.0,455.4,4.6,1.0
1142,18.2,-0.9986,0.0523,A,77,44,39.9,0.77,254.1,7.09,0.633
1142,18.2,-0.9986,0.0523,B,100,81,70.94,1.0,330.0,4.13,0.97
1142,18.2,-0.9986,0.0523,C,116,95,83.69,1.0,382.8,4.0,1.0
1142,18.2,-0.9986,0.0523,D,143,114,100.02,1.0,471.9,4.0,1.0
1143,18.3,-0.9969,0.0785,A,79,45,41.98,0.79,260.7,6.3,0.653
1143,18.3,-0.9969,0.0785,B,106,84,74.74,1.0,349.8,4.0,0.993
1143,18.3,-0.9969,0.0785,C,122,100,88.86,1.0,402.6,4.99,1.0
1143,18.3,-0.9969,0.0785,D,135,107,92.6,1.0,445.5,4.06,1.0
1144,18.4,-0.9945,0.1045,A,75,43,39.42,0.75,247.5,6.67,0.619
1144,18.4,-0.9945,0.1045,B,101,79,71.83,1.0,333.3,4.0,0.966
1144,18.4,-0.9945,0.1045,C,125,96,84.44,1.0,412.5,4.0,1.0
1144,18.4,-0.9945,0.1045,D,134,109,94.75,1.0,442.2,4.65,1.0
1145,18.5,-0.9914,0.1305,A,79,47,44.63,0.79,260.7,5.96,0.669
1145,18.5,-0.9914,0.1305,B,92,65,56.26,0.92,303.6,5.13,0.829
1145,18.5,-0.9914,0.1305,C,113,92,80.86,1.0,372.9,4.75,1.0
1145,18.5,-0.9914,0.1305,D,133,107,94.42,1.0,438.9,4.01,1.0
1146,18.6,-0.9877,0.1564,A,66,32,29.17,0.66,217.8,7.02,0.506
1146,18.6,-0.9877,0.1564,B,104,83,73.6,1.0,343.2,4.61,0.986
1146,18.6,-0.9877,0.1564,C,119,94,82.6,1.0,392.7,4.49,1.0
1146,18.6,-0.9877,0.1564,D,130,107,94.39,1.0,429.0,5.0,1.0
1147,18.7,-0.9833,0.1822,A,69,37,32.59,0.69,227.7,7.04,0.549
1147,18.7,-0.9833,0.1822,B,93,66,58.6,0.93,306.9,4.95,0.845
1147,18.7,-0.9833,0.1822,C,111,87,77.56,1.0,366.3,4.0,1.0
1147,18.7,-0.9833,0.1822,D,124,99,88.36,1.0,409.2,4.54,1.0
1148,18.8,-0.9781,0.2079,A,71,38,37.15,0.71,234.3,7.19,0.576
1148,18.8,-0.9781,0.2079,B,92,67,58.28,0.92,303.6,5.31,0.843
1148,18.8,-0.9781,0.2079,C,97,74,67.26,0.97,320.1,4.37,0.92
1148,18.8,-0.9781,0.2079,D,123,95,82.98,1.0,405.9,4.0,1.0
1149,18.9,-0.9724,0.2334,A,68,33,31.61,0.68,224.4,7.28,0.527
1149,18.9,-0.9724,0.2334,B,92,64,58.72,0.92,303.6,4.7,0.834
1149,18.9,-0.9724,0.2334,C,105,84,73.56,1.0,346.5,4.85,0.989
1149,18.9,-0.9724,0.2334,D,126,105,93.12,1.0,415.8,4.0,1.0
1150,19.0,-0.9659,0.2588,A,71,40,36.95,0.71,234.3,6.56,0.583
1150,19.0,-0.9659,0.2588,B,93,67,60.04,0.93,306.9,4.31,0.853
1150,19.0,-0.9659,0.2588,C,101,77,67.07,1.0,333.3,4.0,0.943
1150,19.0,-0.9659,0.2588,D,122,94,81.12,1.0,402.6,4.13,1.0
1151,19.1,-0.9588,0.284,A,69,37,33.81,0.69,227.7,6.12,0.553
1151,19.1,-0.9588,0.284,B,82,51,45.83,0.82,270.6,6.09,0.7
1151,19.1,-0.9588,0.284,C,94,65,59.94,0.94,310.2,4.21,0.85
1151,19.1,-0.9588,0.284,D,120,94,81.95,1.0,396.0,4.0,1.0
1152,19.2,-0.9511,0.309,A,68,31,27.81,0.68,224.4,8.05,0.507
1152,19.2,-0.9511,0.309,B,74,39,34.48,0.74,244.2,6.61,0.584
1152,19.2,-0.9511,0.309,C,94,69,61.21,0.94,310.2,5.04,0.869
1152,19.2,-0.9511,0.309,D,106,80,70.26,1.0,349.8,5.46,0.964
1153,19.3,-0.9426,0.3338,A,64,28,28.32,0.64,211.2,8.1,0.48
1153,19.3,-0.9426,0.3338,B,82,47,44.03,0.82,270.6,6.55,0.68
1153,19.3,-0.9426,0.3338,C,92,67,60.05,0.92,303.6,4.84,0.849
1153,19.3,-0.9426,0.3338,D,105,81,73.43,1.0,346.5,4.0,0.978
1154,19.4,-0.9336,0.3584,A,62,26,26.66,0.62,204.6,8.07,0.459
1154,19.4,-0.9336,0.3584,B,73,40,37.84,0.73,240.9,6.69,0.595
1154,19.4,-0.9336,0.3584,C,96,73,66.5,0.96,316.8,4.61,0.909
1154,19.4,-0.9336,0.3584,D,103,81,70.04,1.0,339.9,4.33,0.967
1155,19.5,-0.9239,0.3827,A,56,25,22.68,0.56,184.8,8.73,0.415
1155,19.5,-0.9239,0.3827,B,75,39,34.21,0.75,247.5,6.74,0.588
1155,19.5,-0.9239,0.3827,C,89,64,58.0,0.89,293.7,5.1,0.818
1155,19.5,-0.9239,0.3827,D,108,90,81.23,1.0,356.4,4.6,1.0
1156,19.6,-0.9135,0.4067,A,56,24,22.59,0.56,184.8,9.11,0.411
1156,19.6,-0.9135,0.4067,B,61,29,27.58,0.61,201.3,7.85,0.468
1156,19.6,-0.9135,0.4067,C,86,57,52.75,0.86,283.8,5.88,0.762
1156,19.6,-0.9135,0.4067,D,100,78,70.67,1.0,330.0,4.03,0.959
1157,19.7,-0.9026,0.4305,A,49,17,15.91,0.49,161.7,9.36,0.333
1157,19.7,-0.9026,0.4305,B,64,28,28.19,0.64,211.2,7.99,0.48
1157,19.7,-0.9026,0.4305,C,85,53,48.01,0.85,280.5,5.25,0.728
1157,19.7,-0.9026,0.4305,D,101,82,70.84,1.0,333.3,4.0,0.973
1158,19.8,-0.891,0.454,A,52,20,19.73,0.52,171.6,8.38,0.37
1158,19.8,-0.891,0.454,B,66,32,29.14,0.66,217.8,7.47,0.506
1158,19.8,-0.891,0.454,C,76,46,42.71,0.76,250.8,6.42,0.645
1158,19.8,-0.891,0.454,D,84,55,50.01,0.84,277.2,6.66,0.737
1159,19.9,-0.8788,0.4772,A,50,23,20.62,0.5,165.0,8.86,0.374
1159,19.9,-0.8788,0.4772,B,57,23,22.13,0.57,188.1,8.8,0.411
1159,19.9,-0.8788,0.4772,C,84,52,46.24,0.84,277.2,4.86,0.714
1159,19.9,-0.8788,0.4772,D,85,54,50.57,0.85,280.5,5.75,0.74
1160,20.0,-0.866,0.5,A,46,16,16.35,0.46,151.8,9.86,0.318
1160,20.0,-0.866,0.5,B,52,21,20.71,0.52,171.6,9.4,0.377
1160,20.0,-0.866,0.5,C,68,34,33.44,0.68,224.4,6.99,0.536
1160,20.0,-0.866,0.5,D,84,53,49.52,0.84,277.2,6.14,0.729
1161,20.1,-0.8526,0.5225,A,47,17,15.7,0.47,155.1,9.57,0.323
1161,20.1,-0.8526,0.5225,B,56,22,21.46,0.56,184.8,8.91,0.401
1161,20.1,-0.8526,0.5225,C,67,31,29.99,0.67,221.1,5.6,0.51
1161,20.1,-0.8526,0.5225,D,88,59,52.8,0.88,290.4,4.7,0.778
1162,20.2,-0.8387,0.5446,A,45,15,14.36,0.45,148.5,9.53,0.303
1162,20.2,-0.8387,0.5446,B,53,19,18.13,0.53,174.9,8.22,0.365
1162,20.2,-0.8387,0.5446,C,70,40,35.31,0.7,231.0,7.81,0.573
1162,20.2,-0.8387,0.5446,D,79,47,41.54,0.79,260.7,6.26,0.658
1163,20.3,-0.8241,0.5664,A,46,21,18.94,0.46,151.8,9.5,0.344
1163,20.3,-0.8241,0.5664,B,56,23,23.01,0.56,184.8,8.17,0.409
1163,20.3,-0.8241,0.5664,C,56,23,22.68,0.56,184.8,8.24,0.408
1163,20.3,-0.8241,0.5664,D,75,41,39.45,0.75,247.5,6.56,0.613
1164,20.4,-0.809,0.5878,A,45,14,15.31,0.45,148.5,8.76,0.303
1164,20.4,-0.809,0.5878,B,51,20,18.94,0.51,168.3,9.05,0.363
1164,20.4,-0.809,0.5878,C,65,29,29.56,0.65,214.5,7.14,0.493
1164,20.4,-0.809,0.5878,D,77,40,38.41,0.77,254.1,5.76,0.615
1165,20.5,-0.7934,0.6088,A,42,16,15.7,0.42,138.6,9.89,0.297
1165,20.5,-0.7934,0.6088,B,52,20,21.28,0.52,171.6,9.04,0.375
1165,20.5,-0.7934,0.6088,C,58,26,26.96,0.58,191.4,8.2,0.442
1165,20.5,-0.7934,0.6088,D,71,38,36.35,0.71,234.3,7.96,0.574
1166,20.6,-0.7771,0.6293,A,40,14,16.16,0.4,132.0,9.46,0.283
1166,20.6,-0.7771,0.6293,B,45,19,17.9,0.45,148.5,9.15,0.329
1166,20.6,-0.7771,0.6293,C,54,24,24.58,0.54,178.2,8.67,0.409
1166,20.6,-0.7771,0.6293,D,67,33,31.9,0.67,221.1,7.46,0.523
1167,20.7,-0.7604,0.6494,A,32,10,12.98,0.32,105.6,10.53,0.222
1167,20.7,-0.7604,0.6494,B,54,22,23.6,0.54,178.2,8.84,0.399
1167,20.7,-0.7604,0.6494,C,56,23,22.24,0.56,184.8,8.29,0.407
1167,20.7,-0.7604,0.6494,D,64,29,28.13,0.64,211.2,8.09,0.483
1168,20.8,-0.7431,0.6691,A,42,15,14.48,0.42,138.6,9.56,0.29
1168,20.8,-0.7431,0.6691,B,38,11,13.87,0.38,125.4,10.82,0.256
1168,20.8,-0.7431,0.6691,C,60,25,23.14,0.6,198.0,7.93,0.435
1168,20.8,-0.7431,0.6691,D,71,36,33.21,0.71,234.3,6.71,0.556
1169,20.9,-0.7254,0.6884,A,35,10,12.14,0.35,115.5,10.94,0.233
1169,20.9,-0.7254,0.6884,B,50,17,17.8,0.5,165.0,9.3,0.344
1169,20.9,-0.7254,0.6884,C,54,22,22.15,0.54,178.2,8.21,0.394
1169,20.9,-0.7254,0.6884,D,68,34,29.94,0.68,224.4,7.4,0.525
1170,21.0,-0.7071,0.7071,A,33,10,11.32,0.33,108.9,10.82,0.221
1170,21.0,-0.7071,0.7071,B,45,19,18.71,0.45,148.5,9.17,0.331
1170,21.0,-0.7071,0.7071,C,48,13,15.02,0.48,158.4,9.9,0.312
1170,21.0,-0.7071,0.7071,D,61,25,24.08,0.61,201.3,8.95,0.442
1171,21.1,-0.6884,0.7254,A,35,12,14.74,0.35,115.5,10.7,0.249
1171,21.1,-0.6884,0.7254,B,51,16,18.54,0.51,168.3,8.75,0.347
1171,21.1,-0.6884,0.7254,C,60,27,25.07,0.6,198.0,7.47,0.448
1171,21.1,-0.6884,0.7254,D,54,20,20.07,0.54,178.2,9.58,0.38
1172,21.2,-0.6691,0.7431,A,40,13,12.41,0.4,132.0,10.16,0.267
1172,21.2,-0.6691,0.7431,B,48,14,14.54,0.48,158.4,9.81,0.313
1172,21.2,-0.6691,0.7431,C,51,19,19.11,0.51,168.3,8.95,0.36
1172,21.2,-0.6691,0.7431,D,52,21,21.29,0.52,171.6,9.23,0.378
1173,21.3,-0.6494,0.7604,A,37,9,10.98,0.37,122.1,10.29,0.235
1173,21.3,-0.6494,0.7604,B,35,12,11.2,0.35,115.5,10.85,0.237
1173,21.3,-0.6494,0.7604,C,42,13,15.55,0.42,138.6,10.02,0.286
1173,21.3,-0.6494,0.7604,D,54,19,20.91,0.54,178.2,7.97,0.379
1174,21.4,-0.6293,0.7771,A,31,8,8.08,0.31,102.3,11.99,0.194
1174,21.4,-0.6293,0.7771,B,41,15,13.99,0.41,135.3,9.35,0.284
1174,21.4,-0.6293,0.7771,C,50,19,21.09,0.5,165.0,8.93,0.362
1174,21.4,-0.6293,0.7771,D,59,28,25.34,0.59,194.7,7.85,0.448
1175,21.5,-0.6088,0.7934,A,29,6,7.92,0.29,95.7,10.34,0.178
1175,21.5,-0.6088,0.7934,B,41,14,14.64,0.41,135.3,9.33,0.282
1175,21.5,-0.6088,0.7934,C,48,15,15.82,0.48,158.4,9.44,0.321
1175,21.5,-0.6088,0.7934,D,59,24,23.23,0.59,194.7,7.97,0.427
1176,21.6,-0.5878,0.809,A,32,9,11.62,0.32,105.6,11.2,0.214
1176,21.6,-0.5878,0.809,B,41,14,16.43,0.41,135.3,9.51,0.288
1176,21.6,-0.5878,0.809,C,45,13,15.93,0.45,148.5,9.15,0.301
1176,21.6,-0.5878,0.809,D,60,22,21.66,0.6,198.0,8.72,0.419
1177,21.7,-0.5664,0.8241,A,25,4,7.1,0.25,82.5,11.66,0.15
1177,21.7,-0.5664,0.8241,B,40,13,13.07,0.4,132.0,9.82,0.269
1177,21.7,-0.5664,0.8241,C,51,18,18.12,0.51,168.3,8.7,0.353
1177,21.7,-0.5664,0.8241,D,53,23,24.54,0.53,174.9,8.65,0.401
1178,21.8,-0.5446,0.8387,A,33,9,11.64,0.33,108.9,10.59,0.219
1178,21.8,-0.5446,0.8387,B,42,15,17.74,0.42,138.6,10.25,0.301
1178,21.8,-0.5446,0.8387,C,44,17,17.68,0.44,145.2,9.02,0.316
1178,21.8,-0.5446,0.8387,D,52,18,18.5,0.52,171.6,8.47,0.359
1179,21.9,-0.5225,0.8526,A,27,5,5.63,0.27,89.1,11.95,0.158
1179,21.9,-0.5225,0.8526,B,30,10,10.85,0.3,99.0,12.11,0.206
1179,21.9,-0.5225,0.8526,C,50,19,18.54,0.5,165.0,8.9,0.353
1179,21.9,-0.5225,0.8526,D,52,19,17.77,0.52,171.6,8.27,0.36
1180,22.0,-0.5,0.866,A,24,5,8.2,0.24,79.2,11.57,0.153
1180,22.0,-0.5,0.866,B,36,11,10.75,0.36,118.8,10.79,0.236
1180,22.0,-0.5,0.866,C,51,22,21.59,0.51,168.3,9.4,0.378
1180,22.0,-0.5,0.866,D,53,19,18.47,0.53,174.9,8.01,0.367
1181,22.1,-0.4772,0.8788,A,31,8,11.2,0.31,102.3,11.39,0.205
1181,22.1,-0.4772,0.8788,B,42,16,18.27,0.42,138.6,10.18,0.306
1181,22.1,-0.4772,0.8788,C,46,17,15.48,0.46,151.8,9.42,0.318
1181,22.1,-0.4772,0.8788,D,52,16,16.2,0.52,171.6,7.75,0.344
1182,22.2,-0.454,0.891,A,29,9,12.07,0.29,95.7,11.06,0.202
1182,22.2,-0.454,0.891,B,42,16,17.43,0.42,138.6,9.64,0.303
1182,22.2,-0.454,0.891,C,42,13,13.11,0.42,138.6,9.6,0.278
1182,22.2,-0.454,0.891,D,50,20,21.82,0.5,165.0,8.35,0.368
1183,22.3,-0.4305,0.9026,A,32,9,11.79,0.32,105.6,10.47,0.215
1183,22.3,-0.4305,0.9026,B,45,17,19.07,0.45,148.5,9.28,0.326
1183,22.3,-0.4305,0.9026,C,44,14,16.07,0.44,145.2,9.64,0.301
1183,22.3,-0.4305,0.9026,D,59,26,25.26,0.59,194.7,8.27,0.441
1184,22.4,-0.4067,0.9135,A,21,5,6.47,0.21,69.3,11.72,0.134
1184,22.4,-0.4067,0.9135,B,44,9,11.26,0.44,145.2,8.65,0.267
1184,22.4,-0.4067,0.9135,C,40,12,13.23,0.4,132.0,10.4,0.266
1184,22.4,-0.4067,0.9135,D,60,25,26.02,0.6,198.0,8.28,0.444
1185,22.5,-0.3827,0.9239,A,35,10,10.49,0.35,115.5,10.9,0.227
1185,22.5,-0.3827,0.9239,B,41,9,11.28,0.41,135.3,9.18,0.254
1185,22.5,-0.3827,0.9239,C,46,15,13.92,0.46,151.8,9.69,0.306
1185,22.5,-0.3827,0.9239,D,48,17,18.73,0.48,158.4,9.69,0.338
1186,22.6,-0.3584,0.9336,A,28,8,11.2,0.28,92.4,10.98,0.191
1186,22.6,-0.3584,0.9336,B,31,11,10.47,0.31,102.3,11.11,0.213
1186,22.6,-0.3584,0.9336,C,48,14,14.33,0.48,158.4,9.55,0.313
1186,22.6,-0.3584,0.9336,D,58,23,23.07,0.58,191.4,8.04,0.418
1187,22.7,-0.3338,0.9426,A,24,5,6.56,0.24,79.2,11.22,0.147
1187,22.7,-0.3338,0.9426,B,36,13,14.35,0.36,118.8,10.52,0.255
1187,22.7,-0.3338,0.9426,C,44,15,15.49,0.44,145.2,10.4,0.302
1187,22.7,-0.3338,0.9426,D,57,25,24.86,0.57,188.1,8.8,0.427
1188,22.8,-0.309,0.9511,A,31,7,9.85,0.31,102.3,10.95,0.197
1188,22.8,-0.309,0.9511,B,46,17,15.77,0.46,151.8,10.07,0.319
1188,22.8,-0.309,0.9511,C,49,19,20.25,0.49,161.7,9.29,0.355
1188,22.8,-0.309,0.9511,D,48,19,18.11,0.48,158.4,8.82,0.343
1189,22.9,-0.284,0.9588,A,24,7,6.99,0.24,79.2,11.12,0.156
1189,22.9,-0.284,0.9588,B,38,12,15.08,0.38,125.4,10.3,0.263
1189,22.9,-0.284,0.9588,C,48,16,16.01,0.48,158.4,9.29,0.325
1189,22.9,-0.284,0.9588,D,53,20,19.35,0.53,174.9,8.37,0.373
1190,23.0,-0.2588,0.9659,A,28,10,12.24,0.28,92.4,11.32,0.202
1190,23.0,-0.2588,0.9659,B,37,10,12.39,0.37,122.1,10.63,0.243
1190,23.0,-0.2588,0.9659,C,44,14,14.18,0.44,145.2,8.99,0.294
1190,23.0,-0.2588,0.9659,D,51,23,22.54,0.51,168.3,8.9,0.385
1191,23.1,-0.2334,0.9724,A,52,20,21.5,0.52,171.6,8.91,0.376
1191,23.1,-0.2334,0.9724,B,65,30,28.13,0.65,214.5,7.68,0.491
1191,23.1,-0.2334,0.9724,C,48,13,13.26,0.48,158.4,8.53,0.306
1191,23.1,-0.2334,0.9724,D,58,25,23.11,0.58,191.4,8.72,0.426
1192,23.2,-0.2079,0.9781,A,59,24,22.95,0.59,194.7,9.21,0.426
1192,23.2,-0.2079,0.9781,B,64,27,25.85,0.64,211.2,7.18,0.469
1192,23.2,-0.2079,0.9781,C,41,11,10.6,0.41,135.3,9.36,0.258
1192,23.2,-0.2079,0.9781,D,47,16,17.75,0.47,155.1,9.56,0.327
1193,23.3,-0.1822,0.9833,A,57,26,23.86,0.57,188.1,8.82,0.427
1193,23.3,-0.1822,0.9833,B,52,23,24.46,0.52,171.6,9.18,0.396
1193,23.3,-0.1822,0.9833,C,42,15,16.59,0.42,138.6,10.19,0.297
1193,23.3,-0.1822,0.9833,D,56,21,19.08,0.56,184.8,8.83,0.389
1194,23.4,-0.1564,0.9877,A,60,25,22.76,0.6,198.0,7.9,0.433
1194,23.4,-0.1564,0.9877,B,58,25,23.22,0.58,191.4,8.52,0.426
1194,23.4,-0.1564,0.9877,C,38,11,11.48,0.38,125.4,11.05,0.248
1194,23.4,-0.1564,0.9877,D,53,20,21.71,0.53,174.9,8.45,0.381
1195,23.5,-0.1305,0.9914,A,58,24,25.37,0.58,191.4,7.33,0.43
1195,23.5,-0.1305,0.9914,B,63,28,25.81,0.63,207.9,7.97,0.468
1195,23.5,-0.1305,0.9914,C,43,17,16.26,0.43,141.9,10.35,0.307
1195,23.5,-0.1305,0.9914,D,56,22,20.59,0.56,184.8,8.12,0.398
1196,23.6,-0.1045,0.9945,A,61,26,25.95,0.61,201.3,7.76,0.452
1196,23.6,-0.1045,0.9945,B,60,24,23.04,0.6,198.0,7.83,0.431
1196,23.6,-0.1045,0.9945,C,45,15,16.9,0.45,148.5,9.09,0.311
1196,23.6,-0.1045,0.9945,D,53,22,23.07,0.53,174.9,8.26,0.392
1197,23.7,-0.0785,0.9969,A,46,16,16.51,0.46,151.8,8.15,0.318
1197,23.7,-0.0785,0.9969,B,63,29,26.62,0.63,207.9,7.85,0.474
1197,23.7,-0.0785,0.9969,C,52,21,19.41,0.52,171.6,9.2,0.372
1197,23.7,-0.0785,0.9969,D,51,16,15.09,0.51,168.3,9.09,0.336
1198,23.8,-0.0523,0.9986,A,67,35,32.09,0.67,221.1,7.06,0.531
1198,23.8,-0.0523,0.9986,B,63,29,25.9,0.63,207.9,7.19,0.471
1198,23.8,-0.0523,0.9986,C,40,15,15.35,0.4,132.0,9.99,0.284
1198,23.8,-0.0523,0.9986,D,59,25,24.62,0.59,194.7,9.04,0.435
1199,23.9,-0.0262,0.9997,A,57,26,25.56,0.57,188.1,8.93,0.433
1199,23.9,-0.0262,0.9997,B,54,21,20.5,0.54,178.2,8.29,0.385
1199,23.9,-0.0262,0.9997,C,45,17,18.37,0.45,148.5,9.49,0.323
1199,23.9,-0.0262,0.9997,D,50,18,16.43,0.5,165.0,9.16,0.343
1200,0.0,0.0,1.0,A,37,9,10.47,0.37,122.1,11.28,0.233
1200,0.0,0.0,1.0,B,35,11,10.96,0.35,115.5,10.07,0.233
1200,0.0,0.0,1.0,C,52,17,18.76,0.52,171.6,9.17,0.356
1200,0.0,0.0,1.0,D,56,21,19.72,0.56,184.8,8.28,0.391
1201,0.1,0.0262,0.9997,A,39,13,14.89,0.39,128.7,10.71,0.271
1201,0.1,0.0262,0.9997,B,40,10,10.32,0.4,132.0,9.75,0.249
1201,0.1,0.0262,0.9997,C,43,13,14.56,0.43,141.9,9.41,0.288
1201,0.1,0.0262,0.9997,D,50,15,17.11,0.5,165.0,9.12,0.335
1202,0.2,0.0523,0.9986,A,33,8,8.84,0.33,108.9,10.73,0.206
1202,0.2,0.0523,0.9986,B,26,3,5.16,0.26,85.8,11.55,0.145
1202,0.2,0.0523,0.9986,C,45,16,17.72,0.45,148.5,10.29,0.318
1202,0.2,0.0523,0.9986,D,41,16,18.01,0.41,135.3,9.59,0.301
1203,0.3,0.0785,0.9969,A,14,5,6.61,0.14,46.2,13.02,0.103
1203,0.3,0.0785,0.9969,B,34,11,14.1,0.34,112.2,10.91,0.238
1203,0.3,0.0785,0.9969,C,48,17,16.12,0.48,158.4,9.86,0.329
1203,0.3,0.0785,0.9969,D,55,24,24.51,0.55,181.5,8.1,0.413
1204,0.4,0.1045,0.9945,A,27,8,10.53,0.27,89.1,11.79,0.185
1204,0.4,0.1045,0.9945,B,33,13,13.71,0.33,108.9,10.23,0.24
1204,0.4,0.1045,0.9945,C,43,13,12.36,0.43,141.9,10.23,0.28
1204,0.4,0.1045,0.9945,D,54,24,22.03,0.54,178.2,8.48,0.4
1205,0.5,0.1305,0.9914,A,25,4,6.0,0.25,82.5,11.13,0.146
1205,0.5,0.1305,0.9914,B,32,10,9.82,0.32,105.6,11.51,0.212
1205,0.5,0.1305,0.9914,C,43,18,20.04,0.43,141.9,10.21,0.323
1205,0.5,0.1305,0.9914,D,48,15,17.36,0.48,158.4,9.58,0.326
1206,0.6,0.1564,0.9877,A,39,11,10.93,0.39,128.7,10.36,0.25
1206,0.6,0.1564,0.9877,B,30,8,9.3,0.3,99.0,9.96,0.194
1206,0.6,0.1564,0.9877,C,44,19,17.17,0.44,145.2,9.12,0.322
1206,0.6,0.1564,0.9877,D,60,24,22.28,0.6,198.0,7.92,0.428
1207,0.7,0.1822,0.9833,A,27,6,6.66,0.27,89.1,11.34,0.165
1207,0.7,0.1822,0.9833,B,34,9,10.13,0.34,112.2,9.89,0.218
1207,0.7,0.1822,0.9833,C,42,15,15.58,0.42,138.6,9.55,0.293
1207,0.7,0.1822,0.9833,D,60,27,25.59,0.6,198.0,8.6,0.45
1208,0.8,0.2079,0.9781,A,32,8,10.45,0.32,105.6,11.22,0.207
1208,0.8,0.2079,0.9781,B,37,9,12.17,0.37,122.1,10.24,0.239
1208,0.8,0.2079,0.9781,C,46,14,16.81,0.46,151.8,9.36,0.312
1208,0.8,0.2079,0.9781,D,48,18,16.77,0.48,158.4,8.85,0.335
1209,0.9,0.2334,0.9724,A,26,5,7.46,0.26,85.8,11.37,0.159
1209,0.9,0.2334,0.9724,B,42,13,15.24,0.42,138.6,9.47,0.285
1209,0.9,0.2334,0.9724,C,47,15,16.12,0.47,155.1,8.5,0.318
1209,0.9,0.2334,0.9724,D,53,21,19.81,0.53,174.9,8.7,0.378
1210,1.0,0.2588,0.9659,A,30,9,9.14,0.3,99.0,11.29,0.197
1210,1.0,0.2588,0.9659,B,37,13,13.08,0.37,122.1,10.17,0.256
1210,1.0,0.2588,0.9659,C,50,19,20.83,0.5,165.0,10.14,0.361
1210,1.0,0.2588,0.9659,D,51,18,17.42,0.51,168.3,8.79,0.351
1211,1.1,0.284,0.9588,A,26,10,13.45,0.26,85.8,11.31,0.197
1211,1.1,0.284,0.9588,B,32,7,9.82,0.32,105.6,10.85,0.201
1211,1.1,0.284,0.9588,C,49,20,20.22,0.49,161.7,9.55,0.358
1211,1.1,0.284,0.9588,D,45,13,14.81,0.45,148.5,9.37,0.297
1212,1.2,0.309,0.9511,A,28,6,9.37,0.28,92.4,11.75,0.178
1212,1.2,0.309,0.9511,B,44,11,13.11,0.44,145.2,8.89,0.28
1212,1.2,0.309,0.9511,C,45,18,20.18,0.45,148.5,9.46,0.333
1212,1.2,0.309,0.9511,D,54,21,20.9,0.54,178.2,9.29,0.386
1213,1.3,0.3338,0.9426,A,30,6,9.7,0.3,99.0,11.3,0.188
1213,1.3,0.3338,0.9426,B,40,11,11.28,0.4,132.0,9.48,0.256
1213,1.3,0.3338,0.9426,C,48,13,13.51,0.48,158.4,8.27,0.307
1213,1.3,0.3338,0.9426,D,60,25,25.82,0.6,198.0,7.91,0.444
1214,1.4,0.3584,0.9336,A,31,11,11.3,0.31,102.3,10.74,0.216
1214,1.4,0.3584,0.9336,B,37,9,10.81,0.37,122.1,10.53,0.234
1214,1.4,0.3584,0.9336,C,45,15,16.09,0.45,148.5,9.91,0.309
1214,1.4,0.3584,0.9336,D,52,19,18.1,0.52,171.6,8.98,0.361
1215,1.5,0.3827,0.9239,A,26,8,10.71,0.26,85.8,11.58,0.181
1215,1.5,0.3827,0.9239,B,39,10,11.15,0.39,128.7,9.32,0.248
1215,1.5,0.3827,0.9239,C,39,12,13.01,0.39,128.7,11.65,0.261
1215,1.5,0.3827,0.9239,D,57,23,21.47,0.57,188.1,9.01,0.409
1216,1.6,0.4067,0.9135,A,34,10,10.78,0.34,112.2,10.1,0.224
1216,1.6,0.4067,0.9135,B,39,13,15.7,0.39,128.7,9.96,0.273
1216,1.6,0.4067,0.9135,C,52,21,22.27,0.52,171.6,8.82,0.382
1216,1.6,0.4067,0.9135,D,55,18,16.59,0.55,181.5,9.27,0.366
1217,1.7,0.4305,0.9026,A,36,9,11.87,0.36,118.8,9.89,0.233
1217,1.7,0.4305,0.9026,B,37,11,12.34,0.37,122.1,10.27,0.246
1217,1.7,0.4305,0.9026,C,52,18,16.83,0.52,171.6,8.59,0.353
1217,1.7,0.4305,0.9026,D,51,19,20.46,0.51,168.3,8.96,0.364
1218,1.8,0.454,0.891,A,31,10,11.57,0.31,102.3,11.48,0.213
1218,1.8,0.454,0.891,B,35,12,14.47,0.35,115.5,9.95,0.248
1218,1.8,0.454,0.891,C,48,15,16.97,0.48,158.4,8.92,0.325
1218,1.8,0.454,0.891,D,49,18,17.82,0.49,161.7,8.99,0.343
1219,1.9,0.4772,0.8788,A,28,8,9.61,0.28,92.4,11.6,0.186
1219,1.9,0.4772,0.8788,B,38,7,10.42,0.38,125.4,10.41,0.23
1219,1.9,0.4772,0.8788,C,42,13,13.83,0.42,138.6,10.66,0.281
1219,1.9,0.4772,0.8788,D,59,25,23.37,0.59,194.7,8.33,0.431
1220,2.0,0.5,0.866,A,21,3,6.5,0.21,69.3,12.48,0.127
1220,2.0,0.5,0.866,B,40,13,12.91,0.4,132.0,9.97,0.269
1220,2.0,0.5,0.866,C,46,19,20.42,0.46,151.8,10.16,0.342
1220,2.0,0.5,0.866,D,51,19,20.25,0.51,168.3,9.06,0.364
1221,2.1,0.5225,0.8526,A,20,6,6.28,0.2,66.0,11.93,0.132
1221,2.1,0.5225,0.8526,B,27,5,7.28,0.27,89.1,11.01,0.163
1221,2.1,0.5225,0.8526,C,38,12,13.55,0.38,125.4,10.16,0.258
1221,2.1,0.5225,0.8526,D,56,28,26.5,0.56,184.8,8.1,0.438
1222,2.2,0.5446,0.8387,A,35,7,6.96,0.35,115.5,10.09,0.205
1222,2.2,0.5446,0.8387,B,34,11,13.04,0.34,112.2,10.75,0.235
1222,2.2,0.5446,0.8387,C,46,15,17.32,0.46,151.8,10.36,0.317
1222,2.2,0.5446,0.8387,D,44,17,16.66,0.44,145.2,9.52,0.313
1223,2.3,0.5664,0.8241,A,25,5,6.09,0.25,82.5,11.52,0.15
1223,2.3,0.5664,0.8241,B,47,15,15.24,0.47,155.1,8.61,0.315
1223,2.3,0.5664,0.8241,C,48,16,15.97,0.48,158.4,9.3,0.325
1223,2.3,0.5664,0.8241,D,52,23,21.73,0.52,171.6,8.34,0.387
1224,2.4,0.5878,0.809,A,32,5,9.17,0.32,105.6,11.13,0.192
1224,2.4,0.5878,0.809,B,37,10,11.11,0.37,122.1,10.45,0.239
1224,2.4,0.5878,0.809,C,46,20,18.38,0.46,151.8,10.43,0.338
1224,2.4,0.5878,0.809,D,47,16,18.32,0.47,155.1,8.87,0.329
1225,2.5,0.6088,0.7934,A,28,8,9.93,0.28,92.4,10.64,0.187
1225,2.5,0.6088,0.7934,B,43,14,15.31,0.43,141.9,9.33,0.294
1225,2.5,0.6088,0.7934,C,42,11,12.51,0.42,138.6,9.28,0.269
1225,2.5,0.6088,0.7934,D,48,18,18.8,0.48,158.4,9.21,0.342
1226,2.6,0.6293,0.7771,A,27,10,9.58,0.27,89.1,11.9,0.188
1226,2.6,0.6293,0.7771,B,43,14,16.56,0.43,141.9,9.21,0.298
1226,2.6,0.6293,0.7771,C,44,11,12.19,0.44,145.2,9.84,0.277
1226,2.6,0.6293,0.7771,D,54,20,18.29,0.54,178.2,9.28,0.374
1227,2.7,0.6494,0.7604,A,36,8,10.61,0.36,118.8,10.36,0.225
1227,2.7,0.6494,0.7604,B,39,13,12.65,0.39,128.7,11.18,0.263
1227,2.7,0.6494,0.7604,C,54,17,19.25,0.54,178.2,8.69,0.367
1227,2.7,0.6494,0.7604,D,52,16,15.37,0.52,171.6,8.96,0.341
1228,2.8,0.6691,0.7431,A,29,5,5.34,0.29,95.7,11.19,0.166
1228,2.8,0.6691,0.7431,B,37,13,12.53,0.37,122.1,10.66,0.254
1228,2.8,0.6691,0.7431,C,36,10,13.08,0.36,118.8,10.3,0.241
1228,2.8,0.6691,0.7431,D,46,16,17.92,0.46,151.8,10.71,0.323
1229,2.9,0.6884,0.7254,A,27,4,7.57,0.27,89.1,10.04,0.161
1229,2.9,0.6884,0.7254,B,40,12,14.63,0.4,132.0,10.15,0.271
1229,2.9,0.6884,0.7254,C,37,11,10.41,0.37,122.1,10.24,0.24
1229,2.9,0.6884,0.7254,D,62,29,29.6,0.62,204.6,8.36,0.479
1230,3.0,0.7071,0.7071,A,17,4,5.55,0.17,56.1,12.77,0.109
1230,3.0,0.7071,0.7071,B,37,8,8.91,0.37,122.1,9.94,0.224
1230,3.0,0.7071,0.7071,C,44,13,12.28,0.44,145.2,9.19,0.284
1230,3.0,0.7071,0.7071,D,58,25,26.15,0.58,191.4,7.55,0.436
1231,3.1,0.7254,0.6884,A,29,11,13.46,0.29,95.7,11.32,0.214
1231,3.1,0.7254,0.6884,B,38,12,12.4,0.38,125.4,10.02,0.254
1231,3.1,0.7254,0.6884,C,44,15,17.46,0.44,145.2,9.46,0.309
1231,3.1,0.7254,0.6884,D,45,15,15.95,0.45,148.5,9.62,0.308
1232,3.2,0.7431,0.6691,A,26,7,8.16,0.26,85.8,11.49,0.169
1232,3.2,0.7431,0.6691,B,34,8,11.35,0.34,112.2,10.2,0.219
1232,3.2,0.7431,0.6691,C,48,13,13.64,0.48,158.4,9.11,0.307
1232,3.2,0.7431,0.6691,D,49,19,18.45,0.49,161.7,9.02,0.348
1233,3.3,0.7604,0.6494,A,35,9,11.69,0.35,115.5,10.27,0.228
1233,3.3,0.7604,0.6494,B,43,14,14.01,0.43,141.9,10.37,0.289
1233,3.3,0.7604,0.6494,C,40,11,10.93,0.4,132.0,10.57,0.255
1233,3.3,0.7604,0.6494,D,53,19,17.72,0.53,174.9,8.74,0.364
1234,3.4,0.7771,0.6293,A,29,7,8.19,0.29,95.7,10.68,0.182
1234,3.4,0.7771,0.6293,B,34,11,11.9,0.34,112.2,10.79,0.231
1234,3.4,0.7771,0.6293,C,43,15,14.54,0.43,141.9,10.22,0.294
1234,3.4,0.7771,0.6293,D,45,18,17.25,0.45,148.5,8.95,0.323
1235,3.5,0.7934,0.6088,A,25,8,9.62,0.25,82.5,12.38,0.173
1235,3.5,0.7934,0.6088,B,40,13,14.94,0.4,132.0,9.75,0.275
1235,3.5,0.7934,0.6088,C,42,17,16.08,0.42,138.6,9.17,0.302
1235,3.5,0.7934,0.6088,D,53,16,17.48,0.53,174.9,7.99,0.353
1236,3.6,0.809,0.5878,A,32,7,8.25,0.32,105.6,11.52,0.196
1236,3.6,0.809,0.5878,B,36,7,8.49,0.36,118.8,10.87,0.215
1236,3.6,0.809,0.5878,C,48,13,13.38,0.48,158.4,9.5,0.306
1236,3.6,0.809,0.5878,D,59,24,22.29,0.59,194.7,7.74,0.424
1237,3.7,0.8241,0.5664,A,31,3,5.58,0.31,102.3,10.51,0.169
1237,3.7,0.8241,0.5664,B,40,12,12.4,0.4,132.0,10.21,0.263
1237,3.7,0.8241,0.5664,C,49,19,18.66,0.49,161.7,9.37,0.349
1237,3.7,0.8241,0.5664,D,54,22,22.38,0.54,178.2,8.94,0.395
1238,3.8,0.8387,0.5446,A,26,6,7.94,0.26,85.8,11.33,0.164
1238,3.8,0.8387,0.5446,B,37,7,9.69,0.37,122.1,10.67,0.223
1238,3.8,0.8387,0.5446,C,43,16,18.2,0.43,141.9,9.45,0.31
1238,3.8,0.8387,0.5446,D,56,20,21.25,0.56,184.8,7.89,0.393
1239,3.9,0.8526,0.5225,A,27,8,10.17,0.27,89.1,11.21,0.183
1239,3.9,0.8526,0.5225,B,32,10,10.21,0.32,105.6,11.44,0.213
1239,3.9,0.8526,0.5225,C,42,15,14.29,0.42,138.6,9.38,0.289
1239,3.9,0.8526,0.5225,D,52,18,19.71,0.52,171.6,8.14,0.363
1240,4.0,0.866,0.5,A,28,10,12.4,0.28,92.4,10.21,0.202
1240,4.0,0.866,0.5,B,41,14,15.38,0.41,135.3,10.47,0.285
1240,4.0,0.866,0.5,C,52,21,20.39,0.52,171.6,8.66,0.375
1240,4.0,0.866,0.5,D,56,23,22.05,0.56,184.8,7.95,0.406
1241,4.1,0.8788,0.4772,A,29,10,12.17,0.29,95.7,10.56,0.206
1241,4.1,0.8788,0.4772,B,34,12,13.83,0.34,112.2,9.79,0.241
1241,4.1,0.8788,0.4772,C,46,16,17.36,0.46,151.8,9.33,0.321
1241,4.1,0.8788,0.4772,D,51,19,19.23,0.51,168.3,8.36,0.36
1242,4.2,0.891,0.454,A,37,12,15.09,0.37,122.1,9.67,0.259
1242,4.2,0.891,0.454,B,34,10,11.71,0.34,112.2,9.93,0.227
1242,4.2,0.891,0.454,C,48,15,16.68,0.48,158.4,9.19,0.324
1242,4.2,0.891,0.454,D,51,19,18.54,0.51,168.3,9.42,0.358
1243,4.3,0.9026,0.4305,A,26,4,4.8,0.26,85.8,11.33,0.147
1243,4.3,0.9026,0.4305,B,37,12,12.84,0.37,122.1,9.4,0.251
1243,4.3,0.9026,0.4305,C,41,11,13.54,0.41,135.3,9.88,0.268
1243,4.3,0.9026,0.4305,D,53,21,21.98,0.53,174.9,9.51,0.385
1244,4.4,0.9135,0.4067,A,33,9,12.19,0.33,108.9,10.61,0.221
1244,4.4,0.9135,0.4067,B,44,14,14.91,0.44,145.2,8.63,0.297
1244,4.4,0.9135,0.4067,C,40,13,14.67,0.4,132.0,11.09,0.274
1244,4.4,0.9135,0.4067,D,49,17,16.29,0.49,161.7,8.35,0.334
1245,4.5,0.9239,0.3827,A,30,10,10.4,0.3,99.0,11.01,0.205
1245,4.5,0.9239,0.3827,B,37,7,9.58,0.37,122.1,10.43,0.223
1245,4.5,0.9239,0.3827,C,49,16,15.83,0.49,161.7,9.13,0.329
1245,4.5,0.9239,0.3827,D,54,24,24.02,0.54,178.2,8.23,0.407
1246,4.6,0.9336,0.3584,A,28,5,6.3,0.28,92.4,10.37,0.165
1246,4.6,0.9336,0.3584,B,43,12,12.84,0.43,141.9,9.37,0.278
1246,4.6,0.9336,0.3584,C,37,8,8.73,0.37,122.1,11.0,0.224
1246,4.6,0.9336,0.3584,D,58,23,24.22,0.58,191.4,8.22,0.422
1247,4.7,0.9426,0.3338,A,30,8,10.25,0.3,99.0,10.0,0.197
1247,4.7,0.9426,0.3338,B,36,10,12.77,0.36,118.8,9.98,0.24
1247,4.7,0.9426,0.3338,C,47,16,18.12,0.47,155.1,9.01,0.328
1247,4.7,0.9426,0.3338,D,52,18,17.07,0.52,171.6,9.24,0.354
1248,4.8,0.9511,0.309,A,25,3,7.05,0.25,82.5,10.77,0.146
1248,4.8,0.9511,0.309,B,47,17,15.9,0.47,155.1,9.34,0.324
1248,4.8,0.9511,0.309,C,46,13,12.25,0.46,151.8,9.11,0.293
1248,4.8,0.9511,0.309,D,56,22,23.53,0.56,184.8,8.09,0.407
1249,4.9,0.9588,0.284,A,23,3,7.54,0.23,75.9,10.52,0.139
1249,4.9,0.9588,0.284,B,42,11,12.4,0.42,138.6,9.57,0.269
1249,4.9,0.9588,0.284,C,40,11,10.99,0.4,132.0,10.04,0.255
1249,4.9,0.9588,0.284,D,46,16,14.85,0.46,151.8,9.73,0.313
1250,5.0,0.9659,0.2588,A,30,8,10.76,0.3,99.0,11.34,0.199
1250,5.0,0.9659,0.2588,B,45,14,15.81,0.45,148.5,9.62,0.304
1250,5.0,0.9659,0.2588,C,46,14,16.67,0.46,151.8,9.67,0.312
1250,5.0,0.9659,0.2588,D,56,22,19.95,0.56,184.8,8.0,0.395
1251,5.1,0.9724,0.2334,A,29,8,8.5,0.29,95.7,11.5,0.187
1251,5.1,0.9724,0.2334,B,37,11,10.88,0.37,122.1,10.15,0.241
1251,5.1,0.9724,0.2334,C,48,16,18.52,0.48,158.4,8.81,0.334
1251,5.1,0.9724,0.2334,D,62,26,24.94,0.62,204.6,8.18,0.453
1252,5.2,0.9781,0.2079,A,31,5,8.33,0.31,102.3,10.92,0.185
1252,5.2,0.9781,0.2079,B,48,16,15.56,0.48,158.4,9.35,0.324
1252,5.2,0.9781,0.2079,C,56,25,22.44,0.56,184.8,7.64,0.414
1252,5.2,0.9781,0.2079,D,64,31,29.56,0.64,211.2,7.97,0.495
1253,5.3,0.9833,0.1822,A,30,9,10.51,0.3,99.0,10.62,0.202
1253,5.3,0.9833,0.1822,B,39,13,14.48,0.39,128.7,10.13,0.269
1253,5.3,0.9833,0.1822,C,55,19,19.65,0.55,181.5,7.97,0.379
1253,5.3,0.9833,0.1822,D,60,24,21.47,0.6,198.0,9.02,0.426
1254,5.4,0.9877,0.1564,A,35,10,10.9,0.35,115.5,10.2,0.229
1254,5.4,0.9877,0.1564,B,44,15,16.12,0.44,145.2,8.78,0.304
1254,5.4,0.9877,0.1564,C,54,24,23.77,0.54,178.2,8.58,0.406
1254,5.4,0.9877,0.1564,D,64,28,26.4,0.64,211.2,7.43,0.474
1255,5.5,0.9914,0.1305,A,28,8,8.47,0.28,92.4,11.88,0.182
1255,5.5,0.9914,0.1305,B,46,17,15.84,0.46,151.8,8.51,0.319
1255,5.5,0.9914,0.1305,C,52,21,22.84,0.52,171.6,8.85,0.384
1255,5.5,0.9914,0.1305,D,60,27,26.03,0.6,198.0,9.25,0.451
1256,5.6,0.9945,0.1045,A,33,4,6.94,0.33,108.9,10.75,0.186
1256,5.6,0.9945,0.1045,B,48,12,13.76,0.48,158.4,9.35,0.304
1256,5.6,0.9945,0.1045,C,51,19,18.66,0.51,168.3,9.35,0.358
1256,5.6,0.9945,0.1045,D,66,33,31.88,0.66,217.8,8.42,0.519
1257,5.7,0.9969,0.0785,A,33,8,11.65,0.33,108.9,11.61,0.215
1257,5.7,0.9969,0.0785,B,43,12,15.01,0.43,141.9,9.73,0.286
1257,5.7,0.9969,0.0785,C,54,22,23.63,0.54,178.2,8.53,0.399
1257,5.7,0.9969,0.0785,D,73,37,34.69,0.73,240.9,6.91,0.574
1258,5.8,0.9986,0.0523,A,39,10,11.71,0.39,128.7,10.28,0.25
1258,5.8,0.9986,0.0523,B,51,20,20.29,0.51,168.3,8.77,0.367
1258,5.8,0.9986,0.0523,C,53,21,22.28,0.53,174.9,8.65,0.386
1258,5.8,0.9986,0.0523,D,69,34,30.56,0.69,227.7,7.75,0.531
1259,5.9,0.9997,0.0262,A,45,17,16.6,0.45,148.5,8.93,0.317
1259,5.9,0.9997,0.0262,B,48,16,18.45,0.48,158.4,8.6,0.333
1259,5.9,0.9997,0.0262,C,57,26,26.91,0.57,188.1,8.02,0.437
1259,5.9,0.9997,0.0262,D,79,41,36.78,0.79,260.7,5.77,0.622
1260,6.0,1.0,0.0,A,44,10,11.61,0.44,145.2,9.26,0.272
1260,6.0,1.0,0.0,B,58,25,26.1,0.58,191.4,9.07,0.435
1260,6.0,1.0,0.0,C,66,31,30.63,0.66,217.8,8.17,0.508
1260,6.0,1.0,0.0,D,78,45,40.57,0.78,257.4,5.83,0.644
1261,6.1,0.9997,-0.0262,A,52,17,19.09,0.52,171.6,8.97,0.357
1261,6.1,0.9997,-0.0262,B,54,19,17.91,0.54,178.2,8.79,0.369
1261,6.1,0.9997,-0.0262,C,64,30,28.42,0.64,211.2,7.55,0.488
1261,6.1,0.9997,-0.0262,D,71,36,32.25,0.71,234.3,7.8,0.553
1262,6.2,0.9986,-0.0523,A,42,11,10.63,0.42,138.6,10.7,0.263
1262,6.2,0.9986,-0.0523,B,62,27,25.61,0.62,204.6,7.53,0.459
1262,6.2,0.9986,-0.0523,C,70,32,29.58,0.7,231.0,7.75,0.526
1262,6.2,0.9986,-0.0523,D,77,45,41.27,0.77,254.1,5.85,0.642
1263,6.3,0.9969,-0.0785,A,52,18,18.5,0.52,171.6,9.86,0.359
1263,6.3,0.9969,-0.0785,B,57,25,22.25,0.57,188.1,8.5,0.418
1263,6.3,0.9969,-0.0785,C,64,30,26.88,0.64,211.2,8.49,0.483
1263,6.3,0.9969,-0.0785,D,83,55,49.71,0.83,273.9,5.37,0.732
1264,6.4,0.9945,-0.1045,A,41,12,12.73,0.41,135.3,10.55,0.269
1264,6.4,0.9945,-0.1045,B,55,23,22.27,0.55,181.5,9.54,0.402
1264,6.4,0.9945,-0.1045,C,72,36,34.76,0.72,237.6,7.05,0.566
1264,6.4,0.9945,-0.1045,D,88,59,52.11,0.88,290.4,5.11,0.776
1265,6.5,0.9914,-0.1305,A,46,14,16.0,0.46,151.8,10.01,0.309
1265,6.5,0.9914,-0.1305,B,71,34,31.68,0.71,234.3,7.35,0.544
1265,6.5,0.9914,-0.1305,C,83,54,50.07,0.83,273.9,6.3,0.729
1265,6.5,0.9914,-0.1305,D,86,60,53.82,0.86,283.8,5.19,0.776
1266,6.6,0.9877,-0.1564,A,56,26,23.79,0.56,184.8,8.26,0.422
1266,6.6,0.9877,-0.1564,B,64,31,29.49,0.64,211.2,6.91,0.495
1266,6.6,0.9877,-0.1564,C,82,52,48.53,0.82,270.6,6.2,0.713
1266,6.6,0.9877,-0.1564,D,88,61,54.37,0.88,290.4,5.47,0.791
1267,6.7,0.9833,-0.1822,A,56,23,22.86,0.56,184.8,7.92,0.409
1267,6.7,0.9833,-0.1822,B,72,38,35.42,0.72,237.6,7.46,0.575
1267,6.7,0.9833,-0.1822,C,86,57,52.02,0.86,283.8,6.02,0.76
1267,6.7,0.9833,-0.1822,D,102,81,69.87,1.0,336.6,4.0,0.966
1268,6.8,0.9781,-0.2079,A,57,21,19.44,0.57,188.1,8.3,0.395
1268,6.8,0.9781,-0.2079,B,71,38,37.08,0.71,234.3,7.24,0.576
1268,6.8,0.9781,-0.2079,C,80,47,43.98,0.8,264.0,6.57,0.671
1268,6.8,0.9781,-0.2079,D,98,79,69.25,0.98,323.4,4.44,0.948
1269,6.9,0.9724,-0.2334,A,72,39,37.92,0.72,237.6,6.97,0.587
1269,6.9,0.9724,-0.2334,B,74,41,39.0,0.74,244.2,7.1,0.606
1269,6.9,0.9724,-0.2334,C,83,53,46.81,0.83,273.9,6.02,0.715
1269,6.9,0.9724,-0.2334,D,108,87,76.74,1.0,356.4,4.0,1.0
1270,7.0,0.9659,-0.2588,A,62,25,23.38,0.62,204.6,7.82,0.444
1270,7.0,0.9659,-0.2588,B,73,38,34.91,0.73,240.9,6.84,0.578
1270,7.0,0.9659,-0.2588,C,95,69,61.41,0.95,313.5,5.12,0.874
1270,7.0,0.9659,-0.2588,D,106,82,72.32,1.0,349.8,4.0,0.978
1271,7.1,0.9588,-0.284,A,62,28,27.31,0.62,204.6,8.46,0.468
1271,7.1,0.9588,-0.284,B,84,50,45.62,0.84,277.2,6.32,0.705
1271,7.1,0.9588,-0.284,C,103,80,71.33,1.0,339.9,4.28,0.968
1271,7.1,0.9588,-0.284,D,109,85,76.75,1.0,359.7,4.89,1.0
1272,7.2,0.9511,-0.309,A,64,30,30.12,0.64,211.2,8.51,0.493
1272,7.2,0.9511,-0.309,B,80,48,43.4,0.8,264.0,6.79,0.673
1272,7.2,0.9511,-0.309,C,99,78,68.33,0.99,326.7,4.74,0.946
1272,7.2,0.9511,-0.309,D,114,90,81.38,1.0,376.2,4.47,1.0
1273,7.3,0.9426,-0.3338,A,70,34,30.79,0.7,231.0,7.12,0.537
1273,7.3,0.9426,-0.3338,B,86,54,50.47,0.86,283.8,5.87,0.744
1273,7.3,0.9426,-0.3338,C,106,85,77.08,1.0,349.8,4.34,1.0
1273,7.3,0.9426,-0.3338,D,120,92,81.81,1.0,396.0,4.73,1.0
1274,7.4,0.9336,-0.3584,A,65,29,27.6,0.65,214.5,7.52,0.486
1274,7.4,0.9336,-0.3584,B,80,50,47.19,0.8,264.0,5.85,0.692
1274,7.4,0.9336,-0.3584,C,105,84,73.25,1.0,346.5,4.14,0.988
1274,7.4,0.9336,-0.3584,D,124,98,86.94,1.0,409.2,4.74,1.0
1275,7.5,0.9239,-0.3827,A,80,46,40.79,0.8,264.0,5.78,0.657
1275,7.5,0.9239,-0.3827,B,95,68,61.98,0.95,313.5,5.16,0.872
1275,7.5,0.9239,-0.3827,C,114,89,80.39,1.0,376.2,4.5,1.0
1275,7.5,0.9239,-0.3827,D,130,103,88.72,1.0,429.0,4.0,1.0
1276,7.6,0.9135,-0.4067,A,71,34,33.24,0.71,234.3,8.26,0.549
1276,7.6,0.9135,-0.4067,B,88,58,53.1,0.88,290.4,5.7,0.776
1276,7.6,0.9135,-0.4067,C,107,86,75.53,1.0,353.1,4.0,1.0
1276,7.6,0.9135,-0.4067,D,120,100,89.6,1.0,396.0,4.0,1.0
1277,7.7,0.9026,-0.4305,A,77,43,37.92,0.77,254.1,6.4,0.623
1277,7.7,0.9026,-0.4305,B,89,60,55.59,0.89,293.7,4.93,0.796
1277,7.7,0.9026,-0.4305,C,114,89,77.86,1.0,376.2,4.2,1.0
1277,7.7,0.9026,-0.4305,D,126,100,88.47,1.0,415.8,4.75,1.0
1278,7.8,0.891,-0.454,A,74,40,35.78,0.74,244.2,6.7,0.592
1278,7.8,0.891,-0.454,B,100,79,68.66,1.0,330.0,5.01,0.955
1278,7.8,0.891,-0.454,C,110,93,82.12,1.0,363.0,4.0,1.0
1278,7.8,0.891,-0.454,D,120,101,90.65,1.0,396.0,5.23,1.0
1279,7.9,0.8788,-0.4772,A,68,35,32.88,0.68,224.4,8.0,0.538
1279,7.9,0.8788,-0.4772,B,99,75,64.88,0.99,326.7,4.42,0.924
1279,7.9,0.8788,-0.4772,C,108,82,70.95,1.0,356.4,4.0,0.973
1279,7.9,0.8788,-0.4772,D,135,107,92.71,1.0,445.5,4.0,1.0
1280,8.0,0.866,-0.5,A,78,45,40.79,0.78,257.4,6.16,0.644
1280,8.0,0.866,-0.5,B,91,61,54.72,0.91,300.3,5.03,0.805
1280,8.0,0.866,-0.5,C,115,88,77.24,1.0,379.5,4.41,1.0
1280,8.0,0.866,-0.5,D,134,107,92.4,1.0,442.2,4.0,1.0
1281,8.1,0.8526,-0.5225,A,71,36,32.29,0.71,234.3,7.53,0.553
1281,8.1,0.8526,-0.5225,B,102,79,68.63,1.0,336.6,4.08,0.955
1281,8.1,0.8526,-0.5225,C,113,90,79.79,1.0,372.9,4.12,1.0
1281,8.1,0.8526,-0.5225,D,133,106,93.89,1.0,438.9,4.0,1.0
1282,8.2,0.8387,-0.5446,A,78,44,38.52,0.78,257.4,6.56,0.633
1282,8.2,0.8387,-0.5446,B,80,45,40.96,0.8,264.0,6.47,0.654
1282,8.2,0.8387,-0.5446,C,120,95,84.84,1.0,396.0,4.0,1.0
1282,8.2,0.8387,-0.5446,D,135,106,92.36,1.0,445.5,4.0,1.0
1283,8.3,0.8241,-0.5664,A,78,45,42.36,0.78,257.4,6.07,0.65
1283,8.3,0.8241,-0.5664,B,95,67,58.39,0.95,313.5,4.99,0.857
1283,8.3,0.8241,-0.5664,C,106,85,75.92,1.0,349.8,4.72,1.0
1283,8.3,0.8241,-0.5664,D,131,105,94.25,1.0,432.3,4.0,1.0
1284,8.4,0.809,-0.5878,A,74,41,38.5,0.74,244.2,7.49,0.605
1284,8.4,0.809,-0.5878,B,88,61,56.04,0.88,290.4,6.03,0.796
1284,8.4,0.809,-0.5878,C,104,82,72.94,1.0,343.2,4.0,0.98
1284,8.4,0.809,-0.5878,D,120,95,84.99,1.0,396.0,4.08,1.0
1285,8.5,0.7934,-0.6088,A,70,36,33.48,0.7,231.0,6.98,0.553
1285,8.5,0.7934,-0.6088,B,80,49,42.81,0.8,264.0,6.03,0.674
1285,8.5,0.7934,-0.6088,C,110,88,79.64,1.0,363.0,4.23,1.0
1285,8.5,0.7934,-0.6088,D,119,95,82.25,1.0,392.7,4.0,1.0
1286,8.6,0.7771,-0.6293,A,83,55,51.64,0.83,273.9,5.17,0.738
1286,8.6,0.7771,-0.6293,B,91,63,57.58,0.91,300.3,4.86,0.822
1286,8.6,0.7771,-0.6293,C,108,89,76.81,1.0,356.4,4.5,1.0
1286,8.6,0.7771,-0.6293,D,128,102,88.92,1.0,422.4,4.4,1.0
1287,8.7,0.7604,-0.6494,A,63,28,27.69,0.63,207.9,7.3,0.474
1287,8.7,0.7604,-0.6494,B,88,59,52.53,0.88,290.4,5.44,0.778
1287,8.7,0.7604,-0.6494,C,99,74,66.76,0.99,326.7,4.16,0.927
1287,8.7,0.7604,-0.6494,D,120,93,83.97,1.0,396.0,4.84,1.0
1288,8.8,0.7431,-0.6691,A,60,26,23.28,0.6,198.0,8.58,0.439
1288,8.8,0.7431,-0.6691,B,87,61,55.0,0.87,287.1,5.21,0.788
1288,8.8,0.7431,-0.6691,C,105,87,77.61,1.0,346.5,4.0,1.0
1288,8.8,0.7431,-0.6691,D,112,85,76.35,1.0,369.6,4.0,1.0
1289,8.9,0.7254,-0.6884,A,59,24,22.41,0.59,194.7,8.5,0.424
1289,8.9,0.7254,-0.6884,B,76,46,41.76,0.76,250.8,6.37,0.642
1289,8.9,0.7254,-0.6884,C,100,80,71.03,1.0,330.0,4.28,0.967
1289,8.9,0.7254,-0.6884,D,119,93,83.63,1.0,392.7,4.0,1.0
1290,9.0,0.7071,-0.7071,A,62,26,24.59,0.62,204.6,8.31,0.452
1290,9.0,0.7071,-0.7071,B,76,43,38.64,0.76,250.8,7.03,0.621
1290,9.0,0.7071,-0.7071,C,82,49,44.06,0.82,270.6,5.96,0.687
1290,9.0,0.7071,-0.7071,D,104,85,74.53,1.0,343.2,4.0,0.996
1291,9.1,0.6884,-0.7254,A,57,23,24.52,0.57,188.1,8.12,0.419
1291,9.1,0.6884,-0.7254,B,75,43,40.64,0.75,247.5,6.65,0.623
1291,9.1,0.6884,-0.7254,C,86,57,52.08,0.86,283.8,5.73,0.76
1291,9.1,0.6884,-0.7254,D,111,88,76.77,1.0,366.3,4.44,1.0
1292,9.2,0.6691,-0.7431,A,59,27,23.96,0.59,194.7,8.62,0.44
1292,9.2,0.6691,-0.7431,B,70,37,36.06,0.7,231.0,6.96,0.565
1292,9.2,0.6691,-0.7431,C,99,80,70.33,0.99,326.7,4.61,0.96
1292,9.2,0.6691,-0.7431,D,98,76,68.14,0.98,323.4,4.0,0.934
1293,9.3,0.6494,-0.7604,A,55,20,20.31,0.55,181.5,8.11,0.385
1293,9.3,0.6494,-0.7604,B,73,40,38.93,0.73,240.9,5.92,0.598
1293,9.3,0.6494,-0.7604,C,87,59,51.51,0.87,287.1,5.27,0.77
1293,9.3,0.6494,-0.7604,D,96,72,62.62,0.96,316.8,4.54,0.893
1294,9.4,0.6293,-0.7771,A,52,20,20.85,0.52,171.6,8.67,0.374
1294,9.4,0.6293,-0.7771,B,65,33,29.48,0.65,214.5,7.22,0.506
1294,9.4,0.6293,-0.7771,C,80,48,44.68,0.8,264.0,5.64,0.677
1294,9.4,0.6293,-0.7771,D,95,68,60.4,0.95,313.5,4.78,0.867
1295,9.5,0.6088,-0.7934,A,58,28,25.28,0.58,191.4,8.05,0.443
1295,9.5,0.6088,-0.7934,B,65,30,27.45,0.65,214.5,6.72,0.489
1295,9.5,0.6088,-0.7934,C,72,38,33.81,0.72,237.6,6.99,0.57
1295,9.5,0.6088,-0.7934,D,87,62,57.22,0.87,287.1,5.37,0.799
1296,9.6,0.5878,-0.809,A,47,19,21.09,0.47,155.1,8.82,0.348
1296,9.6,0.5878,-0.809,B,60,22,21.71,0.6,198.0,8.29,0.419
1296,9.6,0.5878,-0.809,C,66,32,30.43,0.66,217.8,7.06,0.51
1296,9.6,0.5878,-0.809,D,90,59,54.43,0.9,297.0,4.77,0.793
1297,9.7,0.5664,-0.8241,A,50,19,17.83,0.5,165.0,9.08,0.351
1297,9.7,0.5664,-0.8241,B,53,20,21.83,0.53,174.9,8.85,0.381
1297,9.7,0.5664,-0.8241,C,67,31,29.31,0.67,221.1,8.14,0.508
1297,9.7,0.5664,-0.8241,D,77,44,41.29,0.77,254.1,6.56,0.638
1298,9.8,0.5446,-0.8387,A,46,14,14.72,0.46,151.8,9.28,0.305
1298,9.8,0.5446,-0.8387,B,60,24,22.44,0.6,198.0,8.41,0.429
1298,9.8,0.5446,-0.8387,C,61,25,23.27,0.61,201.3,8.01,0.44
1298,9.8,0.5446,-0.8387,D,92,71,62.5,0.92,303.6,4.78,0.871
1299,9.9,0.5225,-0.8526,A,43,18,17.64,0.43,141.9,9.98,0.315
1299,9.9,0.5225,-0.8526,B,57,25,25.93,0.57,188.1,8.18,0.43
1299,9.9,0.5225,-0.8526,C,58,25,25.91,0.58,191.4,8.84,0.435
1299,9.9,0.5225,-0.8526,D,72,38,37.11,0.72,237.6,7.21,0.581
1300,10.0,0.5,-0.866,A,43,14,14.91,0.43,141.9,9.32,0.292
1300,10.0,0.5,-0.866,B,46,20,18.27,0.46,151.8,9.5,0.338
1300,10.0,0.5,-0.866,C,63,27,27.5,0.63,207.9,8.28,0.47
1300,10.0,0.5,-0.866,D,73,40,36.77,0.73,240.9,6.23,0.591
1301,10.1,0.4772,-0.8788,A,37,7,8.73,0.37,122.1,10.44,0.22
1301,10.1,0.4772,-0.8788,B,42,15,17.52,0.42,138.6,10.52,0.3
1301,10.1,0.4772,-0.8788,C,61,30,27.36,0.61,201.3,8.88,0.471
1301,10.1,0.4772,-0.8788,D,68,35,30.82,0.68,224.4,8.47,0.531
1302,10.2,0.454,-0.891,A,38,10,10.85,0.38,125.4,10.47,0.242
1302,10.2,0.454,-0.891,B,58,23,21.66,0.58,191.4,9.46,0.414
1302,10.2,0.454,-0.891,C,57,24,23.45,0.57,188.1,9.14,0.419
1302,10.2,0.454,-0.891,D,66,32,29.31,0.66,217.8,6.64,0.507
1303,10.3,0.4305,-0.9026,A,41,12,14.62,0.41,135.3,9.09,0.275
1303,10.3,0.4305,-0.9026,B,47,17,16.93,0.47,155.1,9.04,0.327
1303,10.3,0.4305,-0.9026,C,62,25,26.1,0.62,204.6,8.05,0.453
1303,10.3,0.4305,-0.9026,D,73,40,36.94,0.73,240.9,6.99,0.592
1304,10.4,0.4067,-0.9135,A,39,16,16.85,0.39,128.7,9.94,0.288
1304,10.4,0.4067,-0.9135,B,49,17,16.28,0.49,161.7,8.4,0.334
1304,10.4,0.4067,-0.9135,C,59,25,24.72,0.59,194.7,8.04,0.435
1304,10.4,0.4067,-0.9135,D,65,31,27.48,0.65,214.5,7.99,0.493
1305,10.5,0.3827,-0.9239,A,37,11,10.67,0.37,122.1,10.68,0.241
1305,10.5,0.3827,-0.9239,B,45,11,12.86,0.45,148.5,9.33,0.284
1305,10.5,0.3827,-0.9239,C,42,13,13.28,0.42,138.6,9.83,0.279
1305,10.5,0.3827,-0.9239,D,67,29,26.04,0.67,221.1,7.03,0.49
1306,10.6,0.3584,-0.9336,A,37,11,12.59,0.37,122.1,9.91,0.247
1306,10.6,0.3584,-0.9336,B,44,14,16.71,0.44,145.2,9.03,0.303
1306,10.6,0.3584,-0.9336,C,56,22,20.18,0.56,184.8,9.15,0.396
1306,10.6,0.3584,-0.9336,D,68,32,32.0,0.68,224.4,6.96,0.525
1307,10.7,0.3338,-0.9426,A,42,18,19.68,0.42,138.6,9.83,0.318
1307,10.7,0.3338,-0.9426,B,45,15,14.81,0.45,148.5,9.66,0.304
1307,10.7,0.3338,-0.9426,C,51,20,19.66,0.51,168.3,8.47,0.365
1307,10.7,0.3338,-0.9426,D,66,32,31.5,0.66,217.8,7.17,0.514
1308,10.8,0.309,-0.9511,A,29,9,12.48,0.29,95.7,11.92,0.204
1308,10.8,0.309,-0.9511,B,35,9,11.54,0.35,115.5,11.17,0.227
1308,10.8,0.309,-0.9511,C,49,20,21.14,0.49,161.7,7.92,0.361
1308,10.8,0.309,-0.9511,D,56,27,26.86,0.56,184.8,8.59,0.436
1309,10.9,0.284,-0.9588,A,37,7,10.59,0.37,122.1,10.58,0.226
1309,10.9,0.284,-0.9588,B,36,9,10.04,0.36,118.8,10.35,0.227
1309,10.9,0.284,-0.9588,C,51,20,19.98,0.51,168.3,10.19,0.366
1309,10.9,0.284,-0.9588,D,53,21,18.89,0.53,174.9,7.98,0.375
1310,11.0,0.2588,-0.9659,A,22,4,7.1,0.22,72.6,11.09,0.137
1310,11.0,0.2588,-0.9659,B,47,15,14.18,0.47,155.1,9.41,0.311
1310,11.0,0.2588,-0.9659,C,54,22,20.99,0.54,178.2,8.97,0.39
1310,11.0,0.2588,-0.9659,D,56,22,22.94,0.56,184.8,8.6,0.405
1311,11.1,0.2334,-0.9724,A,58,24,23.31,0.58,191.4,8.6,0.423
1311,11.1,0.2334,-0.9724,B,68,36,32.64,0.68,224.4,7.27,0.541
1311,11.1,0.2334,-0.9724,C,46,14,16.67,0.46,151.8,10.55,0.312
1311,11.1,0.2334,-0.9724,D,55,20,19.56,0.55,181.5,8.7,0.383
1312,11.2,0.2079,-0.9781,A,55,19,17.53,0.55,181.5,8.21,0.372
1312,11.2,0.2079,-0.9781,B,58,21,19.76,0.58,191.4,8.36,0.4
1312,11.2,0.2079,-0.9781,C,52,17,16.48,0.52,171.6,8.93,0.348
1312,11.2,0.2079,-0.9781,D,57,25,23.42,0.57,188.1,9.55,0.422
1313,11.3,0.1822,-0.9833,A,58,21,21.68,0.58,191.4,8.28,0.407
1313,11.3,0.1822,-0.9833,B,61,26,25.59,0.61,201.3,7.85,0.451
1313,11.3,0.1822,-0.9833,C,44,11,11.79,0.44,145.2,9.39,0.276
1313,11.3,0.1822,-0.9833,D,64,29,28.61,0.64,211.2,7.82,0.485
1314,11.4,0.1564,-0.9877,A,56,19,19.36,0.56,184.8,8.27,0.383
1314,11.4,0.1564,-0.9877,B,54,22,22.78,0.54,178.2,8.14,0.396
1314,11.4,0.1564,-0.9877,C,43,11,10.5,0.43,141.9,10.08,0.267
1314,11.4,0.1564,-0.9877,D,50,16,15.63,0.5,165.0,9.25,0.333
1315,11.5,0.1305,-0.9914,A,53,21,20.19,0.53,174.9,9.09,0.379
1315,11.5,0.1305,-0.9914,B,72,40,35.88,0.72,237.6,6.84,0.584
1315,11.5,0.1305,-0.9914,C,43,15,16.21,0.43,141.9,9.64,0.3
1315,11.5,0.1305,-0.9914,D,58,26,23.64,0.58,191.4,8.53,0.431
1316,11.6,0.1045,-0.9945,A,57,24,23.71,0.57,188.1,8.22,0.42
1316,11.6,0.1045,-0.9945,B,62,27,26.0,0.62,204.6,7.71,0.46
1316,11.6,0.1045,-0.9945,C,40,7,9.21,0.4,132.0,9.93,0.235
1316,11.6,0.1045,-0.9945,D,53,19,20.13,0.53,174.9,8.69,0.372
1317,11.7,0.0785,-0.9969,A,42,12,14.32,0.42,138.6,10.19,0.279
1317,11.7,0.0785,-0.9969,B,70,35,33.98,0.7,231.0,7.42,0.551
1317,11.7,0.0785,-0.9969,C,50,17,16.49,0.5,165.0,9.52,0.339
1317,11.7,0.0785,-0.9969,D,48,15,14.97,0.48,158.4,8.86,0.318
1318,11.8,0.0523,-0.9986,A,58,25,24.95,0.58,191.4,8.33,0.432
1318,11.8,0.0523,-0.9986,B,68,30,27.38,0.68,224.4,7.58,0.502
1318,11.8,0.0523,-0.9986,C,54,20,19.54,0.54,178.2,8.95,0.378
1318,11.8,0.0523,-0.9986,D,56,24,24.82,0.56,184.8,7.76,0.419
1319,11.9,0.0262,-0.9997,A,61,27,25.61,0.61,201.3,7.65,0.454
1319,11.9,0.0262,-0.9997,B,63,29,26.39,0.63,207.9,8.14,0.473
1319,11.9,0.0262,-0.9997,C,38,10,11.75,0.38,125.4,11.11,0.245
1319,11.9,0.0262,-0.9997,D,48,21,22.26,0.48,158.4,9.14,0.364
1320,12.0,0.0,-1.0,A,27,4,6.15,0.27,89.1,11.2,0.156
1320,12.0,0.0,-1.0,B,39,15,15.43,0.39,128.7,9.5,0.279
1320,12.0,0.0,-1.0,C,55,22,19.93,0.55,181.5,9.08,0.391
1320,12.0,0.0,-1.0,D,57,21,22.51,0.57,188.1,8.04,0.405
1321,12.1,-0.0262,-0.9997,A,38,9,8.78,0.38,125.4,10.81,0.232
1321,12.1,-0.0262,-0.9997,B,36,13,12.89,0.36,118.8,9.58,0.25
1321,12.1,-0.0262,-0.9997,C,48,17,17.72,0.48,158.4,9.14,0.335
1321,12.1,-0.0262,-0.9997,D,50,15,13.85,0.5,165.0,9.86,0.324
1322,12.2,-0.0523,-0.9986,A,18,1,4.88,0.18,59.4,11.68,0.101
1322,12.2,-0.0523,-0.9986,B,34,8,10.2,0.34,112.2,10.04,0.215
1322,12.2,-0.0523,-0.9986,C,35,9,10.15,0.35,115.5,10.62,0.223
1322,12.2,-0.0523,-0.9986,D,52,21,21.68,0.52,171.6,8.55,0.38
1323,12.3,-0.0785,-0.9969,A,33,11,11.97,0.33,108.9,9.87,0.227
1323,12.3,-0.0785,-0.9969,B,39,13,12.76,0.39,128.7,10.5,0.264
1323,12.3,-0.0785,-0.9969,C,37,7,9.99,0.37,122.1,11.05,0.224
1323,12.3,-0.0785,-0.9969,D,54,20,20.1,0.54,178.2,8.83,0.38
1324,12.4,-0.1045,-0.9945,A,28,8,9.5,0.28,92.4,10.95,0.186
1324,12.4,-0.1045,-0.9945,B,41,11,14.09,0.41,135.3,10.24,0.27
1324,12.4,-0.1045,-0.9945,C,32,11,12.09,0.32,105.6,10.54,0.223
1324,12.4,-0.1045,-0.9945,D,61,25,24.37,0.61,201.3,7.89,0.443
1325,12.5,-0.1305,-0.9914,A,24,7,10.15,0.24,79.2,12.14,0.166
1325,12.5,-0.1305,-0.9914,B,43,15,14.85,0.43,141.9,9.66,0.295
1325,12.5,-0.1305,-0.9914,C,37,12,14.18,0.37,122.1,10.15,0.256
1325,12.5,-0.1305,-0.9914,D,58,26,25.91,0.58,191.4,7.43,0.438
1326,12.6,-0.1564,-0.9877,A,27,5,9.08,0.27,89.1,10.39,0.169
1326,12.6,-0.1564,-0.9877,B,43,14,13.87,0.43,141.9,10.41,0.289
1326,12.6,-0.1564,-0.9877,C,43,11,13.79,0.43,141.9,9.08,0.278
1326,12.6,-0.1564,-0.9877,D,55,19,17.56,0.55,181.5,9.26,0.373
1327,12.7,-0.1822,-0.9833,A,37,12,13.92,0.37,122.1,10.29,0.255
1327,12.7,-0.1822,-0.9833,B,47,21,21.61,0.47,155.1,9.48,0.357
1327,12.7,-0.1822,-0.9833,C,49,21,19.47,0.49,161.7,8.78,0.359
1327,12.7,-0.1822,-0.9833,D,48,17,17.66,0.48,158.4,9.31,0.334
1328,12.8,-0.2079,-0.9781,A,27,6,9.7,0.27,89.1,11.13,0.175
1328,12.8,-0.2079,-0.9781,B,43,16,17.06,0.43,141.9,9.27,0.306
1328,12.8,-0.2079,-0.9781,C,39,9,9.97,0.39,128.7,9.18,0.24
1328,12.8,-0.2079,-0.9781,D,52,15,16.69,0.52,171.6,8.39,0.342
1329,12.9,-0.2334,-0.9724,A,37,13,12.89,0.37,122.1,10.13,0.255
1329,12.9,-0.2334,-0.9724,B,35,10,13.49,0.35,115.5,10.15,0.237
1329,12.9,-0.2334,-0.9724,C,46,14,15.47,0.46,151.8,9.11,0.308
1329,12.9,-0.2334,-0.9724,D,51,20,21.13,0.51,168.3,8.83,0.37
1330,13.0,-0.2588,-0.9659,A,31,11,13.88,0.31,102.3,10.29,0.224
1330,13.0,-0.2588,-0.9659,B,36,9,8.86,0.36,118.8,10.77,0.223
1330,13.0,-0.2588,-0.9659,C,46,14,15.33,0.46,151.8,9.85,0.307
1330,13.0,-0.2588,-0.9659,D,48,20,21.01,0.48,158.4,9.43,0.356
1331,13.1,-0.284,-0.9588,A,26,4,6.31,0.26,85.8,10.86,0.152
1331,13.1,-0.284,-0.9588,B,37,10,12.42,0.37,122.1,9.75,0.243
1331,13.1,-0.284,-0.9588,C,45,17,17.35,0.45,148.5,8.9,0.32
1331,13.1,-0.284,-0.9588,D,50,19,19.01,0.5,165.0,8.79,0.355
1332,13.2,-0.309,-0.9511,A,33,11,11.13,0.33,108.9,9.22,0.224
1332,13.2,-0.309,-0.9511,B,40,15,17.68,0.4,132.0,8.84,0.291
1332,13.2,-0.309,-0.9511,C,44,14,14.67,0.44,145.2,9.61,0.296
1332,13.2,-0.309,-0.9511,D,62,28,26.73,0.62,204.6,7.75,0.466
1333,13.3,-0.3338,-0.9426,A,36,10,9.87,0.36,118.8,10.55,0.23
1333,13.3,-0.3338,-0.9426,B,41,11,11.02,0.41,135.3,9.92,0.26
1333,13.3,-0.3338,-0.9426,C,42,13,15.31,0.42,138.6,9.36,0.286
1333,13.3,-0.3338,-0.9426,D,55,17,17.42,0.55,181.5,7.61,0.365
1334,13.4,-0.3584,-0.9336,A,28,7,9.7,0.28,92.4,11.89,0.183
1334,13.4,-0.3584,-0.9336,B,37,9,8.84,0.37,122.1,10.61,0.227
1334,13.4,-0.3584,-0.9336,C,37,10,10.13,0.37,122.1,9.8,0.235
1334,13.4,-0.3584,-0.9336,D,47,20,19.09,0.47,155.1,8.86,0.345
1335,13.5,-0.3827,-0.9239,A,29,6,9.52,0.29,95.7,11.33,0.183
1335,13.5,-0.3827,-0.9239,B,37,7,7.72,0.37,122.1,10.3,0.217
1335,13.5,-0.3827,-0.9239,C,47,20,20.42,0.47,155.1,9.72,0.35
1335,13.5,-0.3827,-0.9239,D,57,19,19.3,0.57,188.1,8.69,0.387
1336,13.6,-0.4067,-0.9135,A,25,6,7.77,0.25,82.5,10.85,0.159
1336,13.6,-0.4067,-0.9135,B,32,8,11.38,0.32,105.6,10.24,0.21
1336,13.6,-0.4067,-0.9135,C,43,11,11.6,0.43,141.9,9.41,0.271
1336,13.6,-0.4067,-0.9135,D,50,18,16.86,0.5,165.0,9.08,0.344
1337,13.7,-0.4305,-0.9026,A,27,5,5.75,0.27,89.1,11.25,0.158
1337,13.7,-0.4305,-0.9026,B,44,11,12.56,0.44,145.2,10.17,0.278
1337,13.7,-0.4305,-0.9026,C,41,10,12.11,0.41,135.3,10.07,0.26
1337,13.7,-0.4305,-0.9026,D,48,19,19.39,0.48,158.4,8.42,0.347
1338,13.8,-0.454,-0.891,A,31,10,13.24,0.31,102.3,11.12,0.219
1338,13.8,-0.454,-0.891,B,35,7,7.71,0.35,115.5,11.21,0.208
1338,13.8,-0.454,-0.891,C,47,19,18.59,0.47,155.1,9.95,0.34
1338,13.8,-0.454,-0.891,D,52,18,19.95,0.52,171.6,8.7,0.363
1339,13.9,-0.4772,-0.8788,A,23,3,4.37,0.23,75.9,11.55,0.129
1339,13.9,-0.4772,-0.8788,B,39,13,12.19,0.39,128.7,10.25,0.262
1339,13.9,-0.4772,-0.8788,C,44,17,18.08,0.44,145.2,10.34,0.318
1339,13.9,-0.4772,-0.8788,D,49,17,17.02,0.49,161.7,9.31,0.337
1340,14.0,-0.5,-0.866,A,28,8,11.26,0.28,92.4,10.01,0.192
1340,14.0,-0.5,-0.866,B,38,9,10.04,0.38,125.4,10.82,0.236
1340,14.0,-0.5,-0.866,C,42,15,14.55,0.42,138.6,10.07,0.29
1340,14.0,-0.5,-0.866,D,56,29,28.43,0.56,184.8,8.28,0.448
1341,14.1,-0.5225,-0.8526,A,19,4,8.38,0.19,62.7,12.18,0.127
1341,14.1,-0.5225,-0.8526,B,33,9,12.17,0.33,108.9,11.03,0.221
1341,14.1,-0.5225,-0.8526,C,41,11,13.76,0.41,135.3,10.67,0.269
1341,14.1,-0.5225,-0.8526,D,50,19,19.35,0.5,165.0,8.72,0.356
1342,14.2,-0.5446,-0.8387,A,31,4,7.19,0.31,102.3,10.12,0.177
1342,14.2,-0.5446,-0.8387,B,40,10,10.61,0.4,132.0,10.52,0.25
1342,14.2,-0.5446,-0.8387,C,56,22,23.42,0.56,184.8,8.29,0.407
1342,14.2,-0.5446,-0.8387,D,50,22,20.99,0.5,165.0,8.8,0.372
1343,14.3,-0.5664,-0.8241,A,32,11,14.12,0.32,105.6,10.78,0.23
1343,14.3,-0.5664,-0.8241,B,35,11,10.44,0.35,115.5,11.18,0.231
1343,14.3,-0.5664,-0.8241,C,47,13,14.22,0.47,155.1,9.04,0.304
1343,14.3,-0.5664,-0.8241,D,61,30,28.08,0.61,201.3,6.74,0.473
1344,14.4,-0.5878,-0.809,A,29,6,6.82,0.29,95.7,11.24,0.174
1344,14.4,-0.5878,-0.809,B,45,16,17.91,0.45,148.5,9.5,0.318
1344,14.4,-0.5878,-0.809,C,44,16,17.68,0.44,145.2,9.82,0.313
1344,14.4,-0.5878,-0.809,D,46,19,20.06,0.46,151.8,10.18,0.34
1345,14.5,-0.6088,-0.7934,A,29,8,9.63,0.29,95.7,10.44,0.191
1345,14.5,-0.6088,-0.7934,B,44,13,13.72,0.44,145.2,9.42,0.289
1345,14.5,-0.6088,-0.7934,C,56,23,20.6,0.56,184.8,8.32,0.401
1345,14.5,-0.6088,-0.7934,D,60,25,23.63,0.6,198.0,7.62,0.436
1346,14.6,-0.6293,-0.7771,A,28,7,10.24,0.28,92.4,11.16,0.185
1346,14.6,-0.6293,-0.7771,B,47,17,16.08,0.47,155.1,8.7,0.325
1346,14.6,-0.6293,-0.7771,C,51,16,18.56,0.51,168.3,9.03,0.347
1346,14.6,-0.6293,-0.7771,D,61,27,26.14,0.61,201.3,7.95,0.456
1347,14.7,-0.6494,-0.7604,A,37,10,10.44,0.37,122.1,10.41,0.236
1347,14.7,-0.6494,-0.7604,B,38,11,12.04,0.38,125.4,9.8,0.25
1347,14.7,-0.6494,-0.7604,C,50,18,17.18,0.5,165.0,8.55,0.345
1347,14.7,-0.6494,-0.7604,D,56,26,25.03,0.56,184.8,8.79,0.426
1348,14.8,-0.6691,-0.7431,A,36,7,9.11,0.36,118.8,10.21,0.217
1348,14.8,-0.6691,-0.7431,B,37,11,13.75,0.37,122.1,10.26,0.251
1348,14.8,-0.6691,-0.7431,C,53,21,21.79,0.53,174.9,9.55,0.385
1348,14.8,-0.6691,-0.7431,D,57,21,20.21,0.57,188.1,8.5,0.397
1349,14.9,-0.6884,-0.7254,A,29,5,6.62,0.29,95.7,11.65,0.17
1349,14.9,-0.6884,-0.7254,B,43,15,17.28,0.43,141.9,9.96,0.304
1349,14.9,-0.6884,-0.7254,C,43,12,11.43,0.43,141.9,9.35,0.274
1349,14.9,-0.6884,-0.7254,D,66,31,30.62,0.66,217.8,7.77,0.508
1350,15.0,-0.7071,-0.7071,A,30,5,7.63,0.3,99.0,10.97,0.178
1350,15.0,-0.7071,-0.7071,B,44,14,14.45,0.44,145.2,10.3,0.295
1350,15.0,-0.7071,-0.7071,C,48,15,17.7,0.48,158.4,8.7,0.328
1350,15.0,-0.7071,-0.7071,D,53,21,21.65,0.53,174.9,8.66,0.384
1351,15.1,-0.7254,-0.6884,A,39,13,12.29,0.39,128.7,10.07,0.262
1351,15.1,-0.7254,-0.6884,B,38,9,11.78,0.38,125.4,9.3,0.242
1351,15.1,-0.7254,-0.6884,C,59,24,21.98,0.59,194.7,9.1,0.423
1351,15.1,-0.7254,-0.6884,D,65,31,31.0,0.65,214.5,6.78,0.504
1352,15.2,-0.7431,-0.6691,A,31,8,10.31,0.31,102.3,10.68,0.202
1352,15.2,-0.7431,-0.6691,B,46,15,15.57,0.46,151.8,9.1,0.311
1352,15.2,-0.7431,-0.6691,C,59,24,23.85,0.59,194.7,8.19,0.429
1352,15.2,-0.7431,-0.6691,D,69,34,33.19,0.69,227.7,6.74,0.54
1353,15.3,-0.7604,-0.6494,A,33,6,7.33,0.33,108.9,10.48,0.194
1353,15.3,-0.7604,-0.6494,B,44,12,13.73,0.44,145.2,10.38,0.286
1353,15.3,-0.7604,-0.6494,C,67,36,32.59,0.67,221.1,7.15,0.536
1353,15.3,-0.7604,-0.6494,D,66,35,31.48,0.66,217.8,6.6,0.524
1354,15.4,-0.7771,-0.6293,A,35,8,8.08,0.35,115.5,10.19,0.212
1354,15.4,-0.7771,-0.6293,B,39,14,16.7,0.39,128.7,10.75,0.28
1354,15.4,-0.7771,-0.6293,C,60,27,27.76,0.6,198.0,8.34,0.457
1354,15.4,-0.7771,-0.6293,D,62,28,28.71,0.62,204.6,8.29,0.473
1355,15.5,-0.7934,-0.6088,A,39,10,13.41,0.39,128.7,10.8,0.255
1355,15.5,-0.7934,-0.6088,B,47,16,14.69,0.47,155.1,9.63,0.316
1355,15.5,-0.7934,-0.6088,C,58,25,22.47,0.58,191.4,8.51,0.423
1355,15.5,-0.7934,-0.6088,D,73,38,36.42,0.73,240.9,6.44,0.583
1356,15.6,-0.809,-0.5878,A,44,14,14.82,0.44,145.2,9.66,0.296
1356,15.6,-0.809,-0.5878,B,61,26,24.02,0.61,201.3,8.25,0.446
1356,15.6,-0.809,-0.5878,C,66,31,29.34,0.66,217.8,7.78,0.503
1356,15.6,-0.809,-0.5878,D,63,30,29.35,0.63,207.9,6.99,0.486
1357,15.7,-0.8241,-0.5664,A,50,17,15.75,0.5,165.0,8.3,0.337
1357,15.7,-0.8241,-0.5664,B,53,22,21.13,0.53,174.9,8.06,0.386
1357,15.7,-0.8241,-0.5664,C,55,24,22.08,0.55,181.5,8.61,0.405
1357,15.7,-0.8241,-0.5664,D,73,38,34.85,0.73,240.9,7.34,0.578
1358,15.8,-0.8387,-0.5446,A,42,14,13.38,0.42,138.6,10.91,0.283
1358,15.8,-0.8387,-0.5446,B,56,26,23.33,0.56,184.8,8.81,0.421
1358,15.8,-0.8387,-0.5446,C,60,25,25.29,0.6,198.0,7.86,0.442
1358,15.8,-0.8387,-0.5446,D,81,48,42.22,0.81,267.3,5.81,0.673
1359,15.9,-0.8526,-0.5225,A,48,13,15.94,0.48,158.4,8.54,0.315
1359,15.9,-0.8526,-0.5225,B,56,22,20.47,0.56,184.8,8.25,0.397
1359,15.9,-0.8526,-0.5225,C,69,35,32.93,0.69,227.7,7.87,0.543
1359,15.9,-0.8526,-0.5225,D,76,38,34.36,0.76,250.8,6.33,0.59
1360,16.0,-0.866,-0.5,A,47,17,17.2,0.47,155.1,8.98,0.328
1360,16.0,-0.866,-0.5,B,59,24,24.17,0.59,194.7,7.9,0.43
1360,16.0,-0.866,-0.5,C,78,44,41.24,0.78,257.4,6.44,0.642
1360,16.0,-0.866,-0.5,D,78,47,43.35,0.78,257.4,6.98,0.66
1361,16.1,-0.8788,-0.4772,A,46,17,17.74,0.46,151.8,9.73,0.326
1361,16.1,-0.8788,-0.4772,B,60,30,29.68,0.6,198.0,7.9,0.474
1361,16.1,-0.8788,-0.4772,C,76,44,39.0,0.76,250.8,6.67,0.626
1361,16.1,-0.8788,-0.4772,D,92,67,58.95,0.92,303.6,5.03,0.845
1362,16.2,-0.891,-0.454,A,52,16,17.6,0.52,171.6,9.87,0.349
1362,16.2,-0.891,-0.454,B,61,31,30.64,0.61,201.3,7.48,0.485
1362,16.2,-0.891,-0.454,C,80,46,43.25,0.8,264.0,5.15,0.665
1362,16.2,-0.891,-0.454,D,88,57,50.79,0.88,290.4,4.64,0.765
1363,16.3,-0.9026,-0.4305,A,62,28,27.89,0.62,204.6,8.67,0.47
1363,16.3,-0.9026,-0.4305,B,63,27,24.34,0.63,207.9,8.29,0.459
1363,16.3,-0.9026,-0.4305,C,82,52,47.79,0.82,270.6,6.49,0.71
1363,16.3,-0.9026,-0.4305,D,95,70,62.94,0.95,313.5,5.02,0.882
1364,16.4,-0.9135,-0.4067,A,55,20,21.27,0.55,181.5,8.29,0.388
1364,16.4,-0.9135,-0.4067,B,69,32,29.62,0.69,227.7,7.51,0.521
1364,16.4,-0.9135,-0.4067,C,75,44,41.47,0.75,247.5,6.41,0.63
1364,16.4,-0.9135,-0.4067,D,102,82,71.81,1.0,336.6,5.16,0.976
1365,16.5,-0.9239,-0.3827,A,59,22,20.32,0.59,194.7,8.01,0.41
1365,16.5,-0.9239,-0.3827,B,69,34,31.5,0.69,227.7,6.66,0.534
1365,16.5,-0.9239,-0.3827,C,84,54,50.64,0.84,277.2,5.43,0.736
1365,16.5,-0.9239,-0.3827,D,91,60,55.58,0.91,300.3,4.74,0.805
1366,16.6,-0.9336,-0.3584,A,64,26,24.06,0.64,211.2,7.97,0.459
1366,16.6,-0.9336,-0.3584,B,78,47,43.77,0.78,257.4,5.72,0.661
1366,16.6,-0.9336,-0.3584,C,100,82,73.0,1.0,330.0,4.28,0.98
1366,16.6,-0.9336,-0.3584,D,103,77,69.89,1.0,339.9,4.0,0.952
1367,16.7,-0.9426,-0.3338,A,66,29,26.12,0.66,217.8,7.56,0.486
1367,16.7,-0.9426,-0.3338,B,78,47,44.94,0.78,257.4,6.07,0.665
1367,16.7,-0.9426,-0.3338,C,86,58,52.99,0.86,283.8,5.37,0.767
1367,16.7,-0.9426,-0.3338,D,111,84,73.53,1.0,366.3,4.0,0.989
1368,16.8,-0.9511,-0.309,A,63,31,28.71,0.63,207.9,7.09,0.488
1368,16.8,-0.9511,-0.309,B,83,52,46.84,0.83,273.9,5.03,0.712
1368,16.8,-0.9511,-0.309,C,96,72,64.28,0.96,316.8,4.73,0.898
1368,16.8,-0.9511,-0.309,D,114,92,82.62,1.0,376.2,4.0,1.0
1369,16.9,-0.9588,-0.284,A,70,35,34.36,0.7,231.0,6.74,0.552
1369,16.9,-0.9588,-0.284,B,80,47,44.58,0.8,264.0,5.85,0.673
1369,16.9,-0.9588,-0.284,C,106,88,77.36,1.0,349.8,4.42,1.0
1369,16.9,-0.9588,-0.284,D,117,93,81.4,1.0,386.1,4.0,1.0
1370,17.0,-0.9659,-0.2588,A,69,29,28.68,0.69,227.7,6.37,0.508
1370,17.0,-0.9659,-0.2588,B,81,50,44.43,0.81,267.3,6.15,0.688
1370,17.0,-0.9659,-0.2588,C,107,84,72.72,1.0,353.1,4.0,0.986
1370,17.0,-0.9659,-0.2588,D,111,87,76.65,1.0,366.3,4.0,1.0
1371,17.1,-0.9724,-0.2334,A,73,40,38.92,0.73,240.9,6.91,0.598
1371,17.1,-0.9724,-0.2334,B,95,68,59.92,0.95,313.5,4.34,0.865
1371,17.1,-0.9724,-0.2334,C,100,79,72.01,1.0,330.0,4.03,0.967
1371,17.1,-0.9724,-0.2334,D,129,104,90.25,1.0,425.7,4.76,1.0
1372,17.2,-0.9781,-0.2079,A,73,35,33.3,0.73,240.9,5.98,0.562
1372,17.2,-0.9781,-0.2079,B,102,81,71.59,1.0,336.6,4.0,0.972
1372,17.2,-0.9781,-0.2079,C,113,90,80.03,1.0,372.9,4.5,1.0
1372,17.2,-0.9781,-0.2079,D,134,109,93.76,1.0,442.2,5.09,1.0
1373,17.3,-0.9833,-0.1822,A,70,35,31.14,0.7,231.0,6.91,0.541
1373,17.3,-0.9833,-0.1822,B,98,75,65.78,0.98,323.4,4.78,0.923
1373,17.3,-0.9833,-0.1822,C,114,88,79.06,1.0,376.2,4.0,1.0
1373,17.3,-0.9833,-0.1822,D,126,95,82.14,1.0,415.8,4.0,1.0
1374,17.4,-0.9877,-0.1564,A,76,44,41.66,0.76,250.8,7.73,0.635
1374,17.4,-0.9877,-0.1564,B,97,75,65.12,0.97,320.1,4.59,0.916
1374,17.4,-0.9877,-0.1564,C,119,93,83.88,1.0,392.7,4.05,1.0
1374,17.4,-0.9877,-0.1564,D,131,104,90.18,1.0,432.3,4.48,1.0
1375,17.5,-0.9914,-0.1305,A,80,50,43.85,0.8,264.0,5.64,0.681
1375,17.5,-0.9914,-0.1305,B,94,68,58.82,0.94,310.2,5.96,0.857
1375,17.5,-0.9914,-0.1305,C,115,92,80.23,1.0,379.5,4.0,1.0
1375,17.5,-0.9914,-0.1305,D,132,107,94.52,1.0,435.6,4.04,1.0
1376,17.6,-0.9945,-0.1045,A,81,48,44.8,0.81,267.3,6.34,0.682
1376,17.6,-0.9945,-0.1045,B,92,65,59.18,0.92,303.6,5.35,0.839
1376,17.6,-0.9945,-0.1045,C,115,91,80.73,1.0,379.5,4.0,1.0
1376,17.6,-0.9945,-0.1045,D,126,101,88.38,1.0,415.8,5.11,1.0
1377,17.7,-0.9969,-0.0785,A,79,45,42.72,0.79,260.7,5.72,0.655
1377,17.7,-0.9969,-0.0785,B,105,84,76.17,1.0,346.5,4.05,0.998
1377,17.7,-0.9969,-0.0785,C,124,97,85.09,1.0,409.2,4.79,1.0
1377,17.7,-0.9969,-0.0785,D,138,110,95.36,1.0,455.4,4.0,1.0
1378,17.8,-0.9986,-0.0523,A,85,52,45.31,0.85,280.5,4.83,0.716
1378,17.8,-0.9986,-0.0523,B,102,79,71.09,1.0,336.6,4.37,0.963
1378,17.8,-0.9986,-0.0523,C,120,96,86.24,1.0,396.0,4.71,1.0
1378,17.8,-0.9986,-0.0523,D,146,118,104.93,1.0,481.8,4.25,1.0
1379,17.9,-0.9997,-0.0262,A,78,43,37.72,0.78,257.4,7.12,0.627
1379,17.9,-0.9997,-0.0262,B,98,76,65.98,0.98,323.4,5.1,0.927
1379,17.9,-0.9997,-0.0262,C,122,97,84.37,1.0,402.6,4.73,1.0
1379,17.9,-0.9997,-0.0262,D,136,109,95.2,1.0,448.8,4.28,1.0
1380,18.0,-1.0,-0.0,A,66,34,33.61,0.66,217.8,7.78,0.528
1380,18.0,-1.0,-0.0,B,102,82,72.43,1.0,336.6,4.0,0.978
1380,18.0,-1.0,-0.0,C,115,94,84.37,1.0,379.5,4.0,1.0
1380,18.0,-1.0,-0.0,D,142,117,103.94,1.0,468.6,4.0,1.0
1381,18.1,-0.9997,0.0262,A,86,56,51.73,0.86,283.8,5.54,0.755
1381,18.1,-0.9997,0.0262,B,87,58,51.3,0.87,287.1,5.61,0.765
1381,18.1,-0.9997,0.0262,C,118,95,84.8,1.0,389.4,5.01,1.0
1381,18.1,-0.9997,0.0262,D,138,109,94.05,1.0,455.4,4.0,1.0
1382,18.2,-0.9986,0.0523,A,77,45,42.03,0.77,254.1,6.71,0.644
1382,18.2,-0.9986,0.0523,B,95,70,62.18,0.95,313.5,4.0,0.88
1382,18.2,-0.9986,0.0523,C,118,95,85.5,1.0,389.4,4.43,1.0
1382,18.2,-0.9986,0.0523,D,138,111,95.77,1.0,455.4,4.43,1.0
1383,18.3,-0.9969,0.0785,A,74,41,37.04,0.74,244.2,7.4,0.6
1383,18.3,-0.9969,0.0785,B,102,81,72.11,1.0,336.6,4.0,0.974
1383,18.3,-0.9969,0.0785,C,118,92,82.06,1.0,389.4,4.76,1.0
1383,18.3,-0.9969,0.0785,D,139,112,96.58,1.0,458.7,4.0,1.0
1384,18.4,-0.9945,0.1045,A,72,37,35.95,0.72,237.6,7.06,0.573
1384,18.4,-0.9945,0.1045,B,93,68,62.61,0.93,306.9,4.93,0.865
1384,18.4,-0.9945,0.1045,C,117,89,78.65,1.0,386.1,4.4,1.0
1384,18.4,-0.9945,0.1045,D,137,111,98.65,1.0,452.1,4.0,1.0
1385,18.5,-0.9914,0.1305,A,81,47,43.64,0.81,267.3,5.3,0.674
1385,18.5,-0.9914,0.1305,B,95,71,62.03,0.95,313.5,5.01,0.883
1385,18.5,-0.9914,0.1305,C,120,97,87.0,1.0,396.0,4.32,1.0
1385,18.5,-0.9914,0.1305,D,129,101,88.75,1.0,425.7,5.07,1.0
1386,18.6,-0.9877,0.1564,A,77,45,41.24,0.77,254.1,6.42,0.641
1386,18.6,-0.9877,0.1564,B,94,67,60.22,0.94,310.2,4.63,0.858
1386,18.6,-0.9877,0.1564,C,117,91,80.98,1.0,386.1,4.0,1.0
1386,18.6,-0.9877,0.1564,D,122,98,84.45,1.0,402.6,4.82,1.0
1387,18.7,-0.9833,0.1822,A,73,38,34.31,0.73,240.9,6.97,0.576
1387,18.7,-0.9833,0.1822,B,89,57,50.72,0.89,293.7,4.86,0.769
1387,18.7,-0.9833,0.1822,C,120,94,83.37,1.0,396.0,4.18,1.0
1387,18.7,-0.9833,0.1822,D,133,103,91.57,1.0,438.9,4.09,1.0
1388,18.8,-0.9781,0.2079,A,72,36,33.29,0.72,237.6,7.2,0.561
1388,18.8,-0.9781,0.2079,B,91,65,58.32,0.91,300.3,4.74,0.831
1388,18.8,-0.9781,0.2079,C,116,92,81.61,1.0,382.8,4.2,1.0
1388,18.8,-0.9781,0.2079,D,128,107,95.18,1.0,422.4,4.0,1.0
1389,18.9,-0.9724,0.2334,A,77,46,43.99,0.77,254.1,5.66,0.654
1389,18.9,-0.9724,0.2334,B,95,73,63.11,0.95,313.5,5.29,0.893
1389,18.9,-0.9724,0.2334,C,113,89,78.65,1.0,372.9,4.03,1.0
1389,18.9,-0.9724,0.2334,D,130,103,90.72,1.0,429.0,4.0,1.0
1390,19.0,-0.9659,0.2588,A,63,27,26.64,0.63,207.9,8.5,0.467
1390,19.0,-0.9659,0.2588,B,79,48,43.3,0.79,260.7,6.58,0.668
1390,19.0,-0.9659,0.2588,C,96,77,69.93,0.96,316.8,4.38,0.935
1390,19.0,-0.9659,0.2588,D,124,101,89.48,1.0,409.2,4.0,1.0
1391,19.1,-0.9588,0.284,A,72,35,34.5,0.72,237.6,6.39,0.562
1391,19.1,-0.9588,0.284,B,85,57,52.93,0.85,280.5,6.78,0.758
1391,19.1,-0.9588,0.284,C,96,69,62.04,0.96,316.8,5.45,0.88
1391,19.1,-0.9588,0.284,D,118,94,81.39,1.0,389.4,4.0,1.0
1392,19.2,-0.9511,0.309,A,69,32,28.83,0.69,227.7,7.73,0.519
1392,19.2,-0.9511,0.309,B,76,41,38.16,0.76,250.8,6.62,0.613
1392,19.2,-0.9511,0.309,C,95,69,61.49,0.95,313.5,4.89,0.874
1392,19.2,-0.9511,0.309,D,111,90,81.33,1.0,366.3,4.07,1.0
1393,19.3,-0.9426,0.3338,A,62,25,22.49,0.62,204.6,8.48,0.441
1393,19.3,-0.9426,0.3338,B,86,57,49.6,0.86,283.8,5.23,0.752
1393,19.3,-0.9426,0.3338,C,91,64,56.4,0.91,300.3,4.56,0.822
1393,19.3,-0.9426,0.3338,D,114,92,79.4,1.0,376.2,4.18,1.0
1394,19.4,-0.9336,0.3584,A,67,30,29.62,0.67,221.1,6.81,0.505
1394,19.4,-0.9336,0.3584,B,74,43,40.67,0.74,244.2,6.51,0.619
1394,19.4,-0.9336,0.3584,C,88,58,53.98,0.88,290.4,5.19,0.779
1394,19.4,-0.9336,0.3584,D,108,86,75.29,1.0,356.4,4.0,1.0
1395,19.5,-0.9239,0.3827,A,66,30,27.34,0.66,217.8,8.07,0.493
1395,19.5,-0.9239,0.3827,B,70,33,31.71,0.7,231.0,7.65,0.536
1395,19.5,-0.9239,0.3827,C,89,63,55.51,0.89,293.7,5.51,0.806
1395,19.5,-0.9239,0.3827,D,106,85,76.53,1.0,349.8,4.0,1.0
1396,19.6,-0.9135,0.4067,A,50,17,17.8,0.5,165.0,9.88,0.344
1396,19.6,-0.9135,0.4067,B,75,45,41.78,0.75,247.5,7.16,0.634
1396,19.6,-0.9135,0.4067,C,82,49,45.13,0.82,270.6,5.33,0.691
1396,19.6,-0.9135,0.4067,D,101,82,71.74,1.0,333.3,5.35,0.976
1397,19.7,-0.9026,0.4305,A,58,24,23.11,0.58,191.4,8.06,0.422
1397,19.7,-0.9026,0.4305,B,68,32,29.11,0.68,224.4,7.87,0.515
1397,19.7,-0.9026,0.4305,C,78,46,41.09,0.78,257.4,5.37,0.649
1397,19.7,-0.9026,0.4305,D,91,60,53.57,0.91,300.3,5.51,0.798
1398,19.8,-0.891,0.454,A,53,21,21.13,0.53,174.9,9.12,0.382
1398,19.8,-0.891,0.454,B,74,41,36.29,0.74,244.2,7.42,0.597
1398,19.8,-0.891,0.454,C,81,50,46.78,0.81,267.3,5.71,0.695
1398,19.8,-0.891,0.454,D,87,58,50.84,0.87,287.1,4.48,0.764
1399,19.9,-0.8788,0.4772,A,44,13,13.11,0.44,145.2,9.99,0.287
1399,19.9,-0.8788,0.4772,B,64,30,26.64,0.64,211.2,7.47,0.482
1399,19.9,-0.8788,0.4772,C,76,42,39.64,0.76,250.8,6.44,0.621
1399,19.9,-0.8788,0.4772,D,94,68,59.8,0.94,310.2,4.85,0.86
1400,20.0,-0.866,0.5,A,49,17,16.36,0.49,161.7,9.31,0.335
1400,20.0,-0.866,0.5,B,55,23,21.39,0.55,181.5,9.43,0.399
1400,20.0,-0.866,0.5,C,75,40,37.01,0.75,247.5,6.37,0.601
1400,20.0,-0.866,0.5,D,92,63,56.17,0.92,303.6,5.04,0.822
1401,20.1,-0.8526,0.5225,A,41,11,14.08,0.41,135.3,9.79,0.27
1401,20.1,-0.8526,0.5225,B,59,27,24.78,0.59,194.7,7.8,0.443
1401,20.1,-0.8526,0.5225,C,77,45,41.87,0.77,254.1,6.92,0.644
1401,20.1,-0.8526,0.5225,D,86,56,52.11,0.86,283.8,5.66,0.757
1402,20.2,-0.8387,0.5446,A,45,14,13.3,0.45,148.5,9.72,0.296
1402,20.2,-0.8387,0.5446,B,60,27,24.07,0.6,198.0,8.49,0.445
1402,20.2,-0.8387,0.5446,C,69,36,33.11,0.69,227.7,7.06,0.547
1402,20.2,-0.8387,0.5446,D,69,34,30.3,0.69,227.7,7.46,0.531
1403,20.3,-0.8241,0.5664,A,42,14,14.93,0.42,138.6,9.91,0.288
1403,20.3,-0.8241,0.5664,B,54,19,18.38,0.54,178.2,8.92,0.371
1403,20.3,-0.8241,0.5664,C,76,42,40.41,0.76,250.8,7.25,0.624
1403,20.3,-0.8241,0.5664,D,71,36,34.53,0.71,234.3,7.51,0.561
1404,20.4,-0.809,0.5878,A,37,8,7.91,0.37,122.1,10.81,0.221
1404,20.4,-0.809,0.5878,B,53,20,20.68,0.53,174.9,8.41,0.377
1404,20.4,-0.809,0.5878,C,62,26,24.87,0.62,204.6,7.51,0.453
1404,20.4,-0.809,0.5878,D,68,34,32.58,0.68,224.4,6.54,0.534
1405,20.5,-0.7934,0.6088,A,44,16,14.75,0.44,145.2,10.28,0.303
1405,20.5,-0.7934,0.6088,B,48,17,15.66,0.48,158.4,9.63,0.328
1405,20.5,-0.7934,0.6088,C,57,23,23.54,0.57,188.1,7.81,0.415
1405,20.5,-0.7934,0.6088,D,60,24,24.25,0.6,198.0,6.87,0.435
1406,20.6,-0.7771,0.6293,A,42,9,9.86,0.42,138.6,10.41,0.253
1406,20.6,-0.7771,0.6293,B,41,16,16.84,0.41,135.3,9.86,0.297
1406,20.6,-0.7771,0.6293,C,57,26,25.06,0.57,188.1,7.78,0.431
1406,20.6,-0.7771,0.6293,D,71,40,35.12,0.71,234.3,6.28,0.577
1407,20.7,-0.7604,0.6494,A,47,14,16.77,0.47,155.1,9.13,0.316
1407,20.7,-0.7604,0.6494,B,50,17,16.41,0.5,165.0,9.03,0.339
1407,20.7,-0.7604,0.6494,C,55,22,20.73,0.55,181.5,8.76,0.394
1407,20.7,-0.7604,0.6494,D,68,32,30.27,0.68,224.4,7.44,0.519
1408,20.8,-0.7431,0.6691,A,28,6,9.44,0.28,92.4,10.81,0.178
1408,20.8,-0.7431,0.6691,B,46,14,16.45,0.46,151.8,9.03,0.311
1408,20.8,-0.7431,0.6691,C,59,29,27.68,0.59,194.7,8.77,0.459
1408,20.8,-0.7431,0.6691,D,68,35,34.66,0.68,224.4,7.32,0.544
1409,20.9,-0.7254,0.6884,A,35,11,13.79,0.35,115.5,10.31,0.242
1409,20.9,-0.7254,0.6884,B,50,17,18.52,0.5,165.0,8.55,0.346
1409,20.9,-0.7254,0.6884,C,53,17,17.71,0.53,174.9,9.05,0.357
1409,20.9,-0.7254,0.6884,D,63,31,29.68,0.63,207.9,8.08,0.491
1410,21.0,-0.7071,0.7071,A,32,10,10.34,0.32,105.6,10.88,0.213
1410,21.0,-0.7071,0.7071,B,46,15,15.26,0.46,151.8,10.42,0.31
1410,21.0,-0.7071,0.7071,C,48,17,17.27,0.48,158.4,10.17,0.333
1410,21.0,-0.7071,0.7071,D,51,20,20.61,0.51,168.3,8.99,0.368
1411,21.1,-0.6884,0.7254,A,35,12,13.71,0.35,115.5,9.56,0.245
1411,21.1,-0.6884,0.7254,B,49,18,19.83,0.49,161.7,9.82,0.35
1411,21.1,-0.6884,0.7254,C,59,23,21.77,0.59,194.7,8.55,0.419
1411,21.1,-0.6884,0.7254,D,57,18,18.46,0.57,188.1,8.89,0.381
1412,21.2,-0.6691,0.7431,A,34,3,4.36,0.34,112.2,10.69,0.178
1412,21.2,-0.6691,0.7431,B,43,14,14.04,0.43,141.9,9.77,0.289
1412,21.2,-0.6691,0.7431,C,51,17,16.56,0.51,168.3,8.88,0.344
1412,21.2,-0.6691,0.7431,D,63,28,26.35,0.63,207.9,8.06,0.469
1413,21.3,-0.6494,0.7604,A,24,8,10.9,0.24,79.2,11.46,0.172
1413,21.3,-0.6494,0.7604,B,36,9,8.88,0.36,118.8,11.2,0.223
1413,21.3,-0.6494,0.7604,C,50,22,19.75,0.5,165.0,9.38,0.368
1413,21.3,-0.6494,0.7604,D,59,25,25.16,0.59,194.7,7.69,0.437
1414,21.4,-0.6293,0.7771,A,39,11,10.99,0.39,128.7,10.32,0.251
1414,21.4,-0.6293,0.7771,B,45,15,17.61,0.45,148.5,8.47,0.314
1414,21.4,-0.6293,0.7771,C,49,14,15.4,0.49,161.7,8.91,0.321
1414,21.4,-0.6293,0.7771,D,57,23,22.12,0.57,188.1,7.93,0.411
1415,21.5,-0.6088,0.7934,A,31,9,10.64,0.31,102.3,10.75,0.206
1415,21.5,-0.6088,0.7934,B,35,9,9.6,0.35,115.5,10.6,0.221
1415,21.5,-0.6088,0.7934,C,40,14,14.52,0.4,132.0,10.16,0.277
1415,21.5,-0.6088,0.7934,D,54,18,16.99,0.54,178.2,9.26,0.363
1416,21.6,-0.5878,0.809,A,38,12,12.45,0.38,125.4,10.1,0.254
1416,21.6,-0.5878,0.809,B,38,13,12.37,0.38,125.4,10.1,0.258
1416,21.6,-0.5878,0.809,C,45,18,19.55,0.45,148.5,9.22,0.331
1416,21.6,-0.5878,0.809,D,56,24,21.72,0.56,184.8,8.56,0.408
1417,21.7,-0.5664,0.8241,A,37,11,14.3,0.37,122.1,9.81,0.253
1417,21.7,-0.5664,0.8241,B,43,16,17.4,0.43,141.9,10.22,0.307
1417,21.7,-0.5664,0.8241,C,48,15,17.57,0.48,158.4,9.5,0.327
1417,21.7,-0.5664,0.8241,D,55,23,20.65,0.55,181.5,8.99,0.397
1418,21.8,-0.5446,0.8387,A,32,10,10.75,0.32,105.6,10.74,0.215
1418,21.8,-0.5446,0.8387,B,45,17,16.61,0.45,148.5,8.99,0.317
1418,21.8,-0.5446,0.8387,C,53,20,18.63,0.53,174.9,9.15,0.371
1418,21.8,-0.5446,0.8387,D,55,23,20.72,0.55,181.5,8.18,0.397
1419,21.9,-0.5225,0.8526,A,37,10,11.74,0.37,122.1,10.26,0.241
1419,21.9,-0.5225,0.8526,B,32,9,11.54,0.32,105.6,11.12,0.214
1419,21.9,-0.5225,0.8526,C,41,12,12.22,0.41,135.3,9.01,0.267
1419,21.9,-0.5225,0.8526,D,55,25,25.19,0.55,181.5,8.72,0.419
1420,22.0,-0.5,0.866,A,33,7,9.64,0.33,108.9,10.06,0.205
1420,22.0,-0.5,0.866,B,45,15,17.52,0.45,148.5,10.38,0.313
1420,22.0,-0.5,0.866,C,52,21,19.98,0.52,171.6,8.29,0.374
1420,22.0,-0.5,0.866,D,55,21,19.72,0.55,181.5,8.49,0.387
1421,22.1,-0.4772,0.8788,A,29,6,9.47,0.29,95.7,11.62,0.183
1421,22.1,-0.4772,0.8788,B,36,10,10.45,0.36,118.8,11.46,0.232
1421,22.1,-0.4772,0.8788,C,50,21,20.61,0.5,165.0,8.82,0.367
1421,22.1,-0.4772,0.8788,D,46,15,15.3,0.46,151.8,9.59,0.31
1422,22.2,-0.454,0.891,A,26,3,7.18,0.26,85.8,12.65,0.151
1422,22.2,-0.454,0.891,B,42,13,15.72,0.42,138.6,9.14,0.287
1422,22.2,-0.454,0.891,C,38,12,11.32,0.38,125.4,10.6,0.251
1422,22.2,-0.454,0.891,D,45,15,15.84,0.45,148.5,9.27,0.308
1423,22.3,-0.4305,0.9026,A,30,11,11.83,0.3,99.0,9.99,0.213
1423,22.3,-0.4305,0.9026,B,40,17,15.81,0.4,132.0,10.67,0.292
1423,22.3,-0.4305,0.9026,C,51,22,22.78,0.51,168.3,8.79,0.382
1423,22.3,-0.4305,0.9026,D,50,16,17.31,0.5,165.0,9.21,0.339
1424,22.4,-0.4067,0.9135,A,29,6,9.49,0.29,95.7,11.38,0.183
1424,22.4,-0.4067,0.9135,B,43,15,15.83,0.43,141.9,10.05,0.299
1424,22.4,-0.4067,0.9135,C,38,14,16.51,0.38,125.4,10.1,0.275
1424,22.4,-0.4067,0.9135,D,52,21,21.46,0.52,171.6,8.56,0.379
1425,22.5,-0.3827,0.9239,A,32,7,8.97,0.32,105.6,9.64,0.198
1425,22.5,-0.3827,0.9239,B,38,10,9.88,0.38,125.4,10.59,0.239
1425,22.5,-0.3827,0.9239,C,50,16,17.23,0.5,165.0,8.97,0.338
1425,22.5,-0.3827,0.9239,D,52,22,21.16,0.52,171.6,9.41,0.382
1426,22.6,-0.3584,0.9336,A,31,5,5.27,0.31,102.3,10.54,0.175
1426,22.6,-0.3584,0.9336,B,45,16,17.84,0.45,148.5,9.14,0.318
1426,22.6,-0.3584,0.9336,C,50,15,16.92,0.5,165.0,10.15,0.334
1426,22.6,-0.3584,0.9336,D,58,24,23.84,0.58,191.4,8.95,0.424
1427,22.7,-0.3338,0.9426,A,34,9,9.59,0.34,112.2,10.28,0.216
1427,22.7,-0.3338,0.9426,B,36,9,10.04,0.36,118.8,11.0,0.227
1427,22.7,-0.3338,0.9426,C,43,15,13.8,0.43,141.9,9.81,0.292
1427,22.7,-0.3338,0.9426,D,41,13,15.33,0.41,135.3,9.41,0.281
1428,22.8,-0.309,0.9511,A,23,3,4.91,0.23,75.9,10.82,0.13
1428,22.8,-0.309,0.9511,B,35,6,9.65,0.35,115.5,9.68,0.211
1428,22.8,-0.309,0.9511,C,47,14,13.44,0.47,155.1,9.37,0.305
1428,22.8,-0.309,0.9511,D,55,20,19.37,0.55,181.5,9.53,0.382
1429,22.9,-0.284,0.9588,A,32,6,9.92,0.32,105.6,11.19,0.198
1429,22.9,-0.284,0.9588,B,36,8,9.65,0.36,118.8,9.62,0.222
1429,22.9,-0.284,0.9588,C,49,19,19.07,0.49,161.7,8.87,0.351
1429,22.9,-0.284,0.9588,D,52,17,17.68,0.52,171.6,8.17,0.352
1430,23.0,-0.2588,0.9659,A,38,12,14.07,0.38,125.4,10.57,0.26
1430,23.0,-0.2588,0.9659,B,34,10,11.61,0.34,112.2,10.32,0.227
1430,23.0,-0.2588,0.9659,C,53,19,17.3,0.53,174.9,9.01,0.363
1430,23.0,-0.2588,0.9659,D,46,15,14.79,0.46,151.8,9.94,0.309
1431,23.1,-0.2334,0.9724,A,65,31,29.03,0.65,214.5,7.6,0.498
1431,23.1,-0.2334,0.9724,B,67,36,32.48,0.67,221.1,7.14,0.536
1431,23.1,-0.2334,0.9724,C,43,14,16.44,0.43,141.9,9.4,0.297
1431,23.1,-0.2334,0.9724,D,55,21,21.62,0.55,181.5,8.76,0.393
1432,23.2,-0.2079,0.9781,A,57,25,25.92,0.57,188.1,8.06,0.43
1432,23.2,-0.2079,0.9781,B,58,27,26.09,0.58,191.4,8.64,0.442
1432,23.2,-0.2079,0.9781,C,44,15,14.65,0.44,145.2,9.87,0.299
1432,23.2,-0.2079,0.9781,D,53,20,20.78,0.53,174.9,8.29,0.378
1433,23.3,-0.1822,0.9833,A,57,20,20.86,0.57,188.1,8.26,0.396
1433,23.3,-0.1822,0.9833,B,68,32,29.05,0.68,224.4,7.8,0.515
1433,23.3,-0.1822,0.9833,C,42,11,10.49,0.42,138.6,10.26,0.262
1433,23.3,-0.1822,0.9833,D,46,14,14.05,0.46,151.8,9.52,0.303
1434,23.4,-0.1564,0.9877,A,46,17,17.12,0.46,151.8,9.06,0.324
1434,23.4,-0.1564,0.9877,B,60,27,26.89,0.6,198.0,6.9,0.454
1434,23.4,-0.1564,0.9877,C,45,15,15.24,0.45,148.5,10.18,0.306
1434,23.4,-0.1564,0.9877,D,49,16,15.63,0.49,161.7,8.94,0.329
1435,23.5,-0.1305,0.9914,A,52,19,19.06,0.52,171.6,8.88,0.364
1435,23.5,-0.1305,0.9914,B,70,35,33.59,0.7,231.0,6.7,0.549
1435,23.5,-0.1305,0.9914,C,39,11,14.09,0.39,128.7,9.26,0.261
1435,23.5,-0.1305,0.9914,D,55,20,18.53,0.55,181.5,9.27,0.379
1436,23.6,-0.1045,0.9945,A,58,22,19.91,0.58,191.4,7.81,0.404
1436,23.6,-0.1045,0.9945,B,59,26,26.4,0.59,194.7,7.64,0.445
1436,23.6,-0.1045,0.9945,C,49,20,21.67,0.49,161.7,8.22,0.363
1436,23.6,-0.1045,0.9945,D,47,13,12.65,0.47,155.1,9.12,0.299
1437,23.7,-0.0785,0.9969,A,58,24,22.97,0.58,191.4,7.75,0.422
1437,23.7,-0.0785,0.9969,B,58,27,27.23,0.58,191.4,7.78,0.446
1437,23.7,-0.0785,0.9969,C,37,12,12.44,0.37,122.1,10.17,0.25
1437,23.7,-0.0785,0.9969,D,52,18,20.19,0.52,171.6,9.81,0.364
1438,23.8,-0.0523,0.9986,A,53,21,21.73,0.53,174.9,8.05,0.384
1438,23.8,-0.0523,0.9986,B,62,29,25.77,0.62,204.6,8.78,0.466
1438,23.8,-0.0523,0.9986,C,50,21,19.43,0.5,165.0,9.53,0.363
1438,23.8,-0.0523,0.9986,D,44,14,15.38,0.44,145.2,9.09,0.298
1439,23.9,-0.0262,0.9997,A,47,15,16.99,0.47,155.1,9.23,0.321
1439,23.9,-0.0262,0.9997,B,61,24,22.47,0.61,201.3,7.68,0.433
1439,23.9,-0.0262,0.9997,C,43,14,16.02,0.43,141.9,9.11,0.296
1439,23.9,-0.0262,0.9997,D,57,19,17.66,0.57,188.1,9.23,0.382
1440,0.0,0.0,1.0,A,30,9,12.17,0.3,99.0,10.74,0.207
1440,0.0,0.0,1.0,B,35,10,11.61,0.35,115.5,10.57,0.231
1440,0.0,0.0,1.0,C,44,14,16.21,0.44,145.2,10.72,0.301
1440,0.0,0.0,1.0,D,51,15,14.64,0.51,168.3,8.42,0.331
1441,0.1,0.0262,0.9997,A,33,11,11.79,0.33,108.9,10.76,0.226
1441,0.1,0.0262,0.9997,B,34,4,7.71,0.34,112.2,10.89,0.193
1441,0.1,0.0262,0.9997,C,34,9,9.3,0.34,112.2,10.73,0.215
1441,0.1,0.0262,0.9997,D,58,25,23.95,0.58,191.4,7.89,0.428
1442,0.2,0.0523,0.9986,A,36,11,10.58,0.36,118.8,11.16,0.236
1442,0.2,0.0523,0.9986,B,39,17,19.05,0.39,128.7,10.05,0.298
1442,0.2,0.0523,0.9986,C,49,19,20.55,0.49,161.7,9.64,0.356
1442,0.2,0.0523,0.9986,D,54,20,21.05,0.54,178.2,8.76,0.383
1443,0.3,0.0785,0.9969,A,27,5,6.83,0.27,89.1,10.69,0.162
1443,0.3,0.0785,0.9969,B,32,7,7.03,0.32,105.6,10.35,0.192
1443,0.3,0.0785,0.9969,C,52,19,20.6,0.52,171.6,8.67,0.369
1443,0.3,0.0785,0.9969,D,58,22,19.92,0.58,191.4,8.75,0.404
1444,0.4,0.1045,0.9945,A,35,12,14.41,0.35,115.5,9.94,0.248
1444,0.4,0.1045,0.9945,B,39,12,14.43,0.39,128.7,10.59,0.266
1444,0.4,0.1045,0.9945,C,41,15,14.05,0.41,135.3,9.77,0.284
1444,0.4,0.1045,0.9945,D,45,17,15.97,0.45,148.5,8.95,0.315
1445,0.5,0.1305,0.9914,A,36,8,8.39,0.36,118.8,10.62,0.218
1445,0.5,0.1305,0.9914,B,34,11,12.26,0.34,112.2,11.26,0.232
1445,0.5,0.1305,0.9914,C,49,19,21.02,0.49,161.7,9.21,0.357
1445,0.5,0.1305,0.9914,D,53,22,20.18,0.53,174.9,9.6,0.383
1446,0.6,0.1564,0.9877,A,31,7,10.16,0.31,102.3,10.32,0.198
1446,0.6,0.1564,0.9877,B,46,15,17.47,0.46,151.8,8.08,0.318
1446,0.6,0.1564,0.9877,C,45,13,13.52,0.45,148.5,8.87,0.293
1446,0.6,0.1564,0.9877,D,52,17,18.0,0.52,171.6,8.98,0.353
1447,0.7,0.1822,0.9833,A,25,4,4.68,0.25,82.5,11.2,0.142
1447,0.7,0.1822,0.9833,B,36,14,15.9,0.36,118.8,10.38,0.264
1447,0.7,0.1822,0.9833,C,44,13,13.2,0.44,145.2,9.47,0.288
1447,0.7,0.1822,0.9833,D,48,19,20.68,0.48,158.4,8.51,0.351
1448,0.8,0.2079,0.9781,A,37,10,10.08,0.37,122.1,10.26,0.235
1448,0.8,0.2079,0.9781,B,37,12,15.15,0.37,122.1,9.36,0.259
1448,0.8,0.2079,0.9781,C,42,16,16.9,0.42,138.6,10.37,0.301
1448,0.8,0.2079,0.9781,D,54,22,22.38,0.54,178.2,9.44,0.395
1449,0.9,0.2334,0.9724,A,27,7,7.75,0.27,89.1,11.68,0.172
1449,0.9,0.2334,0.9724,B,39,12,12.06,0.39,128.7,10.06,0.258
1449,0.9,0.2334,0.9724,C,36,8,11.52,0.36,118.8,10.26,0.228
1449,0.9,0.2334,0.9724,D,44,15,17.18,0.44,145.2,8.92,0.308
1450,1.0,0.2588,0.9659,A,34,8,11.45,0.34,112.2,10.61,0.219
1450,1.0,0.2588,0.9659,B,37,9,11.05,0.37,122.1,10.01,0.235
1450,1.0,0.2588,0.9659,C,41,16,14.76,0.41,135.3,10.02,0.29
1450,1.0,0.2588,0.9659,D,54,21,18.96,0.54,178.2,7.75,0.38
1451,1.1,0.284,0.9588,A,31,4,6.47,0.31,102.3,11.19,0.175
1451,1.1,0.284,0.9588,B,34,11,11.44,0.34,112.2,9.73,0.23
1451,1.1,0.284,0.9588,C,38,10,12.03,0.38,125.4,10.04,0.246
1451,1.1,0.284,0.9588,D,52,19,17.88,0.52,171.6,8.59,0.36
1452,1.2,0.309,0.9511,A,22,8,10.42,0.22,72.6,11.76,0.162
1452,1.2,0.309,0.9511,B,40,13,15.74,0.4,132.0,10.38,0.278
1452,1.2,0.309,0.9511,C,47,15,17.37,0.47,155.1,8.52,0.322
1452,1.2,0.309,0.9511,D,48,17,16.97,0.48,158.4,9.46,0.332
1453,1.3,0.3338,0.9426,A,27,8,8.51,0.27,89.1,12.39,0.178
1453,1.3,0.3338,0.9426,B,44,14,16.16,0.44,145.2,10.25,0.301
1453,1.3,0.3338,0.9426,C,48,13,12.88,0.48,158.4,9.73,0.304
1453,1.3,0.3338,0.9426,D,51,20,19.13,0.51,168.3,8.64,0.363
1454,1.4,0.3584,0.9336,A,26,8,10.42,0.26,85.8,10.85,0.18
1454,1.4,0.3584,0.9336,B,43,9,12.44,0.43,141.9,9.38,0.266
1454,1.4,0.3584,0.9336,C,40,11,11.81,0.4,132.0,10.61,0.258
1454,1.4,0.3584,0.9336,D,57,23,23.54,0.57,188.1,7.45,0.415
1455,1.5,0.3827,0.9239,A,28,8,9.58,0.28,92.4,11.02,0.186
1455,1.5,0.3827,0.9239,B,40,14,16.11,0.4,132.0,9.97,0.283
1455,1.5,0.3827,0.9239,C,41,10,10.91,0.41,135.3,9.85,0.256
1455,1.5,0.3827,0.9239,D,59,28,27.23,0.59,194.7,7.49,0.454
1456,1.6,0.4067,0.9135,A,33,9,8.74,0.33,108.9,10.33,0.209
1456,1.6,0.4067,0.9135,B,44,16,14.64,0.44,145.2,10.2,0.303
1456,1.6,0.4067,0.9135,C,41,11,11.02,0.41,135.3,9.44,0.26
1456,1.6,0.4067,0.9135,D,56,19,19.47,0.56,184.8,8.36,0.383
1457,1.7,0.4305,0.9026,A,25,8,10.21,0.25,82.5,10.95,0.175
1457,1.7,0.4305,0.9026,B,42,13,12.96,0.42,138.6,9.28,0.278
1457,1.7,0.4305,0.9026,C,45,13,14.41,0.45,148.5,9.05,0.296
1457,1.7,0.4305,0.9026,D,56,26,25.2,0.56,184.8,8.44,0.427
1458,1.8,0.454,0.891,A,29,6,6.45,0.29,95.7,10.37,0.173
1458,1.8,0.454,0.891,B,41,10,12.64,0.41,135.3,10.2,0.262
1458,1.8,0.454,0.891,C,47,18,16.57,0.47,155.1,9.53,0.33
1458,1.8,0.454,0.891,D,50,15,14.64,0.5,165.0,9.19,0.326
1459,1.9,0.4772,0.8788,A,21,7,7.51,0.21,69.3,10.69,0.144
1459,1.9,0.4772,0.8788,B,40,11,12.83,0.4,132.0,10.14,0.261
1459,1.9,0.4772,0.8788,C,35,7,7.88,0.35,115.5,11.08,0.208
1459,1.9,0.4772,0.8788,D,47,16,16.19,0.47,155.1,9.63,0.321
1460,2.0,0.5,0.866,A,31,8,10.53,0.31,102.3,10.46,0.203
1460,2.0,0.5,0.866,B,45,16,15.73,0.45,148.5,9.9,0.311
1460,2.0,0.5,0.866,C,38,15,13.78,0.38,125.4,10.06,0.269
1460,2.0,0.5,0.866,D,53,16,15.97,0.53,174.9,8.79,0.348
1461,2.1,0.5225,0.8526,A,30,8,9.43,0.3,99.0,11.18,0.194
1461,2.1,0.5225,0.8526,B,32,8,8.0,0.32,105.6,10.64,0.199
1461,2.1,0.5225,0.8526,C,44,14,14.61,0.44,145.2,9.88,0.296
1461,2.1,0.5225,0.8526,D,49,17,19.3,0.49,161.7,9.16,0.344
1462,2.2,0.5446,0.8387,A,27,3,4.69,0.27,89.1,11.2,0.148
1462,2.2,0.5446,0.8387,B,45,13,12.6,0.45,148.5,9.9,0.29
1462,2.2,0.5446,0.8387,C,51,19,18.27,0.51,168.3,9.31,0.357
1462,2.2,0.5446,0.8387,D,50,19,20.97,0.5,165.0,8.5,0.361
1463,2.3,0.5664,0.8241,A,26,5,9.05,0.26,85.8,11.82,0.165
1463,2.3,0.5664,0.8241,B,39,10,9.54,0.39,128.7,9.8,0.242
1463,2.3,0.5664,0.8241,C,48,16,18.21,0.48,158.4,9.08,0.333
1463,2.3,0.5664,0.8241,D,50,21,21.3,0.5,165.0,8.8,0.369
1464,2.4,0.5878,0.809,A,41,13,12.43,0.41,135.3,10.02,0.271
1464,2.4,0.5878,0.809,B,37,11,11.53,0.37,122.1,9.85,0.243
1464,2.4,0.5878,0.809,C,55,24,23.71,0.55,181.5,8.37,0.411
1464,2.4,0.5878,0.809,D,57,23,23.71,0.57,188.1,8.35,0.416
1465,2.5,0.6088,0.7934,A,33,8,8.86,0.33,108.9,10.65,0.206
1465,2.5,0.6088,0.7934,B,37,8,9.88,0.37,122.1,10.32,0.227
1465,2.5,0.6088,0.7934,C,44,12,13.59,0.44,145.2,9.53,0.285
1465,2.5,0.6088,0.7934,D,49,15,16.17,0.49,161.7,8.72,0.327
1466,2.6,0.6293,0.7771,A,38,14,13.54,0.38,125.4,9.73,0.265
1466,2.6,0.6293,0.7771,B,34,5,6.57,0.34,112.2,11.64,0.192
1466,2.6,0.6293,0.7771,C,44,15,17.65,0.44,145.2,9.75,0.309
1466,2.6,0.6293,0.7771,D,50,20,18.3,0.5,165.0,8.85,0.356
1467,2.7,0.6494,0.7604,A,23,3,7.52,0.23,75.9,11.95,0.139
1467,2.7,0.6494,0.7604,B,47,16,18.56,0.47,155.1,9.17,0.329
1467,2.7,0.6494,0.7604,C,40,12,12.06,0.4,132.0,10.03,0.262
1467,2.7,0.6494,0.7604,D,44,13,12.72,0.44,145.2,8.6,0.286
1468,2.8,0.6691,0.7431,A,27,6,9.66,0.27,89.1,11.57,0.175
1468,2.8,0.6691,0.7431,B,34,8,8.97,0.34,112.2,9.5,0.211
1468,2.8,0.6691,0.7431,C,48,18,17.45,0.48,158.4,9.61,0.337
1468,2.8,0.6691,0.7431,D,47,17,15.83,0.47,155.1,8.74,0.324
1469,2.9,0.6884,0.7254,A,31,13,12.51,0.31,102.3,10.51,0.227
1469,2.9,0.6884,0.7254,B,46,14,14.87,0.46,151.8,8.81,0.306
1469,2.9,0.6884,0.7254,C,41,13,15.34,0.41,135.3,10.35,0.281
1469,2.9,0.6884,0.7254,D,44,16,17.49,0.44,145.2,9.15,0.312
1470,3.0,0.7071,0.7071,A,22,5,6.26,0.22,72.6,11.23,0.137
1470,3.0,0.7071,0.7071,B,35,12,14.52,0.35,115.5,9.92,0.248
1470,3.0,0.7071,0.7071,C,39,10,12.83,0.39,128.7,9.99,0.253
1470,3.0,0.7071,0.7071,D,56,26,24.61,0.56,184.8,9.29,0.425
1471,3.1,0.7254,0.6884,A,28,10,12.21,0.28,92.4,10.33,0.202
1471,3.1,0.7254,0.6884,B,38,14,16.8,0.38,125.4,10.52,0.276
1471,3.1,0.7254,0.6884,C,42,13,16.0,0.42,138.6,10.07,0.288
1471,3.1,0.7254,0.6884,D,53,20,18.54,0.53,174.9,8.36,0.37
1472,3.2,0.7431,0.6691,A,23,5,5.76,0.23,75.9,11.74,0.14
1472,3.2,0.7431,0.6691,B,49,15,15.36,0.49,161.7,9.67,0.324
1472,3.2,0.7431,0.6691,C,45,14,14.59,0.45,148.5,9.62,0.3
1472,3.2,0.7431,0.6691,D,55,19,20.77,0.55,181.5,8.22,0.383
1473,3.3,0.7604,0.6494,A,30,9,10.78,0.3,99.0,11.22,0.202
1473,3.3,0.7604,0.6494,B,35,8,8.57,0.35,115.5,10.1,0.214
1473,3.3,0.7604,0.6494,C,52,22,23.52,0.52,171.6,8.93,0.389
1473,3.3,0.7604,0.6494,D,63,27,25.77,0.63,207.9,7.74,0.464
1474,3.4,0.7771,0.6293,A,25,4,5.29,0.25,82.5,10.86,0.144
1474,3.4,0.7771,0.6293,B,31,8,11.72,0.31,102.3,11.22,0.207
1474,3.4,0.7771,0.6293,C,47,16,17.03,0.47,155.1,9.65,0.324
1474,3.4,0.7771,0.6293,D,47,15,14.66,0.47,155.1,8.76,0.313
1475,3.5,0.7934,0.6088,A,28,8,8.15,0.28,92.4,11.22,0.181
1475,3.5,0.7934,0.6088,B,33,9,10.9,0.33,108.9,10.22,0.216
1475,3.5,0.7934,0.6088,C,40,10,11.2,0.4,132.0,10.27,0.252
1475,3.5,0.7934,0.6088,D,51,20,18.45,0.51,168.3,9.13,0.361
1476,3.6,0.809,0.5878,A,28,3,4.74,0.28,92.4,10.93,0.152
1476,3.6,0.809,0.5878,B,34,12,12.65,0.34,112.2,10.73,0.237
1476,3.6,0.809,0.5878,C,43,10,12.08,0.43,141.9,9.3,0.269
1476,3.6,0.809,0.5878,D,57,20,20.87,0.57,188.1,9.04,0.396
1477,3.7,0.8241,0.5664,A,27,5,6.95,0.27,89.1,11.35,0.162
1477,3.7,0.8241,0.5664,B,41,8,10.2,0.41,135.3,9.32,0.247
1477,3.7,0.8241,0.5664,C,46,16,17.28,0.46,151.8,9.64,0.321
1477,3.7,0.8241,0.5664,D,53,22,23.39,0.53,174.9,8.54,0.393
1478,3.8,0.8387,0.5446,A,38,11,11.86,0.38,125.4,10.33,0.249
1478,3.8,0.8387,0.5446,B,32,8,11.29,0.32,105.6,10.08,0.21
1478,3.8,0.8387,0.5446,C,37,13,13.72,0.37,122.1,9.89,0.258
1478,3.8,0.8387,0.5446,D,51,18,20.19,0.51,168.3,8.21,0.36
1479,3.9,0.8526,0.5225,A,38,11,13.14,0.38,125.4,10.06,0.253
1479,3.9,0.8526,0.5225,B,44,14,15.49,0.44,145.2,8.95,0.299
1479,3.9,0.8526,0.5225,C,42,14,13.16,0.42,138.6,10.3,0.282
1479,3.9,0.8526,0.5225,D,49,15,15.62,0.49,161.7,8.94,0.325
1480,4.0,0.866,0.5,A,23,9,12.33,0.23,75.9,12.12,0.176
1480,4.0,0.866,0.5,B,32,8,10.76,0.32,105.6,10.32,0.208
1480,4.0,0.866,0.5,C,47,13,12.66,0.47,155.1,9.34,0.299
1480,4.0,0.866,0.5,D,48,15,17.42,0.48,158.4,9.38,0.327
1481,4.1,0.8788,0.4772,A,28,6,6.91,0.28,92.4,11.15,0.17
1481,4.1,0.8788,0.4772,B,44,15,15.23,0.44,145.2,9.54,0.301
1481,4.1,0.8788,0.4772,C,43,12,12.16,0.43,141.9,8.77,0.276
1481,4.1,0.8788,0.4772,D,52,24,24.51,0.52,171.6,8.93,0.4
1482,4.2,0.891,0.454,A,26,7,7.41,0.26,85.8,10.66,0.166
1482,4.2,0.891,0.454,B,38,11,11.66,0.38,125.4,9.76,0.248
1482,4.2,0.891,0.454,C,41,15,17.66,0.41,135.3,11.32,0.296
1482,4.2,0.891,0.454,D,54,21,20.78,0.54,178.2,9.6,0.386
1483,4.3,0.9026,0.4305,A,24,4,8.18,0.24,79.2,11.33,0.149
1483,4.3,0.9026,0.4305,B,37,11,12.7,0.37,122.1,10.18,0.247
1483,4.3,0.9026,0.4305,C,48,18,19.59,0.48,158.4,8.57,0.344
1483,4.3,0.9026,0.4305,D,54,21,20.32,0.54,178.2,8.07,0.384
1484,4.4,0.9135,0.4067,A,30,13,14.46,0.3,99.0,10.54,0.229
1484,4.4,0.9135,0.4067,B,41,14,16.83,0.41,135.3,10.92,0.29
1484,4.4,0.9135,0.4067,C,44,17,17.92,0.44,145.2,9.47,0.317
1484,4.4,0.9135,0.4067,D,49,19,19.09,0.49,161.7,9.83,0.351
1485,4.5,0.9239,0.3827,A,32,7,8.04,0.32,105.6,10.98,0.195
1485,4.5,0.9239,0.3827,B,43,13,12.98,0.43,141.9,9.64,0.282
1485,4.5,0.9239,0.3827,C,41,18,18.89,0.41,135.3,10.97,0.31
1485,4.5,0.9239,0.3827,D,51,21,21.66,0.51,168.3,8.68,0.375
1486,4.6,0.9336,0.3584,A,35,9,10.6,0.35,115.5,10.86,0.224
1486,4.6,0.9336,0.3584,B,40,13,12.62,0.4,132.0,10.54,0.268
1486,4.6,0.9336,0.3584,C,45,14,16.32,0.45,148.5,9.72,0.306
1486,4.6,0.9336,0.3584,D,60,26,26.32,0.6,198.0,7.8,0.449
1487,4.7,0.9426,0.3338,A,33,8,8.75,0.33,108.9,10.53,0.206
1487,4.7,0.9426,0.3338,B,44,15,15.67,0.44,145.2,10.32,0.303
1487,4.7,0.9426,0.3338,C,45,18,19.51,0.45,148.5,9.64,0.331
1487,4.7,0.9426,0.3338,D,51,20,18.9,0.51,168.3,9.08,0.362
1488,4.8,0.9511,0.309,A,25,10,11.03,0.25,82.5,11.7,0.184
1488,4.8,0.9511,0.309,B,42,15,14.07,0.42,138.6,9.6,0.288
1488,4.8,0.9511,0.309,C,51,19,20.51,0.51,168.3,9.61,0.364
1488,4.8,0.9511,0.309,D,51,21,20.97,0.51,168.3,8.8,0.373
1489,4.9,0.9588,0.284,A,31,8,10.16,0.31,102.3,11.95,0.201
1489,4.9,0.9588,0.284,B,44,15,16.89,0.44,145.2,9.72,0.307
1489,4.9,0.9588,0.284,C,50,17,15.94,0.5,165.0,9.47,0.338
1489,4.9,0.9588,0.284,D,56,23,21.79,0.56,184.8,9.16,0.405
1490,5.0,0.9659,0.2588,A,34,9,9.46,0.34,112.2,10.18,0.216
1490,5.0,0.9659,0.2588,B,40,14,14.11,0.4,132.0,9.62,0.276
1490,5.0,0.9659,0.2588,C,48,17,17.52,0.48,158.4,9.29,0.334
1490,5.0,0.9659,0.2588,D,50,15,16.32,0.5,165.0,8.13,0.332
1491,5.1,0.9724,0.2334,A,28,8,9.8,0.28,92.4,11.02,0.187
1491,5.1,0.9724,0.2334,B,47,15,14.6,0.47,155.1,8.86,0.313
1491,5.1,0.9724,0.2334,C,47,14,15.06,0.47,155.1,9.4,0.311
1491,5.1,0.9724,0.2334,D,54,20,18.09,0.54,178.2,9.01,0.373
1492,5.2,0.9781,0.2079,A,34,6,6.81,0.34,112.2,10.82,0.197
1492,5.2,0.9781,0.2079,B,44,16,15.48,0.44,145.2,9.89,0.306
1492,5.2,0.9781,0.2079,C,46,18,18.97,0.46,151.8,9.6,0.333
1492,5.2,0.9781,0.2079,D,55,18,19.53,0.55,181.5,8.25,0.376
1493,5.3,0.9833,0.1822,A,26,0,3.87,0.26,85.8,10.66,0.13
1493,5.3,0.9833,0.1822,B,36,12,11.26,0.36,118.8,10.74,0.242
1493,5.3,0.9833,0.1822,C,49,17,16.86,0.49,161.7,9.62,0.336
1493,5.3,0.9833,0.1822,D,53,19,19.4,0.53,174.9,8.97,0.37
1494,5.4,0.9877,0.1564,A,35,5,7.73,0.35,115.5,10.46,0.201
1494,5.4,0.9877,0.1564,B,43,14,14.48,0.43,141.9,9.34,0.291
1494,5.4,0.9877,0.1564,C,44,15,17.74,0.44,145.2,8.93,0.31
1494,5.4,0.9877,0.1564,D,58,21,20.83,0.58,191.4,8.58,0.404
1495,5.5,0.9914,0.1305,A,22,3,6.73,0.22,72.6,11.83,0.132
1495,5.5,0.9914,0.1305,B,43,12,11.92,0.43,141.9,10.25,0.275
1495,5.5,0.9914,0.1305,C,49,15,15.98,0.49,161.7,8.98,0.326
1495,5.5,0.9914,0.1305,D,59,24,24.75,0.59,194.7,7.9,0.432
1496,5.6,0.9945,0.1045,A,30,9,12.14,0.3,99.0,11.28,0.207
1496,5.6,0.9945,0.1045,B,49,18,18.31,0.49,161.7,9.64,0.345
1496,5.6,0.9945,0.1045,C,49,16,16.83,0.49,161.7,9.23,0.333
1496,5.6,0.9945,0.1045,D,68,33,31.83,0.68,224.4,7.6,0.528
1497,5.7,0.9969,0.0785,A,43,16,17.18,0.43,141.9,9.45,0.307
1497,5.7,0.9969,0.0785,B,45,10,10.94,0.45,148.5,8.98,0.274
1497,5.7,0.9969,0.0785,C,59,27,27.57,0.59,194.7,8.77,0.452
1497,5.7,0.9969,0.0785,D,56,23,23.54,0.56,184.8,8.61,0.411
1498,5.8,0.9986,0.0523,A,42,10,10.76,0.42,138.6,8.72,0.26
1498,5.8,0.9986,0.0523,B,44,14,15.21,0.44,145.2,9.71,0.298
1498,5.8,0.9986,0.0523,C,64,27,26.21,0.64,211.2,8.01,0.47
1498,5.8,0.9986,0.0523,D,64,27,25.96,0.64,211.2,7.45,0.469
1499,5.9,0.9997,0.0262,A,38,11,11.52,0.38,125.4,10.23,0.248
1499,5.9,0.9997,0.0262,B,56,20,21.31,0.56,184.8,8.71,0.393
1499,5.9,0.9997,0.0262,C,59,29,29.31,0.59,194.7,7.46,0.465
1499,5.9,0.9997,0.0262,D,68,35,32.09,0.68,224.4,8.2,0.535
